trade_date,stock_code,stock_name,exchange,status,industry_name,classification,classification_update_date,source
2026-09-30,000001,平安银行,XSHE,active,J66货币金融服务,证监会行业分类,2026-09-28,baostock
2026-09-30,000002,万科A,XSHE,active,K70房地产业,证监会行业分类,2026-09-28,baostock
2026-09-30,000006,深振业A,XSHE,active,K70房地产业,证监会行业分类,2026-09-28,baostock
2026-09-30,000007,全新好,XSHE,active,K70房地产业,证监会行业分类,2026-09-28,baostock
2026-09-30,000008,神州高铁,XSHE,active,C37铁路、船舶、航空航天和其他运输设备制造业,证监会行业分类,2026-09-28,baostock
2026-09-30,000009,中国宝安,XSHE,active,J69其他金融业,证监会行业分类,2026-09-28,baostock
2026-09-30,000010,*ST美丽,XSHE,active,E48土木工程建筑业,证监会行业分类,2026-09-28,baostock
2026-09-30,000011,深物业A,XSHE,active,K70房地产业,证监会行业分类,2026-09-28,baostock
2026-09-30,000012,南玻A,XSHE,active,C30非金属矿物制品业,证监会行业分类,2026-09-28,baostock
2026-09-30,000014,沙河股份,XSHE,active,K70房地产业,证监会行业分类,2026-09-28,baostock
2026-09-30,000016,*ST康佳A,XSHE,suspended,C39计算机、通信和其他电子设备制造业,证监会行业分类,2026-09-28,baostock
2026-09-30,000017,深中华A,XSHE,active,C24文教、工美、体育和娱乐用品制造业,证监会行业分类,2026-09-28,baostock
2026-09-30,000019,深粮控股,XSHE,active,F51批发业,证监会行业分类,2026-09-28,baostock
2026-09-30,000020,深华发A,XSHE,active,C39计算机、通信和其他电子设备制造业,证监会行业分类,2026-09-28,baostock
2026-09-30,000021,深科技,XSHE,active,C39计算机、通信和其他电子设备制造业,证监会行业分类,2026-09-28,baostock
2026-09-30,000025,特力A,XSHE,active,F51批发业,证监会行业分类,2026-09-28,baostock
2026-09-30,000026,飞亚达,XSHE,active,F52零售业,证监会行业分类,2026-09-28,baostock
2026-09-30,000027,深圳能源,XSHE,active,D44电力、热力生产和供应业,证监会行业分类,2026-09-28,baostock
2026-09-30,000028,国药一致,XSHE,active,F51批发业,证监会行业分类,2026-09-28,baostock
2026-09-30,000029,深深房A,XSHE,active,K70房地产业,证监会行业分类,2026-09-28,baostock
2026-09-30,000030,富奥股份,XSHE,active,C36汽车制造业,证监会行业分类,2026-09-28,baostock
2026-09-30,000031,大悦城,XSHE,active,K70房地产业,证监会行业分类,2026-09-28,baostock
2026-09-30,000032,深桑达A,XSHE,active,E49建筑安装业,证监会行业分类,2026-09-28,baostock
2026-09-30,000034,神州数码,XSHE,active,F51批发业,证监会行业分类,2026-09-28,baostock
2026-09-30,000035,中国天楹,XSHE,active,N77生态保护和环境治理业,证监会行业分类,2026-09-28,baostock
2026-09-30,000036,华联控股,XSHE,active,K70房地产业,证监会行业分类,2026-09-28,baostock
2026-09-30,000037,深南电A,XSHE,active,D44电力、热力生产和供应业,证监会行业分类,2026-09-28,baostock
2026-09-30,000039,中集集团,XSHE,active,C33金属制品业,证监会行业分类,2026-09-28,baostock
2026-09-30,000042,中洲控股,XSHE,active,K70房地产业,证监会行业分类,2026-09-28,baostock
2026-09-30,000045,深纺织A,XSHE,active,C39计算机、通信和其他电子设备制造业,证监会行业分类,2026-09-28,baostock
2026-09-30,000048,京基智农,XSHE,active,A03畜牧业,证监会行业分类,2026-09-28,baostock
2026-09-30,000049,德赛电池,XSHE,active,C38电气机械和器材制造业,证监会行业分类,2026-09-28,baostock
2026-09-30,000050,深天马A,XSHE,active,C39计算机、通信和其他电子设备制造业,证监会行业分类,2026-09-28,baostock
2026-09-30,000055,方大集团,XSHE,active,C33金属制品业,证监会行业分类,2026-09-28,baostock
2026-09-30,000056,*ST皇庭,XSHE,active,L72商务服务业,证监会行业分类,2026-09-28,baostock
2026-09-30,000058,深赛格,XSHE,active,L72商务服务业,证监会行业分类,2026-09-28,baostock
2026-09-30,000059,华锦股份,XSHE,active,C25石油、煤炭及其他燃料加工业,证监会行业分类,2026-09-28,baostock
2026-09-30,000060,中金岭南,XSHE,active,C32有色金属冶炼和压延加工业,证监会行业分类,2026-09-28,baostock
2026-09-30,000061,农产品,XSHE,active,L72商务服务业,证监会行业分类,2026-09-28,baostock
2026-09-30,000062,深圳华强,XSHE,active,F51批发业,证监会行业分类,2026-09-28,baostock
2026-09-30,000063,中兴通讯,XSHE,active,C39计算机、通信和其他电子设备制造业,证监会行业分类,2026-09-28,baostock
2026-09-30,000065,北方国际,XSHE,active,F51批发业,证监会行业分类,2026-09-28,baostock
2026-09-30,000066,中国长城,XSHE,active,C39计算机、通信和其他电子设备制造业,证监会行业分类,2026-09-28,baostock
2026-09-30,000068,华控赛格,XSHE,active,F51批发业,证监会行业分类,2026-09-28,baostock
2026-09-30,000069,华侨城A,XSHE,active,K70房地产业,证监会行业分类,2026-09-28,baostock
2026-09-30,000070,特发信息,XSHE,active,C39计算机、通信和其他电子设备制造业,证监会行业分类,2026-09-28,baostock
2026-09-30,000078,ST海王,XSHE,active,F51批发业,证监会行业分类,2026-09-28,baostock
2026-09-30,000088,盐田港,XSHE,active,G55水上运输业,证监会行业分类,2026-09-28,baostock
2026-09-30,000089,深圳机场,XSHE,active,G56航空运输业,证监会行业分类,2026-09-28,baostock
2026-09-30,000090,天健集团,XSHE,active,E48土木工程建筑业,证监会行业分类,2026-09-28,baostock
2026-09-30,000096,广聚能源,XSHE,active,F51批发业,证监会行业分类,2026-09-28,baostock
2026-09-30,000099,中信海直,XSHE,active,G56航空运输业,证监会行业分类,2026-09-28,baostock
2026-09-30,000100,TCL科技,XSHE,active,C39计算机、通信和其他电子设备制造业,证监会行业分类,2026-09-28,baostock
2026-09-30,000151,中成股份,XSHE,active,F51批发业,证监会行业分类,2026-09-28,baostock
2026-09-30,000153,丰原药业,XSHE,active,C27医药制造业,证监会行业分类,2026-09-28,baostock
2026-09-30,000155,川能动力,XSHE,active,D44电力、热力生产和供应业,证监会行业分类,2026-09-28,baostock
2026-09-30,000156,华数传媒,XSHE,active,I63电信、广播电视和卫星传输服务,证监会行业分类,2026-09-28,baostock
2026-09-30,000157,中联重科,XSHE,active,C35专用设备制造业,证监会行业分类,2026-09-28,baostock
2026-09-30,000158,常山北明,XSHE,active,I65软件和信息技术服务业,证监会行业分类,2026-09-28,baostock
2026-09-30,000159,国际实业,XSHE,active,F51批发业,证监会行业分类,2026-09-28,baostock
2026-09-30,000166,申万宏源,XSHE,active,J67资本市场服务,证监会行业分类,2026-09-28,baostock
2026-09-30,000301,东方盛虹,XSHE,active,C26化学原料和化学制品制造业,证监会行业分类,2026-09-28,baostock
2026-09-30,000333,美的集团,XSHE,active,C38电气机械和器材制造业,证监会行业分类,2026-09-28,baostock
2026-09-30,000338,潍柴动力,XSHE,active,C36汽车制造业,证监会行业分类,2026-09-28,baostock
2026-09-30,000400,许继电气,XSHE,active,C38电气机械和器材制造业,证监会行业分类,2026-09-28,baostock
2026-09-30,000401,金隅冀东,XSHE,active,C30非金属矿物制品业,证监会行业分类,2026-09-28,baostock
2026-09-30,000402,金融街,XSHE,active,K70房地产业,证监会行业分类,2026-09-28,baostock
2026-09-30,000403,派林生物,XSHE,active,C27医药制造业,证监会行业分类,2026-09-28,baostock
2026-09-30,000404,长虹华意,XSHE,active,C34通用设备制造业,证监会行业分类,2026-09-28,baostock
2026-09-30,000407,胜利股份,XSHE,active,D45燃气生产和供应业,证监会行业分类,2026-09-28,baostock
2026-09-30,000408,藏格矿业,XSHE,active,C26化学原料和化学制品制造业,证监会行业分类,2026-09-28,baostock
2026-09-30,000409,云鼎科技,XSHE,active,I65软件和信息技术服务业,证监会行业分类,2026-09-28,baostock
2026-09-30,000410,沈阳机床,XSHE,active,C34通用设备制造业,证监会行业分类,2026-09-28,baostock
2026-09-30,000411,英特集团,XSHE,active,F51批发业,证监会行业分类,2026-09-28,baostock
2026-09-30,000415,渤海租赁,XSHE,active,L71租赁业,证监会行业分类,2026-09-28,baostock
2026-09-30,000417,合百集团,XSHE,active,F52零售业,证监会行业分类,2026-09-28,baostock
2026-09-30,000419,通程控股,XSHE,active,F52零售业,证监会行业分类,2026-09-28,baostock
2026-09-30,000420,吉林化纤,XSHE,active,C28化学纤维制造业,证监会行业分类,2026-09-28,baostock
2026-09-30,000421,南京公用,XSHE,active,D45燃气生产和供应业,证监会行业分类,2026-09-28,baostock
2026-09-30,000422,湖北宜化,XSHE,active,C26化学原料和化学制品制造业,证监会行业分类,2026-09-28,baostock
2026-09-30,000423,东阿阿胶,XSHE,active,C27医药制造业,证监会行业分类,2026-09-28,baostock
2026-09-30,000425,徐工机械,XSHE,active,C35专用设备制造业,证监会行业分类,2026-09-28,baostock
2026-09-30,000426,兴业银锡,XSHE,active,B09有色金属矿采选业,证监会行业分类,2026-09-28,baostock
2026-09-30,000428,华天酒店,XSHE,active,H61住宿业,证监会行业分类,2026-09-28,baostock
2026-09-30,000429,粤高速A,XSHE,active,G54道路运输业,证监会行业分类,2026-09-28,baostock
2026-09-30,000430,张家界,XSHE,active,N78公共设施管理业,证监会行业分类,2026-09-28,baostock
2026-09-30,000488,ST晨鸣,XSHE,active,C22造纸和纸制品业,证监会行业分类,2026-09-28,baostock
2026-09-30,000498,山东路桥,XSHE,active,E48土木工程建筑业,证监会行业分类,2026-09-28,baostock
2026-09-30,000501,武商集团,XSHE,active,F52零售业,证监会行业分类,2026-09-28,baostock
2026-09-30,000503,国新健康,XSHE,active,I64互联网和相关服务,证监会行业分类,2026-09-28,baostock
2026-09-30,000504,南华生物,XSHE,active,M75科技推广和应用服务业,证监会行业分类,2026-09-28,baostock
2026-09-30,000505,京粮控股,XSHE,active,C13农副食品加工业,证监会行业分类,2026-09-28,baostock
2026-09-30,000506,招金黄金,XSHE,active,B09有色金属矿采选业,证监会行业分类,2026-09-28,baostock
2026-09-30,000507,珠海港,XSHE,active,G55水上运输业,证监会行业分类,2026-09-28,baostock
2026-09-30,000509,华塑控股,XSHE,active,C39计算机、通信和其他电子设备制造业,证监会行业分类,2026-09-28,baostock
2026-09-30,000510,新金路,XSHE,active,C26化学原料和化学制品制造业,证监会行业分类,2026-09-28,baostock
2026-09-30,000513,丽珠集团,XSHE,active,C27医药制造业,证监会行业分类,2026-09-28,baostock
2026-09-30,000514,渝开发,XSHE,active,K70房地产业,证监会行业分类,2026-09-28,baostock
2026-09-30,000516,国际医学,XSHE,active,Q84卫生,证监会行业分类,2026-09-28,baostock
2026-09-30,000517,荣安地产,XSHE,active,K70房地产业,证监会行业分类,2026-09-28,baostock
2026-09-30,000518,四环生物,XSHE,active,C27医药制造业,证监会行业分类,2026-09-28,baostock
2026-09-30,000519,中兵红箭,XSHE,active,C35专用设备制造业,证监会行业分类,2026-09-28,baostock
2026-09-30,000520,凤凰航运,XSHE,active,G55水上运输业,证监会行业分类,2026-09-28,baostock
2026-09-30,000521,长虹美菱,XSHE,active,C38电气机械和器材制造业,证监会行业分类,2026-09-28,baostock
2026-09-30,000523,红棉股份,XSHE,active,C13农副食品加工业,证监会行业分类,2026-09-28,baostock
2026-09-30,000524,岭南控股,XSHE,active,L72商务服务业,证监会行业分类,2026-09-28,baostock
2026-09-30,000525,红太阳,XSHE,active,C26化学原料和化学制品制造业,证监会行业分类,2026-09-28,baostock
2026-09-30,000526,学大教育,XSHE,active,P83教育,证监会行业分类,2026-09-28,baostock
2026-09-30,000528,柳工,XSHE,active,C35专用设备制造业,证监会行业分类,2026-09-28,baostock
2026-09-30,000529,广弘控股,XSHE,active,C13农副食品加工业,证监会行业分类,2026-09-28,baostock
2026-09-30,000530,冰山冷热,XSHE,active,C34通用设备制造业,证监会行业分类,2026-09-28,baostock
2026-09-30,000531,穗恒运A,XSHE,active,D44电力、热力生产和供应业,证监会行业分类,2026-09-28,baostock
2026-09-30,000532,华金资本,XSHE,active,S91综合,证监会行业分类,2026-09-28,baostock
2026-09-30,000533,顺钠股份,XSHE,active,C38电气机械和器材制造业,证监会行业分类,2026-09-28,baostock
2026-09-30,000534,万泽股份,XSHE,active,C27医药制造业,证监会行业分类,2026-09-28,baostock
2026-09-30,000536,华映科技,XSHE,active,C39计算机、通信和其他电子设备制造业,证监会行业分类,2026-09-28,baostock
2026-09-30,000537,绿发电力,XSHE,active,D44电力、热力生产和供应业,证监会行业分类,2026-09-28,baostock
2026-09-30,000538,云南白药,XSHE,active,C27医药制造业,证监会行业分类,2026-09-28,baostock
2026-09-30,000539,粤电力A,XSHE,active,D44电力、热力生产和供应业,证监会行业分类,2026-09-28,baostock
2026-09-30,000541,佛山照明,XSHE,active,C38电气机械和器材制造业,证监会行业分类,2026-09-28,baostock
2026-09-30,000543,皖能电力,XSHE,active,D44电力、热力生产和供应业,证监会行业分类,2026-09-28,baostock
2026-09-30,000544,中原环保,XSHE,active,D46水的生产和供应业,证监会行业分类,2026-09-28,baostock
2026-09-30,000545,金浦钛业,XSHE,active,C26化学原料和化学制品制造业,证监会行业分类,2026-09-28,baostock
2026-09-30,000546,金圆股份,XSHE,active,C42废弃资源综合利用业,证监会行业分类,2026-09-28,baostock
2026-09-30,000547,航天发展,XSHE,active,C39计算机、通信和其他电子设备制造业,证监会行业分类,2026-09-28,baostock
2026-09-30,000548,湖南投资,XSHE,active,G54道路运输业,证监会行业分类,2026-09-28,baostock
2026-09-30,000550,江铃汽车,XSHE,active,C36汽车制造业,证监会行业分类,2026-09-28,baostock
2026-09-30,000551,创元科技,XSHE,active,C35专用设备制造业,证监会行业分类,2026-09-28,baostock
2026-09-30,000552,甘肃能化,XSHE,active,B06煤炭开采和洗选业,证监会行业分类,2026-09-28,baostock
2026-09-30,000553,安道麦A,XSHE,active,C26化学原料和化学制品制造业,证监会行业分类,2026-09-28,baostock
2026-09-30,000554,泰山石油,XSHE,active,F51批发业,证监会行业分类,2026-09-28,baostock
2026-09-30,000555,神州信息,XSHE,active,I65软件和信息技术服务业,证监会行业分类,2026-09-28,baostock
2026-09-30,000557,西部创业,XSHE,active,G53铁路运输业,证监会行业分类,2026-09-28,baostock
2026-09-30,000558,天府文旅,XSHE,active,N78公共设施管理业,证监会行业分类,2026-09-28,baostock
2026-09-30,000559,万向钱潮,XSHE,active,C36汽车制造业,证监会行业分类,2026-09-28,baostock
2026-09-30,000560,我爱我家,XSHE,active,K70房地产业,证监会行业分类,2026-09-28,baostock
2026-09-30,000561,烽火电子,XSHE,active,C39计算机、通信和其他电子设备制造业,证监会行业分类,2026-09-28,baostock
2026-09-30,000563,陕国投A,XSHE,active,J69其他金融业,证监会行业分类,2026-09-28,baostock
2026-09-30,000564,供销大集,XSHE,active,F52零售业,证监会行业分类,2026-09-28,baostock
2026-09-30,000565,渝三峡A,XSHE,active,C26化学原料和化学制品制造业,证监会行业分类,2026-09-28,baostock
2026-09-30,000566,海南海药,XSHE,active,C27医药制造业,证监会行业分类,2026-09-28,baostock
2026-09-30,000567,海德股份,XSHE,active,J69其他金融业,证监会行业分类,2026-09-28,baostock
2026-09-30,000568,泸州老窖,XSHE,active,C15酒、饮料和精制茶制造业,证监会行业分类,2026-09-28,baostock
2026-09-30,000570,苏常柴A,XSHE,active,C34通用设备制造业,证监会行业分类,2026-09-28,baostock
2026-09-30,000571,新大洲A,XSHE,active,B06煤炭开采和洗选业,证监会行业分类,2026-09-28,baostock
2026-09-30,000572,海马汽车,XSHE,active,C36汽车制造业,证监会行业分类,2026-09-28,baostock
2026-09-30,000573,粤宏远A,XSHE,active,C42废弃资源综合利用业,证监会行业分类,2026-09-28,baostock
2026-09-30,000576,甘化科工,XSHE,active,C39计算机、通信和其他电子设备制造业,证监会行业分类,2026-09-28,baostock
2026-09-30,000581,威孚高科,XSHE,active,C36汽车制造业,证监会行业分类,2026-09-28,baostock
2026-09-30,000582,北部湾港,XSHE,active,G55水上运输业,证监会行业分类,2026-09-28,baostock
2026-09-30,000586,汇源通信,XSHE,active,C38电气机械和器材制造业,证监会行业分类,2026-09-28,baostock
2026-09-30,000589,贵州轮胎,XSHE,active,C29橡胶和塑料制品业,证监会行业分类,2026-09-28,baostock
2026-09-30,000590,古汉医药,XSHE,active,C27医药制造业,证监会行业分类,2026-09-28,baostock
2026-09-30,000591,太阳能,XSHE,active,D44电力、热力生产和供应业,证监会行业分类,2026-09-28,baostock
2026-09-30,000592,平潭发展,XSHE,active,C20木材加工和木、竹、藤、棕、草制品业,证监会行业分类,2026-09-28,baostock
2026-09-30,000593,德龙汇能,XSHE,active,D45燃气生产和供应业,证监会行业分类,2026-09-28,baostock
2026-09-30,000595,新能股份,XSHE,active,C34通用设备制造业,证监会行业分类,2026-09-28,baostock
2026-09-30,000596,古井贡酒,XSHE,active,C15酒、饮料和精制茶制造业,证监会行业分类,2026-09-28,baostock
2026-09-30,000597,东北制药,XSHE,active,C27医药制造业,证监会行业分类,2026-09-28,baostock
2026-09-30,000598,兴蓉环境,XSHE,active,D46水的生产和供应业,证监会行业分类,2026-09-28,baostock
2026-09-30,000599,青岛双星,XSHE,active,C29橡胶和塑料制品业,证监会行业分类,2026-09-28,baostock
2026-09-30,000600,建投能源,XSHE,active,D44电力、热力生产和供应业,证监会行业分类,2026-09-28,baostock
2026-09-30,000601,韶能股份,XSHE,active,D44电力、热力生产和供应业,证监会行业分类,2026-09-28,baostock
2026-09-30,000603,盛达资源,XSHE,active,B09有色金属矿采选业,证监会行业分类,2026-09-28,baostock
2026-09-30,000605,渤海股份,XSHE,active,D46水的生产和供应业,证监会行业分类,2026-09-28,baostock
2026-09-30,000607,华媒控股,XSHE,active,L72商务服务业,证监会行业分类,2026-09-28,baostock
2026-09-30,000608,阳光股份,XSHE,active,K70房地产业,证监会行业分类,2026-09-28,baostock
2026-09-30,000609,*ST中迪,XSHE,active,S91综合,证监会行业分类,2026-09-28,baostock
2026-09-30,000610,*ST西旅,XSHE,active,L72商务服务业,证监会行业分类,2026-09-28,baostock
2026-09-30,000612,焦作万方,XSHE,active,C32有色金属冶炼和压延加工业,证监会行业分类,2026-09-28,baostock
2026-09-30,000615,*ST美谷,XSHE,active,Q84卫生,证监会行业分类,2026-09-28,baostock
2026-09-30,000617,中油资本,XSHE,active,J66货币金融服务,证监会行业分类,2026-09-28,baostock
2026-09-30,000619,海螺新材,XSHE,active,C29橡胶和塑料制品业,证监会行业分类,2026-09-28,baostock
2026-09-30,000620,盈新发展,XSHE,active,K70房地产业,证监会行业分类,2026-09-28,baostock
2026-09-30,000623,吉林敖东,XSHE,active,C27医药制造业,证监会行业分类,2026-09-28,baostock
2026-09-30,000625,长安汽车,XSHE,active,C36汽车制造业,证监会行业分类,2026-09-28,baostock
2026-09-30,000626,远大控股,XSHE,active,F51批发业,证监会行业分类,2026-09-28,baostock
2026-09-30,000628,高新发展,XSHE,active,E47房屋建筑业,证监会行业分类,2026-09-28,baostock
2026-09-30,000629,钒钛股份,XSHE,active,C32有色金属冶炼和压延加工业,证监会行业分类,2026-09-28,baostock
2026-09-30,000630,铜陵有色,XSHE,active,C32有色金属冶炼和压延加工业,证监会行业分类,2026-09-28,baostock
2026-09-30,000631,顺发恒能,XSHE,active,K70房地产业,证监会行业分类,2026-09-28,baostock
2026-09-30,000632,ST三木,XSHE,active,F51批发业,证监会行业分类,2026-09-28,baostock
2026-09-30,000633,合金投资,XSHE,active,C32有色金属冶炼和压延加工业,证监会行业分类,2026-09-28,baostock
2026-09-30,000635,英力特,XSHE,active,C26化学原料和化学制品制造业,证监会行业分类,2026-09-28,baostock
2026-09-30,000636,风华高科,XSHE,active,C39计算机、通信和其他电子设备制造业,证监会行业分类,2026-09-28,baostock
2026-09-30,000637,茂化实华,XSHE,active,C26化学原料和化学制品制造业,证监会行业分类,2026-09-28,baostock
2026-09-30,000639,ST西王,XSHE,active,C13农副食品加工业,证监会行业分类,2026-09-28,baostock
2026-09-30,000650,仁和药业,XSHE,active,C27医药制造业,证监会行业分类,2026-09-28,baostock
2026-09-30,000651,格力电器,XSHE,active,C38电气机械和器材制造业,证监会行业分类,2026-09-28,baostock
2026-09-30,000652,泰达股份,XSHE,active,F51批发业,证监会行业分类,2026-09-28,baostock
2026-09-30,000655,金岭矿业,XSHE,active,B08黑色金属矿采选业,证监会行业分类,2026-09-28,baostock
2026-09-30,000656,金科股份,XSHE,active,K70房地产业,证监会行业分类,2026-09-28,baostock
2026-09-30,000657,中钨高新,XSHE,active,C33金属制品业,证监会行业分类,2026-09-28,baostock
2026-09-30,000659,珠海中富,XSHE,active,C29橡胶和塑料制品业,证监会行业分类,2026-09-28,baostock
2026-09-30,000661,长春高新,XSHE,active,C27医药制造业,证监会行业分类,2026-09-28,baostock
2026-09-30,000663,永安林业,XSHE,active,A02林业,证监会行业分类,2026-09-28,baostock
2026-09-30,000665,湖北广电,XSHE,active,I63电信、广播电视和卫星传输服务,证监会行业分类,2026-09-28,baostock
2026-09-30,000668,荣丰控股,XSHE,active,K70房地产业,证监会行业分类,2026-09-28,baostock
2026-09-30,000669,ST金鸿,XSHE,active,D45燃气生产和供应业,证监会行业分类,2026-09-28,baostock
2026-09-30,000670,盈方微,XSHE,active,F51批发业,证监会行业分类,2026-09-28,baostock
2026-09-30,000672,上峰材料,XSHE,active,C30非金属矿物制品业,证监会行业分类,2026-09-28,baostock
2026-09-30,000676,智度股份,XSHE,active,L72商务服务业,证监会行业分类,2026-09-28,baostock
2026-09-30,000677,ST海龙,XSHE,active,C17纺织业,证监会行业分类,2026-09-28,baostock
2026-09-30,000678,襄阳轴承,XSHE,active,C36汽车制造业,证监会行业分类,2026-09-28,baostock
2026-09-30,000679,大连友谊,XSHE,active,F52零售业,证监会行业分类,2026-09-28,baostock
2026-09-30,000680,山推股份,XSHE,active,C35专用设备制造业,证监会行业分类,2026-09-28,baostock
2026-09-30,000681,视觉中国,XSHE,active,I64互联网和相关服务,证监会行业分类,2026-09-28,baostock
2026-09-30,000682,东方电子,XSHE,active,I65软件和信息技术服务业,证监会行业分类,2026-09-28,baostock
2026-09-30,000683,博源化工,XSHE,active,C26化学原料和化学制品制造业,证监会行业分类,2026-09-28,baostock
2026-09-30,000685,中山公用,XSHE,active,D46水的生产和供应业,证监会行业分类,2026-09-28,baostock
2026-09-30,000686,东北证券,XSHE,active,J67资本市场服务,证监会行业分类,2026-09-28,baostock
2026-09-30,000688,国城矿业,XSHE,active,B09有色金属矿采选业,证监会行业分类,2026-09-28,baostock
2026-09-30,000690,宝新能源,XSHE,active,D44电力、热力生产和供应业,证监会行业分类,2026-09-28,baostock
2026-09-30,000691,亚太实业,XSHE,active,C26化学原料和化学制品制造业,证监会行业分类,2026-09-28,baostock
2026-09-30,000692,惠天热电,XSHE,active,D44电力、热力生产和供应业,证监会行业分类,2026-09-28,baostock
2026-09-30,000695,滨海能源,XSHE,active,C30非金属矿物制品业,证监会行业分类,2026-09-28,baostock
2026-09-30,000697,炼石航空,XSHE,active,C37铁路、船舶、航空航天和其他运输设备制造业,证监会行业分类,2026-09-28,baostock
2026-09-30,000698,ST沈化,XSHE,active,C26化学原料和化学制品制造业,证监会行业分类,2026-09-28,baostock
2026-09-30,000700,模塑科技,XSHE,active,C36汽车制造业,证监会行业分类,2026-09-28,baostock
2026-09-30,000701,厦门信达,XSHE,active,F51批发业,证监会行业分类,2026-09-28,baostock
2026-09-30,000702,正虹科技,XSHE,active,C13农副食品加工业,证监会行业分类,2026-09-28,baostock
2026-09-30,000703,恒逸石化,XSHE,active,C28化学纤维制造业,证监会行业分类,2026-09-28,baostock
2026-09-30,000705,浙江震元,XSHE,active,F51批发业,证监会行业分类,2026-09-28,baostock
2026-09-30,000707,双环科技,XSHE,active,C26化学原料和化学制品制造业,证监会行业分类,2026-09-28,baostock
2026-09-30,000708,中信特钢,XSHE,active,C31黑色金属冶炼和压延加工业,证监会行业分类,2026-09-28,baostock
2026-09-30,000709,河钢股份,XSHE,active,C31黑色金属冶炼和压延加工业,证监会行业分类,2026-09-28,baostock
2026-09-30,000710,贝瑞基因,XSHE,active,M74专业技术服务业,证监会行业分类,2026-09-28,baostock
2026-09-30,000711,京蓝科技,XSHE,active,C42废弃资源综合利用业,证监会行业分类,2026-09-28,baostock
2026-09-30,000712,锦龙股份,XSHE,active,J67资本市场服务,证监会行业分类,2026-09-28,baostock
2026-09-30,000713,国投丰乐,XSHE,active,A05农、林、牧、渔专业及辅助性活动,证监会行业分类,2026-09-28,baostock
2026-09-30,000715,中兴商业,XSHE,active,F52零售业,证监会行业分类,2026-09-28,baostock
2026-09-30,000716,黑芝麻,XSHE,active,C14食品制造业,证监会行业分类,2026-09-28,baostock
2026-09-30,000717,中南股份,XSHE,active,C31黑色金属冶炼和压延加工业,证监会行业分类,2026-09-28,baostock
2026-09-30,000718,苏宁环球,XSHE,active,K70房地产业,证监会行业分类,2026-09-28,baostock
2026-09-30,000719,中原传媒,XSHE,active,R86新闻和出版业,证监会行业分类,2026-09-28,baostock
2026-09-30,000720,新能泰山,XSHE,active,C38电气机械和器材制造业,证监会行业分类,2026-09-28,baostock
2026-09-30,000721,西安饮食,XSHE,active,H62餐饮业,证监会行业分类,2026-09-28,baostock
2026-09-30,000722,湖南发展,XSHE,active,D44电力、热力生产和供应业,证监会行业分类,2026-09-28,baostock
2026-09-30,000723,美锦能源,XSHE,active,C25石油、煤炭及其他燃料加工业,证监会行业分类,2026-09-28,baostock
2026-09-30,000725,京东方A,XSHE,active,C39计算机、通信和其他电子设备制造业,证监会行业分类,2026-09-28,baostock
2026-09-30,000726,鲁泰A,XSHE,active,C17纺织业,证监会行业分类,2026-09-28,baostock
2026-09-30,000727,冠捷科技,XSHE,active,C39计算机、通信和其他电子设备制造业,证监会行业分类,2026-09-28,baostock
2026-09-30,000728,国元证券,XSHE,active,J67资本市场服务,证监会行业分类,2026-09-28,baostock
2026-09-30,000729,燕京啤酒,XSHE,active,C15酒、饮料和精制茶制造业,证监会行业分类,2026-09-28,baostock
2026-09-30,000731,四川美丰,XSHE,active,C26化学原料和化学制品制造业,证监会行业分类,2026-09-28,baostock
2026-09-30,000733,振华科技,XSHE,active,C39计算机、通信和其他电子设备制造业,证监会行业分类,2026-09-28,baostock
2026-09-30,000735,罗牛山,XSHE,active,A03畜牧业,证监会行业分类,2026-09-28,baostock
2026-09-30,000736,中交发展,XSHE,active,K70房地产业,证监会行业分类,2026-09-28,baostock
2026-09-30,000737,北方铜业,XSHE,active,C32有色金属冶炼和压延加工业,证监会行业分类,2026-09-28,baostock
2026-09-30,000738,航发控制,XSHE,active,C37铁路、船舶、航空航天和其他运输设备制造业,证监会行业分类,2026-09-28,baostock
2026-09-30,000739,普洛药业,XSHE,active,C27医药制造业,证监会行业分类,2026-09-28,baostock
2026-09-30,000750,国海证券,XSHE,active,J67资本市场服务,证监会行业分类,2026-09-28,baostock
2026-09-30,000751,锌业股份,XSHE,active,C32有色金属冶炼和压延加工业,证监会行业分类,2026-09-28,baostock
2026-09-30,000752,*ST西发,XSHE,active,C15酒、饮料和精制茶制造业,证监会行业分类,2026-09-28,baostock
2026-09-30,000753,漳州发展,XSHE,active,F52零售业,证监会行业分类,2026-09-28,baostock
2026-09-30,000755,山西高速,XSHE,active,G54道路运输业,证监会行业分类,2026-09-28,baostock
2026-09-30,000756,新华制药,XSHE,active,C27医药制造业,证监会行业分类,2026-09-28,baostock
2026-09-30,000757,浩物股份,XSHE,active,F52零售业,证监会行业分类,2026-09-28,baostock
2026-09-30,000758,中色股份,XSHE,active,B09有色金属矿采选业,证监会行业分类,2026-09-28,baostock
2026-09-30,000759,中百集团,XSHE,active,F52零售业,证监会行业分类,2026-09-28,baostock
2026-09-30,000761,本钢板材,XSHE,active,C31黑色金属冶炼和压延加工业,证监会行业分类,2026-09-28,baostock
2026-09-30,000762,西藏矿业,XSHE,active,B09有色金属矿采选业,证监会行业分类,2026-09-28,baostock
2026-09-30,000766,通化金马,XSHE,active,C27医药制造业,证监会行业分类,2026-09-28,baostock
2026-09-30,000767,晋控电力,XSHE,active,D44电力、热力生产和供应业,证监会行业分类,2026-09-28,baostock
2026-09-30,000768,中航西飞,XSHE,active,C37铁路、船舶、航空航天和其他运输设备制造业,证监会行业分类,2026-09-28,baostock
2026-09-30,000776,广发证券,XSHE,active,J67资本市场服务,证监会行业分类,2026-09-28,baostock
2026-09-30,000777,中核科技,XSHE,active,C34通用设备制造业,证监会行业分类,2026-09-28,baostock
2026-09-30,000778,新兴铸管,XSHE,active,C33金属制品业,证监会行业分类,2026-09-28,baostock
2026-09-30,000779,甘咨询,XSHE,active,M74专业技术服务业,证监会行业分类,2026-09-28,baostock
2026-09-30,000782,恒申新材,XSHE,active,C28化学纤维制造业,证监会行业分类,2026-09-28,baostock
2026-09-30,000783,长江证券,XSHE,active,J67资本市场服务,证监会行业分类,2026-09-28,baostock
2026-09-30,000785,居然智家,XSHE,active,L72商务服务业,证监会行业分类,2026-09-28,baostock
2026-09-30,000786,北新建材,XSHE,active,C30非金属矿物制品业,证监会行业分类,2026-09-28,baostock
2026-09-30,000788,北大医药,XSHE,active,C27医药制造业,证监会行业分类,2026-09-28,baostock
2026-09-30,000789,万年青,XSHE,active,C30非金属矿物制品业,证监会行业分类,2026-09-28,baostock
2026-09-30,000790,华神科技,XSHE,active,C27医药制造业,证监会行业分类,2026-09-28,baostock
2026-09-30,000791,甘肃能源,XSHE,active,D44电力、热力生产和供应业,证监会行业分类,2026-09-28,baostock
2026-09-30,000792,盐湖股份,XSHE,active,C26化学原料和化学制品制造业,证监会行业分类,2026-09-28,baostock
2026-09-30,000793,ST华闻,XSHE,active,R86新闻和出版业,证监会行业分类,2026-09-28,baostock
2026-09-30,000795,英洛华,XSHE,active,C30非金属矿物制品业,证监会行业分类,2026-09-28,baostock
2026-09-30,000796,凯撒旅业,XSHE,active,L72商务服务业,证监会行业分类,2026-09-28,baostock
2026-09-30,000797,中国武夷,XSHE,active,K70房地产业,证监会行业分类,2026-09-28,baostock
2026-09-30,000798,中水渔业,XSHE,active,A04渔业,证监会行业分类,2026-09-28,baostock
2026-09-30,000799,酒鬼酒,XSHE,active,C15酒、饮料和精制茶制造业,证监会行业分类,2026-09-28,baostock
2026-09-30,000800,一汽解放,XSHE,active,C36汽车制造业,证监会行业分类,2026-09-28,baostock
2026-09-30,000801,四川九洲,XSHE,active,C39计算机、通信和其他电子设备制造业,证监会行业分类,2026-09-28,baostock
2026-09-30,000802,北京文化,XSHE,active,R87广播、电视、电影和录音制作业,证监会行业分类,2026-09-28,baostock
2026-09-30,000803,山高环能,XSHE,active,N77生态保护和环境治理业,证监会行业分类,2026-09-28,baostock
2026-09-30,000807,云铝股份,XSHE,active,C32有色金属冶炼和压延加工业,证监会行业分类,2026-09-28,baostock
2026-09-30,000809,和展能源,XSHE,active,C38电气机械和器材制造业,证监会行业分类,2026-09-28,baostock
2026-09-30,000810,创维数字,XSHE,active,C39计算机、通信和其他电子设备制造业,证监会行业分类,2026-09-28,baostock
2026-09-30,000811,冰轮环境,XSHE,active,C34通用设备制造业,证监会行业分类,2026-09-28,baostock
2026-09-30,000812,陕西金叶,XSHE,active,C23印刷和记录媒介复制业,证监会行业分类,2026-09-28,baostock
2026-09-30,000813,德展健康,XSHE,active,C27医药制造业,证监会行业分类,2026-09-28,baostock
2026-09-30,000815,美利云,XSHE,active,C22造纸和纸制品业,证监会行业分类,2026-09-28,baostock
2026-09-30,000816,智慧农业,XSHE,active,C34通用设备制造业,证监会行业分类,2026-09-28,baostock
2026-09-30,000818,航锦科技,XSHE,active,C26化学原料和化学制品制造业,证监会行业分类,2026-09-28,baostock
2026-09-30,000819,岳阳兴长,XSHE,active,C25石油、煤炭及其他燃料加工业,证监会行业分类,2026-09-28,baostock
2026-09-30,000820,神雾节能,XSHE,active,M74专业技术服务业,证监会行业分类,2026-09-28,baostock
2026-09-30,000821,ST京机,XSHE,active,C35专用设备制造业,证监会行业分类,2026-09-28,baostock
2026-09-30,000822,山东海化,XSHE,active,C26化学原料和化学制品制造业,证监会行业分类,2026-09-28,baostock
2026-09-30,000823,超声电子,XSHE,active,C39计算机、通信和其他电子设备制造业,证监会行业分类,2026-09-28,baostock
2026-09-30,000825,太钢不锈,XSHE,active,C31黑色金属冶炼和压延加工业,证监会行业分类,2026-09-28,baostock
2026-09-30,000826,*ST启环,XSHE,active,N78公共设施管理业,证监会行业分类,2026-09-28,baostock
2026-09-30,000828,东莞控股,XSHE,active,G54道路运输业,证监会行业分类,2026-09-28,baostock
2026-09-30,000829,天音控股,XSHE,active,F51批发业,证监会行业分类,2026-09-28,baostock
2026-09-30,000830,鲁西化工,XSHE,active,C26化学原料和化学制品制造业,证监会行业分类,2026-09-28,baostock
2026-09-30,000831,中国稀土,XSHE,active,C32有色金属冶炼和压延加工业,证监会行业分类,2026-09-28,baostock
2026-09-30,000833,粤桂股份,XSHE,active,S91综合,证监会行业分类,2026-09-28,baostock
2026-09-30,000837,秦川机床,XSHE,active,C34通用设备制造业,证监会行业分类,2026-09-28,baostock
2026-09-30,000838,*ST发展,XSHE,active,K70房地产业,证监会行业分类,2026-09-28,baostock
2026-09-30,000839,国安股份,XSHE,active,I65软件和信息技术服务业,证监会行业分类,2026-09-28,baostock
2026-09-30,000848,承德露露,XSHE,active,C15酒、饮料和精制茶制造业,证监会行业分类,2026-09-28,baostock
2026-09-30,000850,华茂股份,XSHE,active,C17纺织业,证监会行业分类,2026-09-28,baostock
2026-09-30,000852,石化机械,XSHE,active,C35专用设备制造业,证监会行业分类,2026-09-28,baostock
2026-09-30,000856,冀东装备,XSHE,active,C35专用设备制造业,证监会行业分类,2026-09-28,baostock
2026-09-30,000858,五粮液,XSHE,active,C15酒、饮料和精制茶制造业,证监会行业分类,2026-09-28,baostock
2026-09-30,000859,国风新材,XSHE,active,C29橡胶和塑料制品业,证监会行业分类,2026-09-28,baostock
2026-09-30,000860,顺鑫农业,XSHE,active,C15酒、饮料和精制茶制造业,证监会行业分类,2026-09-28,baostock
2026-09-30,000862,银星能源,XSHE,active,D44电力、热力生产和供应业,证监会行业分类,2026-09-28,baostock
2026-09-30,000863,三湘印象,XSHE,active,K70房地产业,证监会行业分类,2026-09-28,baostock
2026-09-30,000868,安凯客车,XSHE,active,C36汽车制造业,证监会行业分类,2026-09-28,baostock
2026-09-30,000869,张裕A,XSHE,active,C15酒、饮料和精制茶制造业,证监会行业分类,2026-09-28,baostock
2026-09-30,000875,电投绿能,XSHE,active,D44电力、热力生产和供应业,证监会行业分类,2026-09-28,baostock
2026-09-30,000876,新希望,XSHE,active,C13农副食品加工业,证监会行业分类,2026-09-28,baostock
2026-09-30,000877,天山股份,XSHE,active,C30非金属矿物制品业,证监会行业分类,2026-09-28,baostock
2026-09-30,000878,云南铜业,XSHE,active,C32有色金属冶炼和压延加工业,证监会行业分类,2026-09-28,baostock
2026-09-30,000880,潍柴重机,XSHE,active,C34通用设备制造业,证监会行业分类,2026-09-28,baostock
2026-09-30,000881,中广核技,XSHE,active,C26化学原料和化学制品制造业,证监会行业分类,2026-09-28,baostock
2026-09-30,000882,华联股份,XSHE,active,L72商务服务业,证监会行业分类,2026-09-28,baostock
2026-09-30,000883,湖北能源,XSHE,active,D44电力、热力生产和供应业,证监会行业分类,2026-09-28,baostock
2026-09-30,000885,城发环境,XSHE,active,N77生态保护和环境治理业,证监会行业分类,2026-09-28,baostock
2026-09-30,000886,海南高速,XSHE,active,G54道路运输业,证监会行业分类,2026-09-28,baostock
2026-09-30,000887,中鼎股份,XSHE,active,C29橡胶和塑料制品业,证监会行业分类,2026-09-28,baostock
2026-09-30,000888,峨眉山A,XSHE,active,N78公共设施管理业,证监会行业分类,2026-09-28,baostock
2026-09-30,000889,中嘉博创,XSHE,active,I65软件和信息技术服务业,证监会行业分类,2026-09-28,baostock
2026-09-30,000890,法尔胜,XSHE,active,C33金属制品业,证监会行业分类,2026-09-28,baostock
2026-09-30,000892,欢瑞世纪,XSHE,active,R87广播、电视、电影和录音制作业,证监会行业分类,2026-09-28,baostock
2026-09-30,000893,亚钾国际,XSHE,active,C26化学原料和化学制品制造业,证监会行业分类,2026-09-28,baostock
2026-09-30,000895,双汇发展,XSHE,active,C13农副食品加工业,证监会行业分类,2026-09-28,baostock
2026-09-30,000897,津滨发展,XSHE,active,K70房地产业,证监会行业分类,2026-09-28,baostock
2026-09-30,000898,鞍钢股份,XSHE,active,C31黑色金属冶炼和压延加工业,证监会行业分类,2026-09-28,baostock
2026-09-30,000899,赣能股份,XSHE,active,D44电力、热力生产和供应业,证监会行业分类,2026-09-28,baostock
2026-09-30,000900,现代投资,XSHE,active,G54道路运输业,证监会行业分类,2026-09-28,baostock
2026-09-30,000901,航天科技,XSHE,active,C36汽车制造业,证监会行业分类,2026-09-28,baostock
2026-09-30,000902,新洋丰,XSHE,active,C26化学原料和化学制品制造业,证监会行业分类,2026-09-28,baostock
2026-09-30,000903,ST云动,XSHE,active,C34通用设备制造业,证监会行业分类,2026-09-28,baostock
2026-09-30,000905,厦门港务,XSHE,active,F51批发业,证监会行业分类,2026-09-28,baostock
2026-09-30,000906,浙商中拓,XSHE,active,L72商务服务业,证监会行业分类,2026-09-28,baostock
2026-09-30,000908,石药景峰,XSHE,active,C27医药制造业,证监会行业分类,2026-09-28,baostock
2026-09-30,000909,*ST数源,XSHE,active,K70房地产业,证监会行业分类,2026-09-28,baostock
2026-09-30,000910,大亚圣象,XSHE,active,C20木材加工和木、竹、藤、棕、草制品业,证监会行业分类,2026-09-28,baostock
2026-09-30,000911,*ST广糖,XSHE,active,C13农副食品加工业,证监会行业分类,2026-09-28,baostock
2026-09-30,000912,泸天化,XSHE,active,C26化学原料和化学制品制造业,证监会行业分类,2026-09-28,baostock
2026-09-30,000913,钱江摩托,XSHE,active,C37铁路、船舶、航空航天和其他运输设备制造业,证监会行业分类,2026-09-28,baostock
2026-09-30,000915,华特达因,XSHE,active,C27医药制造业,证监会行业分类,2026-09-28,baostock
2026-09-30,000917,电广传媒,XSHE,active,I63电信、广播电视和卫星传输服务,证监会行业分类,2026-09-28,baostock
2026-09-30,000919,金陵药业,XSHE,active,C27医药制造业,证监会行业分类,2026-09-28,baostock
2026-09-30,000920,沃顿科技,XSHE,active,C26化学原料和化学制品制造业,证监会行业分类,2026-09-28,baostock
2026-09-30,000921,海信家电,XSHE,active,C38电气机械和器材制造业,证监会行业分类,2026-09-28,baostock
2026-09-30,000922,佳电股份,XSHE,active,C38电气机械和器材制造业,证监会行业分类,2026-09-28,baostock
2026-09-30,000923,河钢资源,XSHE,active,B08黑色金属矿采选业,证监会行业分类,2026-09-28,baostock
2026-09-30,000925,众合科技,XSHE,active,C37铁路、船舶、航空航天和其他运输设备制造业,证监会行业分类,2026-09-28,baostock
2026-09-30,000926,福星股份,XSHE,active,K70房地产业,证监会行业分类,2026-09-28,baostock
2026-09-30,000927,中国铁物,XSHE,active,L72商务服务业,证监会行业分类,2026-09-28,baostock
2026-09-30,000928,中钢国际,XSHE,active,E48土木工程建筑业,证监会行业分类,2026-09-28,baostock
2026-09-30,000929,兰州黄河,XSHE,active,C15酒、饮料和精制茶制造业,证监会行业分类,2026-09-28,baostock
2026-09-30,000930,中粮科技,XSHE,active,C26化学原料和化学制品制造业,证监会行业分类,2026-09-28,baostock
2026-09-30,000931,中关村,XSHE,active,C27医药制造业,证监会行业分类,2026-09-28,baostock
2026-09-30,000932,华菱钢铁,XSHE,active,C31黑色金属冶炼和压延加工业,证监会行业分类,2026-09-28,baostock
2026-09-30,000933,神火股份,XSHE,active,C32有色金属冶炼和压延加工业,证监会行业分类,2026-09-28,baostock
2026-09-30,000935,四川双马,XSHE,active,C30非金属矿物制品业,证监会行业分类,2026-09-28,baostock
2026-09-30,000936,华西股份,XSHE,active,C28化学纤维制造业,证监会行业分类,2026-09-28,baostock
2026-09-30,000937,冀中能源,XSHE,active,B06煤炭开采和洗选业,证监会行业分类,2026-09-28,baostock
2026-09-30,000938,紫光股份,XSHE,active,C39计算机、通信和其他电子设备制造业,证监会行业分类,2026-09-28,baostock
2026-09-30,000948,南天信息,XSHE,active,I65软件和信息技术服务业,证监会行业分类,2026-09-28,baostock
2026-09-30,000949,新乡化纤,XSHE,active,C28化学纤维制造业,证监会行业分类,2026-09-28,baostock
2026-09-30,000950,重药控股,XSHE,active,F51批发业,证监会行业分类,2026-09-28,baostock
2026-09-30,000951,中国重汽,XSHE,active,C36汽车制造业,证监会行业分类,2026-09-28,baostock
2026-09-30,000952,广济药业,XSHE,active,C27医药制造业,证监会行业分类,2026-09-28,baostock
2026-09-30,000953,中哲精化,XSHE,active,C27医药制造业,证监会行业分类,2026-09-28,baostock
2026-09-30,000955,欣龙控股,XSHE,active,C17纺织业,证监会行业分类,2026-09-28,baostock
2026-09-30,000957,中通客车,XSHE,active,C36汽车制造业,证监会行业分类,2026-09-28,baostock
2026-09-30,000958,电投产融,XSHE,active,D44电力、热力生产和供应业,证监会行业分类,2026-09-28,baostock
2026-09-30,000959,首钢股份,XSHE,active,C31黑色金属冶炼和压延加工业,证监会行业分类,2026-09-28,baostock
2026-09-30,000960,锡业股份,XSHE,active,C32有色金属冶炼和压延加工业,证监会行业分类,2026-09-28,baostock
2026-09-30,000962,东方钽业,XSHE,active,C32有色金属冶炼和压延加工业,证监会行业分类,2026-09-28,baostock
2026-09-30,000963,华东医药,XSHE,active,F52零售业,证监会行业分类,2026-09-28,baostock
2026-09-30,000965,天保基建,XSHE,active,K70房地产业,证监会行业分类,2026-09-28,baostock
2026-09-30,000966,长源电力,XSHE,active,D44电力、热力生产和供应业,证监会行业分类,2026-09-28,baostock
2026-09-30,000967,盈峰环境,XSHE,active,C35专用设备制造业,证监会行业分类,2026-09-28,baostock
2026-09-30,000968,蓝焰控股,XSHE,active,B07石油和天然气开采业,证监会行业分类,2026-09-28,baostock
2026-09-30,000969,安泰科技,XSHE,active,C33金属制品业,证监会行业分类,2026-09-28,baostock
2026-09-30,000970,中科三环,XSHE,active,C39计算机、通信和其他电子设备制造业,证监会行业分类,2026-09-28,baostock
2026-09-30,000972,中基健康,XSHE,active,C13农副食品加工业,证监会行业分类,2026-09-28,baostock
2026-09-30,000973,佛塑科技,XSHE,active,C29橡胶和塑料制品业,证监会行业分类,2026-09-28,baostock
2026-09-30,000975,山金国际,XSHE,active,B09有色金属矿采选业,证监会行业分类,2026-09-28,baostock
2026-09-30,000977,浪潮信息,XSHE,active,C39计算机、通信和其他电子设备制造业,证监会行业分类,2026-09-28,baostock
2026-09-30,000978,桂林旅游,XSHE,active,N78公共设施管理业,证监会行业分类,2026-09-28,baostock
2026-09-30,000980,众泰汽车,XSHE,active,C36汽车制造业,证监会行业分类,2026-09-28,baostock
2026-09-30,000981,山子高科,XSHE,active,C36汽车制造业,证监会行业分类,2026-09-28,baostock
2026-09-30,000983,山西焦煤,XSHE,active,B06煤炭开采和洗选业,证监会行业分类,2026-09-28,baostock
2026-09-30,000985,大庆华科,XSHE,active,C26化学原料和化学制品制造业,证监会行业分类,2026-09-28,baostock
2026-09-30,000987,越秀资本,XSHE,active,J69其他金融业,证监会行业分类,2026-09-28,baostock
2026-09-30,000988,华工科技,XSHE,active,C39计算机、通信和其他电子设备制造业,证监会行业分类,2026-09-28,baostock
2026-09-30,000989,九芝堂,XSHE,active,C27医药制造业,证监会行业分类,2026-09-28,baostock
2026-09-30,000990,诚志股份,XSHE,active,C26化学原料和化学制品制造业,证监会行业分类,2026-09-28,baostock
2026-09-30,000993,闽东电力,XSHE,active,D44电力、热力生产和供应业,证监会行业分类,2026-09-28,baostock
2026-09-30,000995,皇台酒业,XSHE,active,C15酒、饮料和精制茶制造业,证监会行业分类,2026-09-28,baostock
2026-09-30,000997,新大陆,XSHE,active,I65软件和信息技术服务业,证监会行业分类,2026-09-28,baostock
2026-09-30,000998,隆平高科,XSHE,active,A05农、林、牧、渔专业及辅助性活动,证监会行业分类,2026-09-28,baostock
2026-09-30,000999,华润三九,XSHE,active,C27医药制造业,证监会行业分类,2026-09-28,baostock
2026-09-30,001201,东瑞股份,XSHE,active,A03畜牧业,证监会行业分类,2026-09-28,baostock
2026-09-30,001202,炬申股份,XSHE,active,G58多式联运和运输代理业,证监会行业分类,2026-09-28,baostock
2026-09-30,001203,大中矿业,XSHE,active,B08黑色金属矿采选业,证监会行业分类,2026-09-28,baostock
2026-09-30,001205,盛航股份,XSHE,active,G55水上运输业,证监会行业分类,2026-09-28,baostock
2026-09-30,001206,依依股份,XSHE,active,C41其他制造业,证监会行业分类,2026-09-28,baostock
2026-09-30,001207,联科科技,XSHE,active,C26化学原料和化学制品制造业,证监会行业分类,2026-09-28,baostock
2026-09-30,001208,华菱线缆,XSHE,active,C38电气机械和器材制造业,证监会行业分类,2026-09-28,baostock
2026-09-30,001209,洪兴股份,XSHE,active,C18纺织服装、服饰业,证监会行业分类,2026-09-28,baostock
2026-09-30,001210,金房能源,XSHE,active,D44电力、热力生产和供应业,证监会行业分类,2026-09-28,baostock
2026-09-30,001211,双枪科技,XSHE,active,C20木材加工和木、竹、藤、棕、草制品业,证监会行业分类,2026-09-28,baostock
2026-09-30,001212,中旗新材,XSHE,active,C30非金属矿物制品业,证监会行业分类,2026-09-28,baostock
2026-09-30,001213,中铁特货,XSHE,active,G53铁路运输业,证监会行业分类,2026-09-28,baostock
2026-09-30,001215,千味央厨,XSHE,active,C14食品制造业,证监会行业分类,2026-09-28,baostock
2026-09-30,001216,华瓷股份,XSHE,active,C30非金属矿物制品业,证监会行业分类,2026-09-28,baostock
2026-09-30,001217,华尔泰,XSHE,active,C26化学原料和化学制品制造业,证监会行业分类,2026-09-28,baostock
2026-09-30,001218,丽臣实业,XSHE,active,C26化学原料和化学制品制造业,证监会行业分类,2026-09-28,baostock
2026-09-30,001219,青岛食品,XSHE,active,C14食品制造业,证监会行业分类,2026-09-28,baostock
2026-09-30,001220,世盟股份,XSHE,active,G54道路运输业,证监会行业分类,2026-09-28,baostock
2026-09-30,001221,悍高集团,XSHE,active,C33金属制品业,证监会行业分类,2026-09-28,baostock
2026-09-30,001222,源飞宠物,XSHE,active,C41其他制造业,证监会行业分类,2026-09-28,baostock
2026-09-30,001223,欧克科技,XSHE,active,C35专用设备制造业,证监会行业分类,2026-09-28,baostock
2026-09-30,001225,和泰机电,XSHE,active,C34通用设备制造业,证监会行业分类,2026-09-28,baostock
2026-09-30,001226,拓山重工,XSHE,active,C34通用设备制造业,证监会行业分类,2026-09-28,baostock
2026-09-30,001227,兰州银行,XSHE,active,J66货币金融服务,证监会行业分类,2026-09-28,baostock
2026-09-30,001228,永泰运,XSHE,active,L72商务服务业,证监会行业分类,2026-09-28,baostock
2026-09-30,001229,魅视科技,XSHE,active,C39计算机、通信和其他电子设备制造业,证监会行业分类,2026-09-28,baostock
2026-09-30,001230,劲旅环境,XSHE,active,N78公共设施管理业,证监会行业分类,2026-09-28,baostock
2026-09-30,001231,农心科技,XSHE,active,C26化学原料和化学制品制造业,证监会行业分类,2026-09-28,baostock
2026-09-30,001232,嘉立创,XSHE,active,C39计算机、通信和其他电子设备制造业,证监会行业分类,2026-09-28,baostock
2026-09-30,001233,海安集团,XSHE,active,C29橡胶和塑料制品业,证监会行业分类,2026-09-28,baostock
2026-09-30,001234,泰慕士,XSHE,active,C18纺织服装、服饰业,证监会行业分类,2026-09-28,baostock
2026-09-30,001236,弘业期货,XSHE,active,J67资本市场服务,证监会行业分类,2026-09-28,baostock
2026-09-30,001237,惠康科技,XSHE,active,C38电气机械和器材制造业,证监会行业分类,2026-09-28,baostock
2026-09-30,001238,浙江正特,XSHE,active,C21家具制造业,证监会行业分类,2026-09-28,baostock
2026-09-30,001239,永达股份,XSHE,active,C33金属制品业,证监会行业分类,2026-09-28,baostock
2026-09-30,001248,华润新能源,XSHE,active,D44电力、热力生产和供应业,证监会行业分类,2026-09-28,baostock
2026-09-30,001255,博菲电气,XSHE,active,C26化学原料和化学制品制造业,证监会行业分类,2026-09-28,baostock
2026-09-30,001256,炜冈科技,XSHE,active,C35专用设备制造业,证监会行业分类,2026-09-28,baostock
2026-09-30,001257,盛龙股份,XSHE,active,B09有色金属矿采选业,证监会行业分类,2026-09-28,baostock
2026-09-30,001258,立新能源,XSHE,active,D44电力、热力生产和供应业,证监会行业分类,2026-09-28,baostock
2026-09-30,001259,利仁科技,XSHE,active,C38电气机械和器材制造业,证监会行业分类,2026-09-28,baostock
2026-09-30,001260,坤泰股份,XSHE,active,C36汽车制造业,证监会行业分类,2026-09-28,baostock
2026-09-30,001266,宏英智能,XSHE,active,C40仪器仪表制造业,证监会行业分类,2026-09-28,baostock
2026-09-30,001267,汇绿生态,XSHE,active,C39计算机、通信和其他电子设备制造业,证监会行业分类,2026-09-28,baostock
2026-09-30,001268,联合精密,XSHE,active,C34通用设备制造业,证监会行业分类,2026-09-28,baostock
2026-09-30,001269,欧晶科技,XSHE,active,C42废弃资源综合利用业,证监会行业分类,2026-09-28,baostock
2026-09-30,001270,铖昌科技,XSHE,active,C39计算机、通信和其他电子设备制造业,证监会行业分类,2026-09-28,baostock
2026-09-30,001277,速达股份,XSHE,active,C43金属制品、机械和设备修理业,证监会行业分类,2026-09-28,baostock
2026-09-30,001278,一彬科技,XSHE,active,C36汽车制造业,证监会行业分类,2026-09-28,baostock
2026-09-30,001279,强邦新材,XSHE,active,C23印刷和记录媒介复制业,证监会行业分类,2026-09-28,baostock
2026-09-30,001280,中国铀业,XSHE,active,B09有色金属矿采选业,证监会行业分类,2026-09-28,baostock
2026-09-30,001282,三联锻造,XSHE,active,C36汽车制造业,证监会行业分类,2026-09-28,baostock
2026-09-30,001283,豪鹏科技,XSHE,active,C38电气机械和器材制造业,证监会行业分类,2026-09-28,baostock
2026-09-30,001285,瑞立科密,XSHE,active,C39计算机、通信和其他电子设备制造业,证监会行业分类,2026-09-28,baostock
2026-09-30,001286,陕西能源,XSHE,active,D44电力、热力生产和供应业,证监会行业分类,2026-09-28,baostock
2026-09-30,001287,中电港,XSHE,active,F51批发业,证监会行业分类,2026-09-28,baostock
2026-09-30,001288,运机集团,XSHE,active,C34通用设备制造业,证监会行业分类,2026-09-28,baostock
2026-09-30,001289,龙源电力,XSHE,active,D44电力、热力生产和供应业,证监会行业分类,2026-09-28,baostock
2026-09-30,001296,长江材料,XSHE,active,C30非金属矿物制品业,证监会行业分类,2026-09-28,baostock
2026-09-30,001298,好上好,XSHE,active,F51批发业,证监会行业分类,2026-09-28,baostock
2026-09-30,001299,美能能源,XSHE,active,D45燃气生产和供应业,证监会行业分类,2026-09-28,baostock
2026-09-30,001300,三柏硕,XSHE,active,C24文教、工美、体育和娱乐用品制造业,证监会行业分类,2026-09-28,baostock
2026-09-30,001301,尚太科技,XSHE,active,C30非金属矿物制品业,证监会行业分类,2026-09-28,baostock
2026-09-30,001306,夏厦精密,XSHE,active,C34通用设备制造业,证监会行业分类,2026-09-28,baostock
2026-09-30,001308,康冠科技,XSHE,active,C39计算机、通信和其他电子设备制造业,证监会行业分类,2026-09-28,baostock
2026-09-30,001309,德明利,XSHE,active,C39计算机、通信和其他电子设备制造业,证监会行业分类,2026-09-28,baostock
2026-09-30,001311,多利科技,XSHE,active,C36汽车制造业,证监会行业分类,2026-09-28,baostock
2026-09-30,001312,福恩股份,XSHE,active,C17纺织业,证监会行业分类,2026-09-28,baostock
2026-09-30,001313,粤海饲料,XSHE,active,C13农副食品加工业,证监会行业分类,2026-09-28,baostock
2026-09-30,001314,亿道信息,XSHE,active,C39计算机、通信和其他电子设备制造业,证监会行业分类,2026-09-28,baostock
2026-09-30,001316,润贝航科,XSHE,active,F51批发业,证监会行业分类,2026-09-28,baostock
2026-09-30,001317,三羊马,XSHE,active,G58多式联运和运输代理业,证监会行业分类,2026-09-28,baostock
2026-09-30,001318,阳光乳业,XSHE,active,C14食品制造业,证监会行业分类,2026-09-28,baostock
2026-09-30,001319,铭科精技,XSHE,active,C36汽车制造业,证监会行业分类,2026-09-28,baostock
2026-09-30,001322,箭牌家居,XSHE,active,C30非金属矿物制品业,证监会行业分类,2026-09-28,baostock
2026-09-30,001323,慕思股份,XSHE,active,C21家具制造业,证监会行业分类,2026-09-28,baostock
2026-09-30,001324,长青科技,XSHE,active,C37铁路、船舶、航空航天和其他运输设备制造业,证监会行业分类,2026-09-28,baostock
2026-09-30,001325,元创股份,XSHE,active,C29橡胶和塑料制品业,证监会行业分类,2026-09-28,baostock
2026-09-30,001326,联域股份,XSHE,active,C38电气机械和器材制造业,证监会行业分类,2026-09-28,baostock
2026-09-30,001328,登康口腔,XSHE,active,C26化学原料和化学制品制造业,证监会行业分类,2026-09-28,baostock
2026-09-30,001330,博纳影业,XSHE,active,R87广播、电视、电影和录音制作业,证监会行业分类,2026-09-28,baostock
2026-09-30,001331,胜通能源,XSHE,active,D45燃气生产和供应业,证监会行业分类,2026-09-28,baostock
2026-09-30,001332,锡装股份,XSHE,active,C33金属制品业,证监会行业分类,2026-09-28,baostock
2026-09-30,001333,光华股份,XSHE,active,C26化学原料和化学制品制造业,证监会行业分类,2026-09-28,baostock
2026-09-30,001335,信凯科技,XSHE,active,F51批发业,证监会行业分类,2026-09-28,baostock
2026-09-30,001336,楚环科技,XSHE,active,C35专用设备制造业,证监会行业分类,2026-09-28,baostock
2026-09-30,001337,四川黄金,XSHE,active,B09有色金属矿采选业,证监会行业分类,2026-09-28,baostock
2026-09-30,001338,永顺泰,XSHE,active,C15酒、饮料和精制茶制造业,证监会行业分类,2026-09-28,baostock
2026-09-30,001339,智微智能,XSHE,active,C39计算机、通信和其他电子设备制造业,证监会行业分类,2026-09-28,baostock
2026-09-30,001356,富岭股份,XSHE,active,C29橡胶和塑料制品业,证监会行业分类,2026-09-28,baostock
2026-09-30,001358,兴欣新材,XSHE,active,C26化学原料和化学制品制造业,证监会行业分类,2026-09-28,baostock
2026-09-30,001359,平安电工,XSHE,active,C30非金属矿物制品业,证监会行业分类,2026-09-28,baostock
2026-09-30,001360,南矿集团,XSHE,active,C35专用设备制造业,证监会行业分类,2026-09-28,baostock
2026-09-30,001365,天海电子,XSHE,active,C36汽车制造业,证监会行业分类,2026-09-28,baostock
2026-09-30,001366,播恩集团,XSHE,active,C13农副食品加工业,证监会行业分类,2026-09-28,baostock
2026-09-30,001367,海森药业,XSHE,active,C27医药制造业,证监会行业分类,2026-09-28,baostock
2026-09-30,001368,通达创智,XSHE,active,C29橡胶和塑料制品业,证监会行业分类,2026-09-28,baostock
2026-09-30,001369,双欣材料,XSHE,active,C26化学原料和化学制品制造业,证监会行业分类,2026-09-28,baostock
2026-09-30,001373,翔腾新材,XSHE,active,C39计算机、通信和其他电子设备制造业,证监会行业分类,2026-09-28,baostock
2026-09-30,001376,百通能源,XSHE,active,D44电力、热力生产和供应业,证监会行业分类,2026-09-28,baostock
2026-09-30,001378,德冠新材,XSHE,active,C29橡胶和塑料制品业,证监会行业分类,2026-09-28,baostock
2026-09-30,001379,腾达科技,XSHE,active,C34通用设备制造业,证监会行业分类,2026-09-28,baostock
2026-09-30,001380,华纬科技,XSHE,active,C34通用设备制造业,证监会行业分类,2026-09-28,baostock
2026-09-30,001382,新亚电缆,XSHE,active,C38电气机械和器材制造业,证监会行业分类,2026-09-28,baostock
2026-09-30,001386,马可波罗,XSHE,active,C30非金属矿物制品业,证监会行业分类,2026-09-28,baostock
2026-09-30,001387,雪祺电气,XSHE,active,C38电气机械和器材制造业,证监会行业分类,2026-09-28,baostock
2026-09-30,001388,信通电子,XSHE,active,C39计算机、通信和其他电子设备制造业,证监会行业分类,2026-09-28,baostock
2026-09-30,001389,广合科技,XSHE,active,C39计算机、通信和其他电子设备制造业,证监会行业分类,2026-09-28,baostock
2026-09-30,001390,古麒绒材,XSHE,active,C19皮革、毛皮、羽毛及其制品和制鞋业,证监会行业分类,2026-09-28,baostock
2026-09-30,001391,国货航,XSHE,active,G56航空运输业,证监会行业分类,2026-09-28,baostock
2026-09-30,001393,维通利,XSHE,active,C38电气机械和器材制造业,证监会行业分类,2026-09-28,baostock
2026-09-30,001395,亚联机械,XSHE,active,C35专用设备制造业,证监会行业分类,2026-09-28,baostock
2026-09-30,001396,誉帆科技,XSHE,active,M74专业技术服务业,证监会行业分类,2026-09-28,baostock
2026-09-30,001399,惠科股份,XSHE,active,C39计算机、通信和其他电子设备制造业,证监会行业分类,2026-09-28,baostock
2026-09-30,001400,江顺科技,XSHE,active,C35专用设备制造业,证监会行业分类,2026-09-28,baostock
2026-09-30,001696,宗申动力,XSHE,active,C34通用设备制造业,证监会行业分类,2026-09-28,baostock
2026-09-30,001872,招商港口,XSHE,active,G55水上运输业,证监会行业分类,2026-09-28,baostock
2026-09-30,001896,豫能控股,XSHE,active,D44电力、热力生产和供应业,证监会行业分类,2026-09-28,baostock
2026-09-30,001914,招商积余,XSHE,active,K70房地产业,证监会行业分类,2026-09-28,baostock
2026-09-30,001965,招商公路,XSHE,active,G54道路运输业,证监会行业分类,2026-09-28,baostock
2026-09-30,001979,招商蛇口,XSHE,active,K70房地产业,证监会行业分类,2026-09-28,baostock
2026-09-30,002001,新和成,XSHE,active,C27医药制造业,证监会行业分类,2026-09-28,baostock
2026-09-30,002003,伟星股份,XSHE,active,C18纺织服装、服饰业,证监会行业分类,2026-09-28,baostock
2026-09-30,002004,华邦健康,XSHE,active,C26化学原料和化学制品制造业,证监会行业分类,2026-09-28,baostock
2026-09-30,002005,德豪润达,XSHE,active,C38电气机械和器材制造业,证监会行业分类,2026-09-28,baostock
2026-09-30,002006,精工科技,XSHE,active,C35专用设备制造业,证监会行业分类,2026-09-28,baostock
2026-09-30,002007,华兰生物,XSHE,active,C27医药制造业,证监会行业分类,2026-09-28,baostock
2026-09-30,002008,大族激光,XSHE,active,C35专用设备制造业,证监会行业分类,2026-09-28,baostock
2026-09-30,002009,天奇股份,XSHE,active,C35专用设备制造业,证监会行业分类,2026-09-28,baostock
2026-09-30,002010,传化智联,XSHE,active,L72商务服务业,证监会行业分类,2026-09-28,baostock
2026-09-30,002011,盾安环境,XSHE,active,C34通用设备制造业,证监会行业分类,2026-09-28,baostock
2026-09-30,002012,凯恩股份,XSHE,active,C22造纸和纸制品业,证监会行业分类,2026-09-28,baostock
2026-09-30,002014,永新股份,XSHE,active,C29橡胶和塑料制品业,证监会行业分类,2026-09-28,baostock
2026-09-30,002015,协鑫能科,XSHE,active,D44电力、热力生产和供应业,证监会行业分类,2026-09-28,baostock
2026-09-30,002016,世荣兆业,XSHE,active,K70房地产业,证监会行业分类,2026-09-28,baostock
2026-09-30,002017,东信和平,XSHE,active,C39计算机、通信和其他电子设备制造业,证监会行业分类,2026-09-28,baostock
2026-09-30,002019,亿帆医药,XSHE,active,C27医药制造业,证监会行业分类,2026-09-28,baostock
2026-09-30,002020,京新药业,XSHE,active,C27医药制造业,证监会行业分类,2026-09-28,baostock
2026-09-30,002021,中捷资源,XSHE,active,C35专用设备制造业,证监会行业分类,2026-09-28,baostock
2026-09-30,002022,科华生物,XSHE,active,C27医药制造业,证监会行业分类,2026-09-28,baostock
2026-09-30,002023,海特高新,XSHE,active,C43金属制品、机械和设备修理业,证监会行业分类,2026-09-28,baostock
2026-09-30,002024,ST易购,XSHE,active,F52零售业,证监会行业分类,2026-09-28,baostock
2026-09-30,002025,航天电器,XSHE,active,C39计算机、通信和其他电子设备制造业,证监会行业分类,2026-09-28,baostock
2026-09-30,002026,山东威达,XSHE,active,C38电气机械和器材制造业,证监会行业分类,2026-09-28,baostock
2026-09-30,002027,分众传媒,XSHE,active,L72商务服务业,证监会行业分类,2026-09-28,baostock
2026-09-30,002028,思源电气,XSHE,active,C38电气机械和器材制造业,证监会行业分类,2026-09-28,baostock
2026-09-30,002029,七匹狼,XSHE,active,C18纺织服装、服饰业,证监会行业分类,2026-09-28,baostock
2026-09-30,002030,达安基因,XSHE,active,C27医药制造业,证监会行业分类,2026-09-28,baostock
2026-09-30,002031,巨轮智能,XSHE,active,C35专用设备制造业,证监会行业分类,2026-09-28,baostock
2026-09-30,002032,苏泊尔,XSHE,active,C38电气机械和器材制造业,证监会行业分类,2026-09-28,baostock
2026-09-30,002033,丽江股份,XSHE,active,N78公共设施管理业,证监会行业分类,2026-09-28,baostock
2026-09-30,002034,旺能环境,XSHE,active,D44电力、热力生产和供应业,证监会行业分类,2026-09-28,baostock
2026-09-30,002035,华帝股份,XSHE,active,C38电气机械和器材制造业,证监会行业分类,2026-09-28,baostock
2026-09-30,002036,联创电子,XSHE,active,C39计算机、通信和其他电子设备制造业,证监会行业分类,2026-09-28,baostock
2026-09-30,002037,保利联合,XSHE,active,C26化学原料和化学制品制造业,证监会行业分类,2026-09-28,baostock
2026-09-30,002038,双鹭药业,XSHE,active,C27医药制造业,证监会行业分类,2026-09-28,baostock
2026-09-30,002039,黔源电力,XSHE,active,D44电力、热力生产和供应业,证监会行业分类,2026-09-28,baostock
2026-09-30,002040,南京港,XSHE,active,G55水上运输业,证监会行业分类,2026-09-28,baostock
2026-09-30,002041,登海种业,XSHE,active,A05农、林、牧、渔专业及辅助性活动,证监会行业分类,2026-09-28,baostock
2026-09-30,002042,华孚时尚,XSHE,active,C17纺织业,证监会行业分类,2026-09-28,baostock
2026-09-30,002043,兔宝宝,XSHE,active,C20木材加工和木、竹、藤、棕、草制品业,证监会行业分类,2026-09-28,baostock
2026-09-30,002044,美年健康,XSHE,active,Q84卫生,证监会行业分类,2026-09-28,baostock
2026-09-30,002045,国光电器,XSHE,active,C39计算机、通信和其他电子设备制造业,证监会行业分类,2026-09-28,baostock
2026-09-30,002046,国机精工,XSHE,active,C34通用设备制造业,证监会行业分类,2026-09-28,baostock
2026-09-30,002047,宝鹰股份,XSHE,active,E50建筑装饰、装修和其他建筑业,证监会行业分类,2026-09-28,baostock
2026-09-30,002048,宁波华翔,XSHE,active,C36汽车制造业,证监会行业分类,2026-09-28,baostock
2026-09-30,002049,紫光国微,XSHE,active,C39计算机、通信和其他电子设备制造业,证监会行业分类,2026-09-28,baostock
2026-09-30,002050,三花智控,XSHE,active,C34通用设备制造业,证监会行业分类,2026-09-28,baostock
2026-09-30,002051,中工国际,XSHE,active,E48土木工程建筑业,证监会行业分类,2026-09-28,baostock
2026-09-30,002052,同洲电子,XSHE,active,C39计算机、通信和其他电子设备制造业,证监会行业分类,2026-09-28,baostock
2026-09-30,002053,云南能投,XSHE,active,D44电力、热力生产和供应业,证监会行业分类,2026-09-28,baostock
2026-09-30,002054,德美化工,XSHE,active,C26化学原料和化学制品制造业,证监会行业分类,2026-09-28,baostock
2026-09-30,002055,ST得润,XSHE,active,C39计算机、通信和其他电子设备制造业,证监会行业分类,2026-09-28,baostock
2026-09-30,002056,横店东磁,XSHE,active,C38电气机械和器材制造业,证监会行业分类,2026-09-28,baostock
2026-09-30,002057,中钢天源,XSHE,active,C26化学原料和化学制品制造业,证监会行业分类,2026-09-28,baostock
2026-09-30,002058,紫竹高科,XSHE,active,C40仪器仪表制造业,证监会行业分类,2026-09-28,baostock
2026-09-30,002059,云南旅游,XSHE,active,N78公共设施管理业,证监会行业分类,2026-09-28,baostock
2026-09-30,002060,广东建工,XSHE,active,E48土木工程建筑业,证监会行业分类,2026-09-28,baostock
2026-09-30,002061,浙江交科,XSHE,active,E48土木工程建筑业,证监会行业分类,2026-09-28,baostock
2026-09-30,002062,宏润建设,XSHE,active,E48土木工程建筑业,证监会行业分类,2026-09-28,baostock
2026-09-30,002063,远光软件,XSHE,active,I65软件和信息技术服务业,证监会行业分类,2026-09-28,baostock
2026-09-30,002064,华峰化学,XSHE,active,C28化学纤维制造业,证监会行业分类,2026-09-28,baostock
2026-09-30,002065,东华软件,XSHE,active,I65软件和信息技术服务业,证监会行业分类,2026-09-28,baostock
2026-09-30,002066,瑞泰科技,XSHE,active,C30非金属矿物制品业,证监会行业分类,2026-09-28,baostock
2026-09-30,002067,景兴纸业,XSHE,active,C22造纸和纸制品业,证监会行业分类,2026-09-28,baostock
2026-09-30,002068,黑猫股份,XSHE,active,C26化学原料和化学制品制造业,证监会行业分类,2026-09-28,baostock
2026-09-30,002069,獐子岛,XSHE,active,A04渔业,证监会行业分类,2026-09-28,baostock
2026-09-30,002072,凯瑞德,XSHE,active,F51批发业,证监会行业分类,2026-09-28,baostock
2026-09-30,002073,软控股份,XSHE,active,C35专用设备制造业,证监会行业分类,2026-09-28,baostock
2026-09-30,002074,国轩高科,XSHE,active,C38电气机械和器材制造业,证监会行业分类,2026-09-28,baostock
2026-09-30,002075,沙钢股份,XSHE,active,C31黑色金属冶炼和压延加工业,证监会行业分类,2026-09-28,baostock
2026-09-30,002076,星光股份,XSHE,active,C38电气机械和器材制造业,证监会行业分类,2026-09-28,baostock
2026-09-30,002077,大港股份,XSHE,active,C39计算机、通信和其他电子设备制造业,证监会行业分类,2026-09-28,baostock
2026-09-30,002078,太阳纸业,XSHE,active,C22造纸和纸制品业,证监会行业分类,2026-09-28,baostock
2026-09-30,002079,苏州固锝,XSHE,active,C39计算机、通信和其他电子设备制造业,证监会行业分类,2026-09-28,baostock
2026-09-30,002080,中材科技,XSHE,active,C30非金属矿物制品业,证监会行业分类,2026-09-28,baostock
2026-09-30,002081,金螳螂,XSHE,active,E50建筑装饰、装修和其他建筑业,证监会行业分类,2026-09-28,baostock
2026-09-30,002082,ST万邦,XSHE,active,C27医药制造业,证监会行业分类,2026-09-28,baostock
2026-09-30,002083,孚日股份,XSHE,active,C17纺织业,证监会行业分类,2026-09-28,baostock
2026-09-30,002084,海鸥住工,XSHE,active,C33金属制品业,证监会行业分类,2026-09-28,baostock
2026-09-30,002085,万丰奥威,XSHE,active,C36汽车制造业,证监会行业分类,2026-09-28,baostock
2026-09-30,002086,东方海洋,XSHE,active,A04渔业,证监会行业分类,2026-09-28,baostock
2026-09-30,002088,鲁阳节能,XSHE,active,C30非金属矿物制品业,证监会行业分类,2026-09-28,baostock
2026-09-30,002090,金智科技,XSHE,active,C38电气机械和器材制造业,证监会行业分类,2026-09-28,baostock
2026-09-30,002091,江苏国泰,XSHE,active,F51批发业,证监会行业分类,2026-09-28,baostock
2026-09-30,002092,中泰化学,XSHE,active,C26化学原料和化学制品制造业,证监会行业分类,2026-09-28,baostock
2026-09-30,002093,国脉科技,XSHE,active,I65软件和信息技术服务业,证监会行业分类,2026-09-28,baostock
2026-09-30,002094,青岛金王,XSHE,active,C26化学原料和化学制品制造业,证监会行业分类,2026-09-28,baostock
2026-09-30,002095,生意宝,XSHE,active,I64互联网和相关服务,证监会行业分类,2026-09-28,baostock
2026-09-30,002096,易普力,XSHE,active,C26化学原料和化学制品制造业,证监会行业分类,2026-09-28,baostock
2026-09-30,002097,山河智能,XSHE,active,C35专用设备制造业,证监会行业分类,2026-09-28,baostock
2026-09-30,002098,浔兴股份,XSHE,active,C41其他制造业,证监会行业分类,2026-09-28,baostock
2026-09-30,002099,海翔药业,XSHE,active,C27医药制造业,证监会行业分类,2026-09-28,baostock
2026-09-30,002100,天康生物,XSHE,active,C13农副食品加工业,证监会行业分类,2026-09-28,baostock
2026-09-30,002101,广东鸿图,XSHE,active,C36汽车制造业,证监会行业分类,2026-09-28,baostock
2026-09-30,002102,ST能特,XSHE,active,C27医药制造业,证监会行业分类,2026-09-28,baostock
2026-09-30,002103,广博股份,XSHE,active,C24文教、工美、体育和娱乐用品制造业,证监会行业分类,2026-09-28,baostock
2026-09-30,002104,恒宝股份,XSHE,active,C39计算机、通信和其他电子设备制造业,证监会行业分类,2026-09-28,baostock
2026-09-30,002105,信隆健康,XSHE,active,C37铁路、船舶、航空航天和其他运输设备制造业,证监会行业分类,2026-09-28,baostock
2026-09-30,002106,莱宝高科,XSHE,active,C39计算机、通信和其他电子设备制造业,证监会行业分类,2026-09-28,baostock
2026-09-30,002107,沃华医药,XSHE,active,C27医药制造业,证监会行业分类,2026-09-28,baostock
2026-09-30,002108,沧州明珠,XSHE,active,C29橡胶和塑料制品业,证监会行业分类,2026-09-28,baostock
2026-09-30,002109,ST兴化,XSHE,active,C26化学原料和化学制品制造业,证监会行业分类,2026-09-28,baostock
2026-09-30,002110,三钢闽光,XSHE,active,C31黑色金属冶炼和压延加工业,证监会行业分类,2026-09-28,baostock
2026-09-30,002111,威海广泰,XSHE,active,C35专用设备制造业,证监会行业分类,2026-09-28,baostock
2026-09-30,002112,三变科技,XSHE,active,C38电气机械和器材制造业,证监会行业分类,2026-09-28,baostock
2026-09-30,002114,罗平锌电,XSHE,active,C32有色金属冶炼和压延加工业,证监会行业分类,2026-09-28,baostock
2026-09-30,002115,三维通信,XSHE,active,L72商务服务业,证监会行业分类,2026-09-28,baostock
2026-09-30,002116,中国海诚,XSHE,active,E48土木工程建筑业,证监会行业分类,2026-09-28,baostock
2026-09-30,002117,东港股份,XSHE,active,C23印刷和记录媒介复制业,证监会行业分类,2026-09-28,baostock
2026-09-30,002119,康强电子,XSHE,active,C39计算机、通信和其他电子设备制造业,证监会行业分类,2026-09-28,baostock
2026-09-30,002120,韵达股份,XSHE,active,G60邮政业,证监会行业分类,2026-09-28,baostock
2026-09-30,002121,科陆电子,XSHE,active,C40仪器仪表制造业,证监会行业分类,2026-09-28,baostock
2026-09-30,002122,ST汇洲,XSHE,active,C34通用设备制造业,证监会行业分类,2026-09-28,baostock
2026-09-30,002123,梦网科技,XSHE,active,I65软件和信息技术服务业,证监会行业分类,2026-09-28,baostock
2026-09-30,002124,天邦食品,XSHE,active,A03畜牧业,证监会行业分类,2026-09-28,baostock
2026-09-30,002125,湘潭电化,XSHE,active,C26化学原料和化学制品制造业,证监会行业分类,2026-09-28,baostock
2026-09-30,002126,银轮股份,XSHE,active,C36汽车制造业,证监会行业分类,2026-09-28,baostock
2026-09-30,002127,南极电商,XSHE,active,L72商务服务业,证监会行业分类,2026-09-28,baostock
2026-09-30,002128,电投能源,XSHE,active,B06煤炭开采和洗选业,证监会行业分类,2026-09-28,baostock
2026-09-30,002129,TCL中环,XSHE,active,C38电气机械和器材制造业,证监会行业分类,2026-09-28,baostock
2026-09-30,002130,沃尔核材,XSHE,active,C39计算机、通信和其他电子设备制造业,证监会行业分类,2026-09-28,baostock
2026-09-30,002131,利欧股份,XSHE,active,L72商务服务业,证监会行业分类,2026-09-28,baostock
2026-09-30,002132,恒星科技,XSHE,active,C33金属制品业,证监会行业分类,2026-09-28,baostock
2026-09-30,002133,广宇集团,XSHE,active,K70房地产业,证监会行业分类,2026-09-28,baostock
2026-09-30,002134,天津普林,XSHE,active,C39计算机、通信和其他电子设备制造业,证监会行业分类,2026-09-28,baostock
2026-09-30,002135,东南网架,XSHE,active,C33金属制品业,证监会行业分类,2026-09-28,baostock
2026-09-30,002136,安纳达,XSHE,active,C26化学原料和化学制品制造业,证监会行业分类,2026-09-28,baostock
2026-09-30,002137,实益达,XSHE,active,C38电气机械和器材制造业,证监会行业分类,2026-09-28,baostock
2026-09-30,002138,顺络电子,XSHE,active,C39计算机、通信和其他电子设备制造业,证监会行业分类,2026-09-28,baostock
2026-09-30,002139,拓邦股份,XSHE,active,C38电气机械和器材制造业,证监会行业分类,2026-09-28,baostock
2026-09-30,002140,东华科技,XSHE,active,E48土木工程建筑业,证监会行业分类,2026-09-28,baostock
2026-09-30,002141,贤丰控股,XSHE,active,C38电气机械和器材制造业,证监会行业分类,2026-09-28,baostock
2026-09-30,002142,宁波银行,XSHE,active,J66货币金融服务,证监会行业分类,2026-09-28,baostock
2026-09-30,002144,宏达高科,XSHE,active,C17纺织业,证监会行业分类,2026-09-28,baostock
2026-09-30,002145,钛能化学,XSHE,active,C26化学原料和化学制品制造业,证监会行业分类,2026-09-28,baostock
2026-09-30,002146,荣盛发展,XSHE,active,K70房地产业,证监会行业分类,2026-09-28,baostock
2026-09-30,002148,北纬科技,XSHE,active,I65软件和信息技术服务业,证监会行业分类,2026-09-28,baostock
2026-09-30,002149,西部材料,XSHE,active,C32有色金属冶炼和压延加工业,证监会行业分类,2026-09-28,baostock
2026-09-30,002150,正泰电源,XSHE,active,C38电气机械和器材制造业,证监会行业分类,2026-09-28,baostock
2026-09-30,002151,北斗星通,XSHE,active,C39计算机、通信和其他电子设备制造业,证监会行业分类,2026-09-28,baostock
2026-09-30,002152,广电运通,XSHE,active,C39计算机、通信和其他电子设备制造业,证监会行业分类,2026-09-28,baostock
2026-09-30,002153,石基信息,XSHE,active,I65软件和信息技术服务业,证监会行业分类,2026-09-28,baostock
2026-09-30,002154,报喜鸟,XSHE,active,C18纺织服装、服饰业,证监会行业分类,2026-09-28,baostock
2026-09-30,002155,湖南黄金,XSHE,active,B09有色金属矿采选业,证监会行业分类,2026-09-28,baostock
2026-09-30,002156,通富微电,XSHE,active,C39计算机、通信和其他电子设备制造业,证监会行业分类,2026-09-28,baostock
2026-09-30,002157,正邦科技,XSHE,active,A03畜牧业,证监会行业分类,2026-09-28,baostock
2026-09-30,002158,汉钟精机,XSHE,active,C34通用设备制造业,证监会行业分类,2026-09-28,baostock
2026-09-30,002159,三特索道,XSHE,active,N78公共设施管理业,证监会行业分类,2026-09-28,baostock
2026-09-30,002160,常铝股份,XSHE,active,C32有色金属冶炼和压延加工业,证监会行业分类,2026-09-28,baostock
2026-09-30,002161,远望谷,XSHE,active,C39计算机、通信和其他电子设备制造业,证监会行业分类,2026-09-28,baostock
2026-09-30,002162,悦心健康,XSHE,active,C30非金属矿物制品业,证监会行业分类,2026-09-28,baostock
2026-09-30,002163,海南发展,XSHE,active,E50建筑装饰、装修和其他建筑业,证监会行业分类,2026-09-28,baostock
2026-09-30,002164,宁波东力,XSHE,active,C34通用设备制造业,证监会行业分类,2026-09-28,baostock
2026-09-30,002165,红宝丽,XSHE,active,C26化学原料和化学制品制造业,证监会行业分类,2026-09-28,baostock
2026-09-30,002166,莱茵生物,XSHE,active,C27医药制造业,证监会行业分类,2026-09-28,baostock
2026-09-30,002167,东方锆业,XSHE,active,C32有色金属冶炼和压延加工业,证监会行业分类,2026-09-28,baostock
2026-09-30,002168,ST惠程,XSHE,active,C38电气机械和器材制造业,证监会行业分类,2026-09-28,baostock
2026-09-30,002169,智光电气,XSHE,active,C38电气机械和器材制造业,证监会行业分类,2026-09-28,baostock
2026-09-30,002170,芭田股份,XSHE,active,C26化学原料和化学制品制造业,证监会行业分类,2026-09-28,baostock
2026-09-30,002171,楚江新材,XSHE,active,C32有色金属冶炼和压延加工业,证监会行业分类,2026-09-28,baostock
2026-09-30,002172,澳洋健康,XSHE,active,Q84卫生,证监会行业分类,2026-09-28,baostock
2026-09-30,002173,创新医疗,XSHE,active,Q84卫生,证监会行业分类,2026-09-28,baostock
2026-09-30,002174,游族网络,XSHE,active,I64互联网和相关服务,证监会行业分类,2026-09-28,baostock
2026-09-30,002175,*ST东智,XSHE,active,C40仪器仪表制造业,证监会行业分类,2026-09-28,baostock
2026-09-30,002176,江特电机,XSHE,active,C32有色金属冶炼和压延加工业,证监会行业分类,2026-09-28,baostock
2026-09-30,002177,御银股份,XSHE,active,C35专用设备制造业,证监会行业分类,2026-09-28,baostock
2026-09-30,002178,延华智能,XSHE,active,I65软件和信息技术服务业,证监会行业分类,2026-09-28,baostock
2026-09-30,002179,中航光电,XSHE,active,C39计算机、通信和其他电子设备制造业,证监会行业分类,2026-09-28,baostock
2026-09-30,002180,奔图科技,XSHE,active,C39计算机、通信和其他电子设备制造业,证监会行业分类,2026-09-28,baostock
2026-09-30,002181,粤传媒,XSHE,active,L72商务服务业,证监会行业分类,2026-09-28,baostock
2026-09-30,002182,宝武镁业,XSHE,active,C32有色金属冶炼和压延加工业,证监会行业分类,2026-09-28,baostock
2026-09-30,002183,怡亚通,XSHE,active,L72商务服务业,证监会行业分类,2026-09-28,baostock
2026-09-30,002184,海得控制,XSHE,active,C38电气机械和器材制造业,证监会行业分类,2026-09-28,baostock
2026-09-30,002185,华天科技,XSHE,active,C39计算机、通信和其他电子设备制造业,证监会行业分类,2026-09-28,baostock
2026-09-30,002186,全聚德,XSHE,active,H62餐饮业,证监会行业分类,2026-09-28,baostock
2026-09-30,002187,广百股份,XSHE,active,F52零售业,证监会行业分类,2026-09-28,baostock
2026-09-30,002188,中天服务,XSHE,active,K70房地产业,证监会行业分类,2026-09-28,baostock
2026-09-30,002189,中光学,XSHE,active,C39计算机、通信和其他电子设备制造业,证监会行业分类,2026-09-28,baostock
2026-09-30,002190,成飞集成,XSHE,active,C36汽车制造业,证监会行业分类,2026-09-28,baostock
2026-09-30,002191,劲嘉股份,XSHE,active,C23印刷和记录媒介复制业,证监会行业分类,2026-09-28,baostock
2026-09-30,002192,融捷股份,XSHE,active,B09有色金属矿采选业,证监会行业分类,2026-09-28,baostock
2026-09-30,002193,ST如意,XSHE,active,C18纺织服装、服饰业,证监会行业分类,2026-09-28,baostock
2026-09-30,002194,武汉凡谷,XSHE,active,C39计算机、通信和其他电子设备制造业,证监会行业分类,2026-09-28,baostock
2026-09-30,002195,岩山科技,XSHE,active,I64互联网和相关服务,证监会行业分类,2026-09-28,baostock
2026-09-30,002196,方正电机,XSHE,active,C38电气机械和器材制造业,证监会行业分类,2026-09-28,baostock
2026-09-30,002197,证通电子,XSHE,active,I65软件和信息技术服务业,证监会行业分类,2026-09-28,baostock
2026-09-30,002198,ST嘉应,XSHE,active,C27医药制造业,证监会行业分类,2026-09-28,baostock
2026-09-30,002199,东晶电子,XSHE,active,C39计算机、通信和其他电子设备制造业,证监会行业分类,2026-09-28,baostock
2026-09-30,002200,交投生态,XSHE,active,E48土木工程建筑业,证监会行业分类,2026-09-28,baostock
2026-09-30,002201,九鼎新材,XSHE,active,C30非金属矿物制品业,证监会行业分类,2026-09-28,baostock
2026-09-30,002202,金风科技,XSHE,active,C34通用设备制造业,证监会行业分类,2026-09-28,baostock
2026-09-30,002203,海亮股份,XSHE,active,C32有色金属冶炼和压延加工业,证监会行业分类,2026-09-28,baostock
2026-09-30,002204,大连重工,XSHE,active,C34通用设备制造业,证监会行业分类,2026-09-28,baostock
2026-09-30,002205,国统股份,XSHE,active,C30非金属矿物制品业,证监会行业分类,2026-09-28,baostock
2026-09-30,002206,海利得,XSHE,active,C28化学纤维制造业,证监会行业分类,2026-09-28,baostock
2026-09-30,002207,*ST准油,XSHE,active,B11开采专业及辅助性活动,证监会行业分类,2026-09-28,baostock
2026-09-30,002208,合肥城建,XSHE,active,K70房地产业,证监会行业分类,2026-09-28,baostock
2026-09-30,002209,达意隆,XSHE,active,C35专用设备制造业,证监会行业分类,2026-09-28,baostock
2026-09-30,002210,飞马国际,XSHE,active,L72商务服务业,证监会行业分类,2026-09-28,baostock
2026-09-30,002211,ST宏达,XSHE,active,C26化学原料和化学制品制造业,证监会行业分类,2026-09-28,baostock
2026-09-30,002212,天融信,XSHE,active,I65软件和信息技术服务业,证监会行业分类,2026-09-28,baostock
2026-09-30,002213,大为股份,XSHE,active,C39计算机、通信和其他电子设备制造业,证监会行业分类,2026-09-28,baostock
2026-09-30,002214,大立科技,XSHE,active,C39计算机、通信和其他电子设备制造业,证监会行业分类,2026-09-28,baostock
2026-09-30,002215,诺普信,XSHE,active,C26化学原料和化学制品制造业,证监会行业分类,2026-09-28,baostock
2026-09-30,002216,三全食品,XSHE,active,C14食品制造业,证监会行业分类,2026-09-28,baostock
2026-09-30,002217,ST合力泰,XSHE,active,C39计算机、通信和其他电子设备制造业,证监会行业分类,2026-09-28,baostock
2026-09-30,002218,拓日新能,XSHE,active,C38电气机械和器材制造业,证监会行业分类,2026-09-28,baostock
2026-09-30,002219,新里程,XSHE,active,Q84卫生,证监会行业分类,2026-09-28,baostock
2026-09-30,002221,东华能源,XSHE,active,F51批发业,证监会行业分类,2026-09-28,baostock
2026-09-30,002222,福晶科技,XSHE,active,C39计算机、通信和其他电子设备制造业,证监会行业分类,2026-09-28,baostock
2026-09-30,002223,鱼跃医疗,XSHE,active,C35专用设备制造业,证监会行业分类,2026-09-28,baostock
2026-09-30,002224,三力士,XSHE,active,C29橡胶和塑料制品业,证监会行业分类,2026-09-28,baostock
2026-09-30,002225,濮耐股份,XSHE,active,C30非金属矿物制品业,证监会行业分类,2026-09-28,baostock
2026-09-30,002226,江南化工,XSHE,active,C26化学原料和化学制品制造业,证监会行业分类,2026-09-28,baostock
2026-09-30,002227,*ST特迅,XSHE,active,C38电气机械和器材制造业,证监会行业分类,2026-09-28,baostock
2026-09-30,002228,合兴包装,XSHE,active,C22造纸和纸制品业,证监会行业分类,2026-09-28,baostock
2026-09-30,002229,鸿博股份,XSHE,active,C23印刷和记录媒介复制业,证监会行业分类,2026-09-28,baostock
2026-09-30,002230,科大讯飞,XSHE,active,I65软件和信息技术服务业,证监会行业分类,2026-09-28,baostock
2026-09-30,002232,启明信息,XSHE,active,I65软件和信息技术服务业,证监会行业分类,2026-09-28,baostock
2026-09-30,002233,塔牌集团,XSHE,active,C30非金属矿物制品业,证监会行业分类,2026-09-28,baostock
2026-09-30,002234,民和股份,XSHE,active,A03畜牧业,证监会行业分类,2026-09-28,baostock
2026-09-30,002235,安妮股份,XSHE,active,C22造纸和纸制品业,证监会行业分类,2026-09-28,baostock
2026-09-30,002236,大华股份,XSHE,active,C39计算机、通信和其他电子设备制造业,证监会行业分类,2026-09-28,baostock
2026-09-30,002237,恒邦股份,XSHE,active,C32有色金属冶炼和压延加工业,证监会行业分类,2026-09-28,baostock
2026-09-30,002238,天威视讯,XSHE,active,I63电信、广播电视和卫星传输服务,证监会行业分类,2026-09-28,baostock
2026-09-30,002239,奥特佳,XSHE,active,C36汽车制造业,证监会行业分类,2026-09-28,baostock
2026-09-30,002240,盛新锂能,XSHE,active,C32有色金属冶炼和压延加工业,证监会行业分类,2026-09-28,baostock
2026-09-30,002241,歌尔股份,XSHE,active,C39计算机、通信和其他电子设备制造业,证监会行业分类,2026-09-28,baostock
2026-09-30,002242,九阳股份,XSHE,active,C38电气机械和器材制造业,证监会行业分类,2026-09-28,baostock
2026-09-30,002243,力合科创,XSHE,active,C29橡胶和塑料制品业,证监会行业分类,2026-09-28,baostock
2026-09-30,002244,滨江集团,XSHE,active,K70房地产业,证监会行业分类,2026-09-28,baostock
2026-09-30,002245,蔚蓝锂芯,XSHE,active,C38电气机械和器材制造业,证监会行业分类,2026-09-28,baostock
2026-09-30,002246,北化股份,XSHE,active,C26化学原料和化学制品制造业,证监会行业分类,2026-09-28,baostock
2026-09-30,002247,聚力文化,XSHE,active,C22造纸和纸制品业,证监会行业分类,2026-09-28,baostock
2026-09-30,002248,华东数控,XSHE,active,C34通用设备制造业,证监会行业分类,2026-09-28,baostock
2026-09-30,002249,大洋电机,XSHE,active,C38电气机械和器材制造业,证监会行业分类,2026-09-28,baostock
2026-09-30,002250,联化科技,XSHE,active,C26化学原料和化学制品制造业,证监会行业分类,2026-09-28,baostock
2026-09-30,002251,步步高,XSHE,active,F52零售业,证监会行业分类,2026-09-28,baostock
2026-09-30,002252,上海莱士,XSHE,active,C27医药制造业,证监会行业分类,2026-09-28,baostock
2026-09-30,002253,川大智胜,XSHE,active,I65软件和信息技术服务业,证监会行业分类,2026-09-28,baostock
2026-09-30,002254,泰和新材,XSHE,active,C28化学纤维制造业,证监会行业分类,2026-09-28,baostock
2026-09-30,002255,海陆重工,XSHE,active,C34通用设备制造业,证监会行业分类,2026-09-28,baostock
2026-09-30,002256,兆新股份,XSHE,active,D44电力、热力生产和供应业,证监会行业分类,2026-09-28,baostock
2026-09-30,002258,利尔化学,XSHE,active,C26化学原料和化学制品制造业,证监会行业分类,2026-09-28,baostock
2026-09-30,002259,升达林业,XSHE,active,D45燃气生产和供应业,证监会行业分类,2026-09-28,baostock
2026-09-30,002261,拓维信息,XSHE,active,I65软件和信息技术服务业,证监会行业分类,2026-09-28,baostock
2026-09-30,002262,恩华药业,XSHE,active,C27医药制造业,证监会行业分类,2026-09-28,baostock
2026-09-30,002263,大东南,XSHE,active,C29橡胶和塑料制品业,证监会行业分类,2026-09-28,baostock
2026-09-30,002264,新华都,XSHE,active,I64互联网和相关服务,证监会行业分类,2026-09-28,baostock
2026-09-30,002265,建设工业,XSHE,active,C36汽车制造业,证监会行业分类,2026-09-28,baostock
2026-09-30,002266,浙富控股,XSHE,active,N77生态保护和环境治理业,证监会行业分类,2026-09-28,baostock
2026-09-30,002267,陕天然气,XSHE,active,D45燃气生产和供应业,证监会行业分类,2026-09-28,baostock
2026-09-30,002268,电科网安,XSHE,active,I65软件和信息技术服务业,证监会行业分类,2026-09-28,baostock
2026-09-30,002269,美邦服饰,XSHE,active,C18纺织服装、服饰业,证监会行业分类,2026-09-28,baostock
2026-09-30,002270,华明装备,XSHE,active,C38电气机械和器材制造业,证监会行业分类,2026-09-28,baostock
2026-09-30,002271,东方雨虹,XSHE,active,C30非金属矿物制品业,证监会行业分类,2026-09-28,baostock
2026-09-30,002272,川润股份,XSHE,active,C34通用设备制造业,证监会行业分类,2026-09-28,baostock
2026-09-30,002273,水晶光电,XSHE,active,C39计算机、通信和其他电子设备制造业,证监会行业分类,2026-09-28,baostock
2026-09-30,002274,华昌化工,XSHE,active,C26化学原料和化学制品制造业,证监会行业分类,2026-09-28,baostock
2026-09-30,002275,桂林三金,XSHE,active,C27医药制造业,证监会行业分类,2026-09-28,baostock
2026-09-30,002276,万马股份,XSHE,active,C38电气机械和器材制造业,证监会行业分类,2026-09-28,baostock
2026-09-30,002277,友阿股份,XSHE,active,F52零售业,证监会行业分类,2026-09-28,baostock
2026-09-30,002278,神开股份,XSHE,active,C35专用设备制造业,证监会行业分类,2026-09-28,baostock
2026-09-30,002279,久其软件,XSHE,active,I65软件和信息技术服务业,证监会行业分类,2026-09-28,baostock
2026-09-30,002281,光迅科技,XSHE,active,C39计算机、通信和其他电子设备制造业,证监会行业分类,2026-09-28,baostock
2026-09-30,002282,博深股份,XSHE,active,C30非金属矿物制品业,证监会行业分类,2026-09-28,baostock
2026-09-30,002283,天润工业,XSHE,active,C36汽车制造业,证监会行业分类,2026-09-28,baostock
2026-09-30,002284,亚太股份,XSHE,active,C36汽车制造业,证监会行业分类,2026-09-28,baostock
2026-09-30,002285,世联行,XSHE,active,K70房地产业,证监会行业分类,2026-09-28,baostock
2026-09-30,002286,保龄宝,XSHE,active,C13农副食品加工业,证监会行业分类,2026-09-28,baostock
2026-09-30,002287,奇正藏药,XSHE,active,C27医药制造业,证监会行业分类,2026-09-28,baostock
2026-09-30,002289,宇顺电子,XSHE,active,C39计算机、通信和其他电子设备制造业,证监会行业分类,2026-09-28,baostock
2026-09-30,002290,禾盛新材,XSHE,active,C38电气机械和器材制造业,证监会行业分类,2026-09-28,baostock
2026-09-30,002291,遥望科技,XSHE,active,I64互联网和相关服务,证监会行业分类,2026-09-28,baostock
2026-09-30,002292,奥飞娱乐,XSHE,active,C24文教、工美、体育和娱乐用品制造业,证监会行业分类,2026-09-28,baostock
2026-09-30,002293,罗莱生活,XSHE,active,C17纺织业,证监会行业分类,2026-09-28,baostock
2026-09-30,002294,信立泰,XSHE,active,C27医药制造业,证监会行业分类,2026-09-28,baostock
2026-09-30,002295,精艺股份,XSHE,active,C32有色金属冶炼和压延加工业,证监会行业分类,2026-09-28,baostock
2026-09-30,002296,辉煌科技,XSHE,active,C38电气机械和器材制造业,证监会行业分类,2026-09-28,baostock
2026-09-30,002297,博云新材,XSHE,active,C33金属制品业,证监会行业分类,2026-09-28,baostock
2026-09-30,002298,中电鑫龙,XSHE,active,C38电气机械和器材制造业,证监会行业分类,2026-09-28,baostock
2026-09-30,002299,圣农发展,XSHE,active,C13农副食品加工业,证监会行业分类,2026-09-28,baostock
2026-09-30,002300,太阳电缆,XSHE,active,C38电气机械和器材制造业,证监会行业分类,2026-09-28,baostock
2026-09-30,002301,齐心集团,XSHE,active,C24文教、工美、体育和娱乐用品制造业,证监会行业分类,2026-09-28,baostock
2026-09-30,002302,西部建设,XSHE,active,C30非金属矿物制品业,证监会行业分类,2026-09-28,baostock
2026-09-30,002303,美盈森,XSHE,active,C22造纸和纸制品业,证监会行业分类,2026-09-28,baostock
2026-09-30,002304,洋河股份,XSHE,active,C15酒、饮料和精制茶制造业,证监会行业分类,2026-09-28,baostock
2026-09-30,002305,*ST南置,XSHE,active,K70房地产业,证监会行业分类,2026-09-28,baostock
2026-09-30,002306,ST云网,XSHE,active,H62餐饮业,证监会行业分类,2026-09-28,baostock
2026-09-30,002307,北新路桥,XSHE,active,E48土木工程建筑业,证监会行业分类,2026-09-28,baostock
2026-09-30,002309,中利集团,XSHE,active,C38电气机械和器材制造业,证监会行业分类,2026-09-28,baostock
2026-09-30,002310,东方新能,XSHE,active,D44电力、热力生产和供应业,证监会行业分类,2026-09-28,baostock
2026-09-30,002311,海大集团,XSHE,active,C13农副食品加工业,证监会行业分类,2026-09-28,baostock
2026-09-30,002312,川发龙蟒,XSHE,active,C26化学原料和化学制品制造业,证监会行业分类,2026-09-28,baostock
2026-09-30,002313,日海智能,XSHE,active,C39计算机、通信和其他电子设备制造业,证监会行业分类,2026-09-28,baostock
2026-09-30,002314,南山控股,XSHE,active,K70房地产业,证监会行业分类,2026-09-28,baostock
2026-09-30,002315,焦点科技,XSHE,active,I64互联网和相关服务,证监会行业分类,2026-09-28,baostock
2026-09-30,002316,亚联发展,XSHE,active,I65软件和信息技术服务业,证监会行业分类,2026-09-28,baostock
2026-09-30,002317,众生药业,XSHE,active,C27医药制造业,证监会行业分类,2026-09-28,baostock
2026-09-30,002318,久立特材,XSHE,active,C33金属制品业,证监会行业分类,2026-09-28,baostock
2026-09-30,002319,乐通股份,XSHE,active,C26化学原料和化学制品制造业,证监会行业分类,2026-09-28,baostock
2026-09-30,002320,海峡股份,XSHE,active,G55水上运输业,证监会行业分类,2026-09-28,baostock
2026-09-30,002321,华英农业,XSHE,active,A03畜牧业,证监会行业分类,2026-09-28,baostock
2026-09-30,002322,理工能科,XSHE,active,I65软件和信息技术服务业,证监会行业分类,2026-09-28,baostock
2026-09-30,002323,*ST雅博,XSHE,active,E50建筑装饰、装修和其他建筑业,证监会行业分类,2026-09-28,baostock
2026-09-30,002324,普利特,XSHE,active,C29橡胶和塑料制品业,证监会行业分类,2026-09-28,baostock
2026-09-30,002326,永太科技,XSHE,active,C26化学原料和化学制品制造业,证监会行业分类,2026-09-28,baostock
2026-09-30,002327,富安娜,XSHE,active,C17纺织业,证监会行业分类,2026-09-28,baostock
2026-09-30,002328,新朋股份,XSHE,active,C36汽车制造业,证监会行业分类,2026-09-28,baostock
2026-09-30,002329,皇氏集团,XSHE,active,C14食品制造业,证监会行业分类,2026-09-28,baostock
2026-09-30,002330,得利斯,XSHE,active,C13农副食品加工业,证监会行业分类,2026-09-28,baostock
2026-09-30,002331,皖通科技,XSHE,active,I65软件和信息技术服务业,证监会行业分类,2026-09-28,baostock
2026-09-30,002332,仙琚制药,XSHE,active,C27医药制造业,证监会行业分类,2026-09-28,baostock
2026-09-30,002333,罗普斯金,XSHE,active,C32有色金属冶炼和压延加工业,证监会行业分类,2026-09-28,baostock
2026-09-30,002334,英威腾,XSHE,active,C38电气机械和器材制造业,证监会行业分类,2026-09-28,baostock
2026-09-30,002335,科华数据,XSHE,active,C38电气机械和器材制造业,证监会行业分类,2026-09-28,baostock
2026-09-30,002337,赛象科技,XSHE,active,C35专用设备制造业,证监会行业分类,2026-09-28,baostock
2026-09-30,002338,奥普光电,XSHE,active,C40仪器仪表制造业,证监会行业分类,2026-09-28,baostock
2026-09-30,002339,积成电子,XSHE,active,C38电气机械和器材制造业,证监会行业分类,2026-09-28,baostock
2026-09-30,002340,格林美,XSHE,active,C42废弃资源综合利用业,证监会行业分类,2026-09-28,baostock
2026-09-30,002342,巨力索具,XSHE,active,C33金属制品业,证监会行业分类,2026-09-28,baostock
2026-09-30,002343,慈文传媒,XSHE,active,R87广播、电视、电影和录音制作业,证监会行业分类,2026-09-28,baostock
2026-09-30,002344,海宁皮城,XSHE,active,L72商务服务业,证监会行业分类,2026-09-28,baostock
2026-09-30,002345,潮宏基,XSHE,active,C24文教、工美、体育和娱乐用品制造业,证监会行业分类,2026-09-28,baostock
2026-09-30,002346,柘中股份,XSHE,active,C38电气机械和器材制造业,证监会行业分类,2026-09-28,baostock
2026-09-30,002347,泰尔股份,XSHE,active,C34通用设备制造业,证监会行业分类,2026-09-28,baostock
2026-09-30,002348,高乐股份,XSHE,active,C24文教、工美、体育和娱乐用品制造业,证监会行业分类,2026-09-28,baostock
2026-09-30,002349,精华制药,XSHE,active,C27医药制造业,证监会行业分类,2026-09-28,baostock
2026-09-30,002350,北京科锐,XSHE,active,C38电气机械和器材制造业,证监会行业分类,2026-09-28,baostock
2026-09-30,002351,漫步者,XSHE,active,C39计算机、通信和其他电子设备制造业,证监会行业分类,2026-09-28,baostock
2026-09-30,002352,顺丰控股,XSHE,active,G60邮政业,证监会行业分类,2026-09-28,baostock
2026-09-30,002353,杰瑞股份,XSHE,active,C35专用设备制造业,证监会行业分类,2026-09-28,baostock
2026-09-30,002354,天娱数科,XSHE,active,I64互联网和相关服务,证监会行业分类,2026-09-28,baostock
2026-09-30,002355,兴民智通,XSHE,active,C36汽车制造业,证监会行业分类,2026-09-28,baostock
2026-09-30,002356,鹏飞绿能,XSHE,active,F52零售业,证监会行业分类,2026-09-28,baostock
2026-09-30,002357,富临运业,XSHE,active,G54道路运输业,证监会行业分类,2026-09-28,baostock
2026-09-30,002358,森源电气,XSHE,active,C38电气机械和器材制造业,证监会行业分类,2026-09-28,baostock
2026-09-30,002360,ST同德,XSHE,active,C26化学原料和化学制品制造业,证监会行业分类,2026-09-28,baostock
2026-09-30,002361,神剑股份,XSHE,active,C26化学原料和化学制品制造业,证监会行业分类,2026-09-28,baostock
2026-09-30,002362,汉王科技,XSHE,active,C39计算机、通信和其他电子设备制造业,证监会行业分类,2026-09-28,baostock
2026-09-30,002363,隆基机械,XSHE,active,C36汽车制造业,证监会行业分类,2026-09-28,baostock
2026-09-30,002364,中恒电气,XSHE,active,C38电气机械和器材制造业,证监会行业分类,2026-09-28,baostock
2026-09-30,002365,永安药业,XSHE,active,C27医药制造业,证监会行业分类,2026-09-28,baostock
2026-09-30,002366,融发核电,XSHE,active,C35专用设备制造业,证监会行业分类,2026-09-28,baostock
2026-09-30,002367,康力电梯,XSHE,active,C34通用设备制造业,证监会行业分类,2026-09-28,baostock
2026-09-30,002368,太极股份,XSHE,active,I65软件和信息技术服务业,证监会行业分类,2026-09-28,baostock
2026-09-30,002369,卓翼科技,XSHE,active,C39计算机、通信和其他电子设备制造业,证监会行业分类,2026-09-28,baostock
2026-09-30,002370,亚太药业,XSHE,active,C27医药制造业,证监会行业分类,2026-09-28,baostock
2026-09-30,002371,北方华创,XSHE,active,C35专用设备制造业,证监会行业分类,2026-09-28,baostock
2026-09-30,002372,伟星新材,XSHE,active,C29橡胶和塑料制品业,证监会行业分类,2026-09-28,baostock
2026-09-30,002373,千方科技,XSHE,active,I65软件和信息技术服务业,证监会行业分类,2026-09-28,baostock
2026-09-30,002374,中锐股份,XSHE,active,C33金属制品业,证监会行业分类,2026-09-28,baostock
2026-09-30,002375,亚厦股份,XSHE,active,E50建筑装饰、装修和其他建筑业,证监会行业分类,2026-09-28,baostock
2026-09-30,002376,新北洋,XSHE,active,C39计算机、通信和其他电子设备制造业,证监会行业分类,2026-09-28,baostock
2026-09-30,002377,国创高新,XSHE,active,C25石油、煤炭及其他燃料加工业,证监会行业分类,2026-09-28,baostock
2026-09-30,002378,章源钨业,XSHE,active,C32有色金属冶炼和压延加工业,证监会行业分类,2026-09-28,baostock
2026-09-30,002379,宏桥控股,XSHE,active,C32有色金属冶炼和压延加工业,证监会行业分类,2026-09-28,baostock
2026-09-30,002380,科远智慧,XSHE,active,I65软件和信息技术服务业,证监会行业分类,2026-09-28,baostock
2026-09-30,002381,双箭股份,XSHE,active,C29橡胶和塑料制品业,证监会行业分类,2026-09-28,baostock
2026-09-30,002382,蓝帆医疗,XSHE,active,C29橡胶和塑料制品业,证监会行业分类,2026-09-28,baostock
2026-09-30,002383,合众思壮,XSHE,active,C39计算机、通信和其他电子设备制造业,证监会行业分类,2026-09-28,baostock
2026-09-30,002384,东山精密,XSHE,active,C39计算机、通信和其他电子设备制造业,证监会行业分类,2026-09-28,baostock
2026-09-30,002385,大北农,XSHE,active,C13农副食品加工业,证监会行业分类,2026-09-28,baostock
2026-09-30,002386,天原股份,XSHE,active,C26化学原料和化学制品制造业,证监会行业分类,2026-09-28,baostock
2026-09-30,002387,维信诺,XSHE,active,C39计算机、通信和其他电子设备制造业,证监会行业分类,2026-09-28,baostock
2026-09-30,002388,新亚制程,XSHE,active,C39计算机、通信和其他电子设备制造业,证监会行业分类,2026-09-28,baostock
2026-09-30,002389,航天彩虹,XSHE,active,C37铁路、船舶、航空航天和其他运输设备制造业,证监会行业分类,2026-09-28,baostock
2026-09-30,002390,信邦制药,XSHE,active,F51批发业,证监会行业分类,2026-09-28,baostock
2026-09-30,002391,长青股份,XSHE,active,C26化学原料和化学制品制造业,证监会行业分类,2026-09-28,baostock
2026-09-30,002392,北京利尔,XSHE,active,C30非金属矿物制品业,证监会行业分类,2026-09-28,baostock
2026-09-30,002393,力生制药,XSHE,active,C27医药制造业,证监会行业分类,2026-09-28,baostock
2026-09-30,002394,联发股份,XSHE,active,C17纺织业,证监会行业分类,2026-09-28,baostock
2026-09-30,002395,双象股份,XSHE,active,C29橡胶和塑料制品业,证监会行业分类,2026-09-28,baostock
2026-09-30,002396,星网锐捷,XSHE,active,C39计算机、通信和其他电子设备制造业,证监会行业分类,2026-09-28,baostock
2026-09-30,002397,梦洁股份,XSHE,active,C17纺织业,证监会行业分类,2026-09-28,baostock
2026-09-30,002398,垒知集团,XSHE,active,C26化学原料和化学制品制造业,证监会行业分类,2026-09-28,baostock
2026-09-30,002399,海普瑞,XSHE,active,C27医药制造业,证监会行业分类,2026-09-28,baostock
2026-09-30,002400,省广集团,XSHE,active,L72商务服务业,证监会行业分类,2026-09-28,baostock
2026-09-30,002401,中远海科,XSHE,active,I65软件和信息技术服务业,证监会行业分类,2026-09-28,baostock
2026-09-30,002402,和而泰,XSHE,active,C39计算机、通信和其他电子设备制造业,证监会行业分类,2026-09-28,baostock
2026-09-30,002403,爱仕达,XSHE,active,C33金属制品业,证监会行业分类,2026-09-28,baostock
2026-09-30,002404,嘉欣丝绸,XSHE,active,C18纺织服装、服饰业,证监会行业分类,2026-09-28,baostock
2026-09-30,002405,四维图新,XSHE,active,I65软件和信息技术服务业,证监会行业分类,2026-09-28,baostock
2026-09-30,002406,远东传动,XSHE,active,C36汽车制造业,证监会行业分类,2026-09-28,baostock
2026-09-30,002407,多氟多,XSHE,active,C26化学原料和化学制品制造业,证监会行业分类,2026-09-28,baostock
2026-09-30,002408,齐翔腾达,XSHE,active,C26化学原料和化学制品制造业,证监会行业分类,2026-09-28,baostock
2026-09-30,002409,雅克科技,XSHE,active,C26化学原料和化学制品制造业,证监会行业分类,2026-09-28,baostock
2026-09-30,002410,广联达,XSHE,active,I65软件和信息技术服务业,证监会行业分类,2026-09-28,baostock
2026-09-30,002412,汉森制药,XSHE,active,C27医药制造业,证监会行业分类,2026-09-28,baostock
2026-09-30,002413,雷科防务,XSHE,active,C39计算机、通信和其他电子设备制造业,证监会行业分类,2026-09-28,baostock
2026-09-30,002414,高德红外,XSHE,active,C39计算机、通信和其他电子设备制造业,证监会行业分类,2026-09-28,baostock
2026-09-30,002415,海康威视,XSHE,active,C39计算机、通信和其他电子设备制造业,证监会行业分类,2026-09-28,baostock
2026-09-30,002416,爱施德,XSHE,active,F51批发业,证监会行业分类,2026-09-28,baostock
2026-09-30,002418,康盛股份,XSHE,active,C34通用设备制造业,证监会行业分类,2026-09-28,baostock
2026-09-30,002419,天虹股份,XSHE,active,F52零售业,证监会行业分类,2026-09-28,baostock
2026-09-30,002420,毅昌科技,XSHE,active,C29橡胶和塑料制品业,证监会行业分类,2026-09-28,baostock
2026-09-30,002421,达实智能,XSHE,active,I65软件和信息技术服务业,证监会行业分类,2026-09-28,baostock
2026-09-30,002422,科伦药业,XSHE,active,C27医药制造业,证监会行业分类,2026-09-28,baostock
2026-09-30,002423,中粮资本,XSHE,active,J68保险业,证监会行业分类,2026-09-28,baostock
2026-09-30,002424,ST百灵,XSHE,active,C27医药制造业,证监会行业分类,2026-09-28,baostock
2026-09-30,002425,凯撒文化,XSHE,active,I64互联网和相关服务,证监会行业分类,2026-09-28,baostock
2026-09-30,002426,胜利精密,XSHE,active,C39计算机、通信和其他电子设备制造业,证监会行业分类,2026-09-28,baostock
2026-09-30,002427,尤夫股份,XSHE,active,C28化学纤维制造业,证监会行业分类,2026-09-28,baostock
2026-09-30,002428,云南锗业,XSHE,active,C32有色金属冶炼和压延加工业,证监会行业分类,2026-09-28,baostock
2026-09-30,002429,兆驰股份,XSHE,active,C39计算机、通信和其他电子设备制造业,证监会行业分类,2026-09-28,baostock
2026-09-30,002430,杭氧股份,XSHE,active,C35专用设备制造业,证监会行业分类,2026-09-28,baostock
2026-09-30,002431,ST棕榈,XSHE,active,E48土木工程建筑业,证监会行业分类,2026-09-28,baostock
2026-09-30,002432,九安医疗,XSHE,active,C35专用设备制造业,证监会行业分类,2026-09-28,baostock
2026-09-30,002434,万里扬,XSHE,active,C36汽车制造业,证监会行业分类,2026-09-28,baostock
2026-09-30,002436,兴森科技,XSHE,active,C39计算机、通信和其他电子设备制造业,证监会行业分类,2026-09-28,baostock
2026-09-30,002437,誉衡药业,XSHE,active,C27医药制造业,证监会行业分类,2026-09-28,baostock
2026-09-30,002438,江苏神通,XSHE,active,C34通用设备制造业,证监会行业分类,2026-09-28,baostock
2026-09-30,002439,启明星辰,XSHE,active,I65软件和信息技术服务业,证监会行业分类,2026-09-28,baostock
2026-09-30,002440,闰土股份,XSHE,active,C26化学原料和化学制品制造业,证监会行业分类,2026-09-28,baostock
2026-09-30,002441,众业达,XSHE,active,F51批发业,证监会行业分类,2026-09-28,baostock
2026-09-30,002442,龙星科技,XSHE,active,C26化学原料和化学制品制造业,证监会行业分类,2026-09-28,baostock
2026-09-30,002443,金洲管道,XSHE,active,C33金属制品业,证监会行业分类,2026-09-28,baostock
2026-09-30,002444,巨星科技,XSHE,active,C33金属制品业,证监会行业分类,2026-09-28,baostock
2026-09-30,002445,中南文化,XSHE,active,C33金属制品业,证监会行业分类,2026-09-28,baostock
2026-09-30,002446,盛路通信,XSHE,active,C39计算机、通信和其他电子设备制造业,证监会行业分类,2026-09-28,baostock
2026-09-30,002448,中原内配,XSHE,active,C36汽车制造业,证监会行业分类,2026-09-28,baostock
2026-09-30,002449,国星光电,XSHE,active,C39计算机、通信和其他电子设备制造业,证监会行业分类,2026-09-28,baostock
2026-09-30,002451,摩恩电气,XSHE,active,C38电气机械和器材制造业,证监会行业分类,2026-09-28,baostock
2026-09-30,002452,长高电气,XSHE,active,C38电气机械和器材制造业,证监会行业分类,2026-09-28,baostock
2026-09-30,002453,华软科技,XSHE,active,C26化学原料和化学制品制造业,证监会行业分类,2026-09-28,baostock
2026-09-30,002454,松芝股份,XSHE,active,C36汽车制造业,证监会行业分类,2026-09-28,baostock
2026-09-30,002455,百川股份,XSHE,active,C26化学原料和化学制品制造业,证监会行业分类,2026-09-28,baostock
2026-09-30,002456,欧菲光,XSHE,active,C39计算机、通信和其他电子设备制造业,证监会行业分类,2026-09-28,baostock
2026-09-30,002457,青龙管业,XSHE,active,C30非金属矿物制品业,证监会行业分类,2026-09-28,baostock
2026-09-30,002458,益生股份,XSHE,active,A03畜牧业,证监会行业分类,2026-09-28,baostock
2026-09-30,002459,晶澳科技,XSHE,active,C38电气机械和器材制造业,证监会行业分类,2026-09-28,baostock
2026-09-30,002460,赣锋锂业,XSHE,active,C32有色金属冶炼和压延加工业,证监会行业分类,2026-09-28,baostock
2026-09-30,002461,珠江啤酒,XSHE,active,C15酒、饮料和精制茶制造业,证监会行业分类,2026-09-28,baostock
2026-09-30,002462,嘉事堂,XSHE,active,F51批发业,证监会行业分类,2026-09-28,baostock
2026-09-30,002463,沪电股份,XSHE,active,C39计算机、通信和其他电子设备制造业,证监会行业分类,2026-09-28,baostock
2026-09-30,002465,海格通信,XSHE,active,C39计算机、通信和其他电子设备制造业,证监会行业分类,2026-09-28,baostock
2026-09-30,002466,天齐锂业,XSHE,active,C32有色金属冶炼和压延加工业,证监会行业分类,2026-09-28,baostock
2026-09-30,002467,二六三,XSHE,active,I64互联网和相关服务,证监会行业分类,2026-09-28,baostock
2026-09-30,002468,申通快递,XSHE,active,G60邮政业,证监会行业分类,2026-09-28,baostock
2026-09-30,002469,三维化学,XSHE,active,C26化学原料和化学制品制造业,证监会行业分类,2026-09-28,baostock
2026-09-30,002470,金正大,XSHE,active,C26化学原料和化学制品制造业,证监会行业分类,2026-09-28,baostock
2026-09-30,002471,中超控股,XSHE,active,C38电气机械和器材制造业,证监会行业分类,2026-09-28,baostock
2026-09-30,002472,双环传动,XSHE,active,C36汽车制造业,证监会行业分类,2026-09-28,baostock
2026-09-30,002474,榕基软件,XSHE,active,I65软件和信息技术服务业,证监会行业分类,2026-09-28,baostock
2026-09-30,002475,立讯精密,XSHE,active,C39计算机、通信和其他电子设备制造业,证监会行业分类,2026-09-28,baostock
2026-09-30,002476,新叶股份,XSHE,active,C26化学原料和化学制品制造业,证监会行业分类,2026-09-28,baostock
2026-09-30,002478,常宝股份,XSHE,active,C33金属制品业,证监会行业分类,2026-09-28,baostock
2026-09-30,002479,富春环保,XSHE,active,D44电力、热力生产和供应业,证监会行业分类,2026-09-28,baostock
2026-09-30,002480,新筑股份,XSHE,active,C34通用设备制造业,证监会行业分类,2026-09-28,baostock
2026-09-30,002481,双塔食品,XSHE,active,C14食品制造业,证监会行业分类,2026-09-28,baostock
2026-09-30,002482,广田集团,XSHE,active,E50建筑装饰、装修和其他建筑业,证监会行业分类,2026-09-28,baostock
2026-09-30,002483,润邦股份,XSHE,active,C34通用设备制造业,证监会行业分类,2026-09-28,baostock
2026-09-30,002484,江海股份,XSHE,active,C39计算机、通信和其他电子设备制造业,证监会行业分类,2026-09-28,baostock
2026-09-30,002485,ST雪发,XSHE,active,L72商务服务业,证监会行业分类,2026-09-28,baostock
2026-09-30,002486,嘉麟杰,XSHE,active,C18纺织服装、服饰业,证监会行业分类,2026-09-28,baostock
2026-09-30,002487,大金重工,XSHE,active,C33金属制品业,证监会行业分类,2026-09-28,baostock
2026-09-30,002488,金固股份,XSHE,active,C36汽车制造业,证监会行业分类,2026-09-28,baostock
2026-09-30,002489,浙江永强,XSHE,active,C21家具制造业,证监会行业分类,2026-09-28,baostock
2026-09-30,002490,山东墨龙,XSHE,active,C35专用设备制造业,证监会行业分类,2026-09-28,baostock
2026-09-30,002491,通鼎互联,XSHE,active,C38电气机械和器材制造业,证监会行业分类,2026-09-28,baostock
2026-09-30,002492,恒基达鑫,XSHE,active,G59装卸搬运和仓储业,证监会行业分类,2026-09-28,baostock
2026-09-30,002493,荣盛石化,XSHE,active,C26化学原料和化学制品制造业,证监会行业分类,2026-09-28,baostock
2026-09-30,002494,华斯股份,XSHE,active,C19皮革、毛皮、羽毛及其制品和制鞋业,证监会行业分类,2026-09-28,baostock
2026-09-30,002495,佳隆股份,XSHE,active,C14食品制造业,证监会行业分类,2026-09-28,baostock
2026-09-30,002496,辉丰股份,XSHE,active,C26化学原料和化学制品制造业,证监会行业分类,2026-09-28,baostock
2026-09-30,002497,雅化集团,XSHE,active,C32有色金属冶炼和压延加工业,证监会行业分类,2026-09-28,baostock
2026-09-30,002498,汉缆股份,XSHE,active,C38电气机械和器材制造业,证监会行业分类,2026-09-28,baostock
2026-09-30,002500,山西证券,XSHE,active,J67资本市场服务,证监会行业分类,2026-09-28,baostock
2026-09-30,002501,*ST利源,XSHE,active,C32有色金属冶炼和压延加工业,证监会行业分类,2026-09-28,baostock
2026-09-30,002506,协鑫集成,XSHE,active,C38电气机械和器材制造业,证监会行业分类,2026-09-28,baostock
2026-09-30,002507,涪陵榨菜,XSHE,active,C14食品制造业,证监会行业分类,2026-09-28,baostock
2026-09-30,002508,老板电器,XSHE,active,C38电气机械和器材制造业,证监会行业分类,2026-09-28,baostock
2026-09-30,002510,天汽模,XSHE,active,C36汽车制造业,证监会行业分类,2026-09-28,baostock
2026-09-30,002511,中顺洁柔,XSHE,active,C22造纸和纸制品业,证监会行业分类,2026-09-28,baostock
2026-09-30,002512,ST达华,XSHE,active,C39计算机、通信和其他电子设备制造业,证监会行业分类,2026-09-28,baostock
2026-09-30,002513,蓝丰生化,XSHE,active,C38电气机械和器材制造业,证监会行业分类,2026-09-28,baostock
2026-09-30,002514,*ST宝馨,XSHE,active,C33金属制品业,证监会行业分类,2026-09-28,baostock
2026-09-30,002515,金字火腿,XSHE,active,C13农副食品加工业,证监会行业分类,2026-09-28,baostock
2026-09-30,002516,旷达科技,XSHE,active,C17纺织业,证监会行业分类,2026-09-28,baostock
2026-09-30,002517,恺英网络,XSHE,active,I64互联网和相关服务,证监会行业分类,2026-09-28,baostock
2026-09-30,002518,科士达,XSHE,active,C38电气机械和器材制造业,证监会行业分类,2026-09-28,baostock
2026-09-30,002519,银河电子,XSHE,active,C39计算机、通信和其他电子设备制造业,证监会行业分类,2026-09-28,baostock
2026-09-30,002520,日发精机,XSHE,active,C34通用设备制造业,证监会行业分类,2026-09-28,baostock
2026-09-30,002521,齐峰新材,XSHE,active,C22造纸和纸制品业,证监会行业分类,2026-09-28,baostock
2026-09-30,002522,浙江众成,XSHE,active,C29橡胶和塑料制品业,证监会行业分类,2026-09-28,baostock
2026-09-30,002523,天桥起重,XSHE,active,C34通用设备制造业,证监会行业分类,2026-09-28,baostock
2026-09-30,002524,光正眼科,XSHE,active,Q84卫生,证监会行业分类,2026-09-28,baostock
2026-09-30,002526,山东矿机,XSHE,active,C35专用设备制造业,证监会行业分类,2026-09-28,baostock
2026-09-30,002527,新时达,XSHE,active,C34通用设备制造业,证监会行业分类,2026-09-28,baostock
2026-09-30,002528,*ST英飞,XSHE,active,C39计算机、通信和其他电子设备制造业,证监会行业分类,2026-09-28,baostock
2026-09-30,002529,海源复材,XSHE,active,C34通用设备制造业,证监会行业分类,2026-09-28,baostock
2026-09-30,002530,金财互联,XSHE,active,C33金属制品业,证监会行业分类,2026-09-28,baostock
2026-09-30,002531,天顺风能,XSHE,active,C38电气机械和器材制造业,证监会行业分类,2026-09-28,baostock
2026-09-30,002532,天山铝业,XSHE,active,C32有色金属冶炼和压延加工业,证监会行业分类,2026-09-28,baostock
2026-09-30,002533,金杯电工,XSHE,active,C38电气机械和器材制造业,证监会行业分类,2026-09-28,baostock
2026-09-30,002534,西子洁能,XSHE,active,C34通用设备制造业,证监会行业分类,2026-09-28,baostock
2026-09-30,002535,林州重机,XSHE,active,C35专用设备制造业,证监会行业分类,2026-09-28,baostock
2026-09-30,002536,飞龙股份,XSHE,active,C36汽车制造业,证监会行业分类,2026-09-28,baostock
2026-09-30,002537,海联金汇,XSHE,active,C36汽车制造业,证监会行业分类,2026-09-28,baostock
2026-09-30,002538,ST司特,XSHE,active,C26化学原料和化学制品制造业,证监会行业分类,2026-09-28,baostock
2026-09-30,002539,云图控股,XSHE,active,C26化学原料和化学制品制造业,证监会行业分类,2026-09-28,baostock
2026-09-30,002540,亚太科技,XSHE,active,C32有色金属冶炼和压延加工业,证监会行业分类,2026-09-28,baostock
2026-09-30,002541,鸿路钢构,XSHE,active,C33金属制品业,证监会行业分类,2026-09-28,baostock
2026-09-30,002542,*ST中岩,XSHE,active,E48土木工程建筑业,证监会行业分类,2026-09-28,baostock
2026-09-30,002543,万和电气,XSHE,active,C38电气机械和器材制造业,证监会行业分类,2026-09-28,baostock
2026-09-30,002544,普天科技,XSHE,active,I65软件和信息技术服务业,证监会行业分类,2026-09-28,baostock
2026-09-30,002545,东方铁塔,XSHE,active,C26化学原料和化学制品制造业,证监会行业分类,2026-09-28,baostock
2026-09-30,002546,新联电子,XSHE,active,C40仪器仪表制造业,证监会行业分类,2026-09-28,baostock
2026-09-30,002547,*ST春兴,XSHE,active,C33金属制品业,证监会行业分类,2026-09-28,baostock
2026-09-30,002548,金新农,XSHE,active,C13农副食品加工业,证监会行业分类,2026-09-28,baostock
2026-09-30,002549,凯美特气,XSHE,active,N77生态保护和环境治理业,证监会行业分类,2026-09-28,baostock
2026-09-30,002550,千红制药,XSHE,active,C27医药制造业,证监会行业分类,2026-09-28,baostock
2026-09-30,002551,尚荣医疗,XSHE,active,C35专用设备制造业,证监会行业分类,2026-09-28,baostock
2026-09-30,002552,宝鼎科技,XSHE,active,C39计算机、通信和其他电子设备制造业,证监会行业分类,2026-09-28,baostock
2026-09-30,002553,南方精工,XSHE,active,C36汽车制造业,证监会行业分类,2026-09-28,baostock
2026-09-30,002554,惠博普,XSHE,active,B11开采专业及辅助性活动,证监会行业分类,2026-09-28,baostock
2026-09-30,002555,三七互娱,XSHE,active,I64互联网和相关服务,证监会行业分类,2026-09-28,baostock
2026-09-30,002556,辉隆股份,XSHE,active,F52零售业,证监会行业分类,2026-09-28,baostock
2026-09-30,002557,洽洽食品,XSHE,active,C13农副食品加工业,证监会行业分类,2026-09-28,baostock
2026-09-30,002558,巨人网络,XSHE,active,I64互联网和相关服务,证监会行业分类,2026-09-28,baostock
2026-09-30,002559,亚威股份,XSHE,active,C34通用设备制造业,证监会行业分类,2026-09-28,baostock
2026-09-30,002560,通达股份,XSHE,active,C38电气机械和器材制造业,证监会行业分类,2026-09-28,baostock
2026-09-30,002561,徐家汇,XSHE,active,F52零售业,证监会行业分类,2026-09-28,baostock
2026-09-30,002562,兄弟科技,XSHE,active,C27医药制造业,证监会行业分类,2026-09-28,baostock
2026-09-30,002563,森马服饰,XSHE,active,C18纺织服装、服饰业,证监会行业分类,2026-09-28,baostock
2026-09-30,002564,天沃科技,XSHE,active,C35专用设备制造业,证监会行业分类,2026-09-28,baostock
2026-09-30,002565,顺灏股份,XSHE,active,C22造纸和纸制品业,证监会行业分类,2026-09-28,baostock
2026-09-30,002566,益盛药业,XSHE,active,C27医药制造业,证监会行业分类,2026-09-28,baostock
2026-09-30,002567,唐人神,XSHE,active,C13农副食品加工业,证监会行业分类,2026-09-28,baostock
2026-09-30,002568,百润股份,XSHE,active,C15酒、饮料和精制茶制造业,证监会行业分类,2026-09-28,baostock
2026-09-30,002569,*ST步森,XSHE,active,C18纺织服装、服饰业,证监会行业分类,2026-09-28,baostock
2026-09-30,002570,贝因美,XSHE,active,C14食品制造业,证监会行业分类,2026-09-28,baostock
2026-09-30,002571,德力股份,XSHE,active,C30非金属矿物制品业,证监会行业分类,2026-09-28,baostock
2026-09-30,002572,索菲亚,XSHE,active,C21家具制造业,证监会行业分类,2026-09-28,baostock
2026-09-30,002573,清新环境,XSHE,active,N77生态保护和环境治理业,证监会行业分类,2026-09-28,baostock
2026-09-30,002574,明牌珠宝,XSHE,active,C24文教、工美、体育和娱乐用品制造业,证监会行业分类,2026-09-28,baostock
2026-09-30,002575,群兴玩具,XSHE,active,F51批发业,证监会行业分类,2026-09-28,baostock
2026-09-30,002576,通达动力,XSHE,active,C38电气机械和器材制造业,证监会行业分类,2026-09-28,baostock
2026-09-30,002577,雷柏科技,XSHE,active,C39计算机、通信和其他电子设备制造业,证监会行业分类,2026-09-28,baostock
2026-09-30,002578,闽发铝业,XSHE,active,C32有色金属冶炼和压延加工业,证监会行业分类,2026-09-28,baostock
2026-09-30,002579,中京电子,XSHE,active,C39计算机、通信和其他电子设备制造业,证监会行业分类,2026-09-28,baostock
2026-09-30,002580,圣阳股份,XSHE,active,C38电气机械和器材制造业,证监会行业分类,2026-09-28,baostock
2026-09-30,002581,*ST未名,XSHE,active,C27医药制造业,证监会行业分类,2026-09-28,baostock
2026-09-30,002582,好想你,XSHE,active,C13农副食品加工业,证监会行业分类,2026-09-28,baostock
2026-09-30,002583,海能达,XSHE,active,C39计算机、通信和其他电子设备制造业,证监会行业分类,2026-09-28,baostock
2026-09-30,002584,西陇科学,XSHE,active,C26化学原料和化学制品制造业,证监会行业分类,2026-09-28,baostock
2026-09-30,002585,双星新材,XSHE,active,C29橡胶和塑料制品业,证监会行业分类,2026-09-28,baostock
2026-09-30,002586,围海股份,XSHE,active,E48土木工程建筑业,证监会行业分类,2026-09-28,baostock
2026-09-30,002587,奥拓电子,XSHE,active,C39计算机、通信和其他电子设备制造业,证监会行业分类,2026-09-28,baostock
2026-09-30,002588,史丹利,XSHE,active,C26化学原料和化学制品制造业,证监会行业分类,2026-09-28,baostock
2026-09-30,002589,瑞康医药,XSHE,active,F51批发业,证监会行业分类,2026-09-28,baostock
2026-09-30,002590,万安科技,XSHE,active,C36汽车制造业,证监会行业分类,2026-09-28,baostock
2026-09-30,002591,恒大高新,XSHE,active,C26化学原料和化学制品制造业,证监会行业分类,2026-09-28,baostock
2026-09-30,002592,ST八菱,XSHE,active,C36汽车制造业,证监会行业分类,2026-09-28,baostock
2026-09-30,002593,日上集团,XSHE,active,C36汽车制造业,证监会行业分类,2026-09-28,baostock
2026-09-30,002594,比亚迪,XSHE,active,C36汽车制造业,证监会行业分类,2026-09-28,baostock
2026-09-30,002595,豪迈科技,XSHE,active,C35专用设备制造业,证监会行业分类,2026-09-28,baostock
2026-09-30,002596,海南瑞泽,XSHE,active,C30非金属矿物制品业,证监会行业分类,2026-09-28,baostock
2026-09-30,002597,金禾实业,XSHE,active,C14食品制造业,证监会行业分类,2026-09-28,baostock
2026-09-30,002598,ST章鼓,XSHE,active,C34通用设备制造业,证监会行业分类,2026-09-28,baostock
2026-09-30,002599,盛通股份,XSHE,active,C23印刷和记录媒介复制业,证监会行业分类,2026-09-28,baostock
2026-09-30,002600,领益智造,XSHE,active,C39计算机、通信和其他电子设备制造业,证监会行业分类,2026-09-28,baostock
2026-09-30,002601,龙佰集团,XSHE,active,C26化学原料和化学制品制造业,证监会行业分类,2026-09-28,baostock
2026-09-30,002602,世纪华通,XSHE,active,I64互联网和相关服务,证监会行业分类,2026-09-28,baostock
2026-09-30,002603,以岭药业,XSHE,active,C27医药制造业,证监会行业分类,2026-09-28,baostock
2026-09-30,002605,姚记科技,XSHE,active,I64互联网和相关服务,证监会行业分类,2026-09-28,baostock
2026-09-30,002606,大连电瓷,XSHE,active,C38电气机械和器材制造业,证监会行业分类,2026-09-28,baostock
2026-09-30,002607,中公教育,XSHE,active,P83教育,证监会行业分类,2026-09-28,baostock
2026-09-30,002608,江苏国信,XSHE,active,D44电力、热力生产和供应业,证监会行业分类,2026-09-28,baostock
2026-09-30,002609,捷顺科技,XSHE,active,I65软件和信息技术服务业,证监会行业分类,2026-09-28,baostock
2026-09-30,002611,东方精工,XSHE,active,C35专用设备制造业,证监会行业分类,2026-09-28,baostock
2026-09-30,002612,朗姿股份,XSHE,active,C18纺织服装、服饰业,证监会行业分类,2026-09-28,baostock
2026-09-30,002613,北玻股份,XSHE,active,C35专用设备制造业,证监会行业分类,2026-09-28,baostock
2026-09-30,002614,奥佳华,XSHE,active,C38电气机械和器材制造业,证监会行业分类,2026-09-28,baostock
2026-09-30,002615,哈尔斯,XSHE,active,C33金属制品业,证监会行业分类,2026-09-28,baostock
2026-09-30,002616,长青集团,XSHE,active,N77生态保护和环境治理业,证监会行业分类,2026-09-28,baostock
2026-09-30,002617,露笑科技,XSHE,active,C38电气机械和器材制造业,证监会行业分类,2026-09-28,baostock
2026-09-30,002620,*ST瑞和,XSHE,active,E50建筑装饰、装修和其他建筑业,证监会行业分类,2026-09-28,baostock
2026-09-30,002622,皓宸医疗,XSHE,active,Q84卫生,证监会行业分类,2026-09-28,baostock
2026-09-30,002623,亚玛顿,XSHE,active,C30非金属矿物制品业,证监会行业分类,2026-09-28,baostock
2026-09-30,002624,完美世界,XSHE,active,I64互联网和相关服务,证监会行业分类,2026-09-28,baostock
2026-09-30,002625,光启技术,XSHE,active,C37铁路、船舶、航空航天和其他运输设备制造业,证监会行业分类,2026-09-28,baostock
2026-09-30,002626,金达威,XSHE,active,C14食品制造业,证监会行业分类,2026-09-28,baostock
2026-09-30,002627,三峡旅游,XSHE,active,N78公共设施管理业,证监会行业分类,2026-09-28,baostock
2026-09-30,002628,成都路桥,XSHE,active,E48土木工程建筑业,证监会行业分类,2026-09-28,baostock
2026-09-30,002629,仁智股份,XSHE,active,B11开采专业及辅助性活动,证监会行业分类,2026-09-28,baostock
2026-09-30,002630,*ST华西,XSHE,active,C34通用设备制造业,证监会行业分类,2026-09-28,baostock
2026-09-30,002631,德尔未来,XSHE,active,C20木材加工和木、竹、藤、棕、草制品业,证监会行业分类,2026-09-28,baostock
2026-09-30,002632,道明光学,XSHE,active,C26化学原料和化学制品制造业,证监会行业分类,2026-09-28,baostock
2026-09-30,002633,申科股份,XSHE,active,C34通用设备制造业,证监会行业分类,2026-09-28,baostock
2026-09-30,002634,*ST棒杰,XSHE,active,C18纺织服装、服饰业,证监会行业分类,2026-09-28,baostock
2026-09-30,002635,安洁科技,XSHE,active,C39计算机、通信和其他电子设备制造业,证监会行业分类,2026-09-28,baostock
2026-09-30,002636,金安国纪,XSHE,active,C39计算机、通信和其他电子设备制造业,证监会行业分类,2026-09-28,baostock
2026-09-30,002637,赞宇科技,XSHE,active,C26化学原料和化学制品制造业,证监会行业分类,2026-09-28,baostock
2026-09-30,002638,勤上股份,XSHE,active,C38电气机械和器材制造业,证监会行业分类,2026-09-28,baostock
2026-09-30,002639,雪人集团,XSHE,active,C34通用设备制造业,证监会行业分类,2026-09-28,baostock
2026-09-30,002640,跨境通,XSHE,active,F52零售业,证监会行业分类,2026-09-28,baostock
2026-09-30,002641,公元股份,XSHE,active,C29橡胶和塑料制品业,证监会行业分类,2026-09-28,baostock
2026-09-30,002642,荣联科技,XSHE,active,I65软件和信息技术服务业,证监会行业分类,2026-09-28,baostock
2026-09-30,002643,万润股份,XSHE,active,C26化学原料和化学制品制造业,证监会行业分类,2026-09-28,baostock
2026-09-30,002644,佛慈制药,XSHE,active,C27医药制造业,证监会行业分类,2026-09-28,baostock
2026-09-30,002645,华宏科技,XSHE,active,C42废弃资源综合利用业,证监会行业分类,2026-09-28,baostock
2026-09-30,002646,天佑德酒,XSHE,active,C15酒、饮料和精制茶制造业,证监会行业分类,2026-09-28,baostock
2026-09-30,002647,仁东控股,XSHE,active,J69其他金融业,证监会行业分类,2026-09-28,baostock
2026-09-30,002648,卫星化学,XSHE,active,C26化学原料和化学制品制造业,证监会行业分类,2026-09-28,baostock
2026-09-30,002649,博彦科技,XSHE,active,I65软件和信息技术服务业,证监会行业分类,2026-09-28,baostock
2026-09-30,002650,ST加加,XSHE,active,C14食品制造业,证监会行业分类,2026-09-28,baostock
2026-09-30,002651,利君股份,XSHE,active,C35专用设备制造业,证监会行业分类,2026-09-28,baostock
2026-09-30,002652,扬子新材,XSHE,active,C33金属制品业,证监会行业分类,2026-09-28,baostock
2026-09-30,002653,海思科,XSHE,active,C27医药制造业,证监会行业分类,2026-09-28,baostock
2026-09-30,002654,万润科技,XSHE,active,L72商务服务业,证监会行业分类,2026-09-28,baostock
2026-09-30,002655,共达电声,XSHE,active,C39计算机、通信和其他电子设备制造业,证监会行业分类,2026-09-28,baostock
2026-09-30,002656,摩登大道,XSHE,active,C18纺织服装、服饰业,证监会行业分类,2026-09-28,baostock
2026-09-30,002657,中科金财,XSHE,active,I65软件和信息技术服务业,证监会行业分类,2026-09-28,baostock
2026-09-30,002658,雪迪龙,XSHE,active,C40仪器仪表制造业,证监会行业分类,2026-09-28,baostock
2026-09-30,002659,凯文教育,XSHE,active,P83教育,证监会行业分类,2026-09-28,baostock
2026-09-30,002660,茂硕电源,XSHE,active,C39计算机、通信和其他电子设备制造业,证监会行业分类,2026-09-28,baostock
2026-09-30,002661,克明食品,XSHE,active,C14食品制造业,证监会行业分类,2026-09-28,baostock
2026-09-30,002662,峰璟股份,XSHE,active,C36汽车制造业,证监会行业分类,2026-09-28,baostock
2026-09-30,002663,普邦股份,XSHE,active,E48土木工程建筑业,证监会行业分类,2026-09-28,baostock
2026-09-30,002664,信质集团,XSHE,active,C36汽车制造业,证监会行业分类,2026-09-28,baostock
2026-09-30,002666,德联集团,XSHE,active,C26化学原料和化学制品制造业,证监会行业分类,2026-09-28,baostock
2026-09-30,002667,*ST威领,XSHE,suspended,C32有色金属冶炼和压延加工业,证监会行业分类,2026-09-28,baostock
2026-09-30,002668,TCL智家,XSHE,active,C38电气机械和器材制造业,证监会行业分类,2026-09-28,baostock
2026-09-30,002669,康达新材,XSHE,active,C26化学原料和化学制品制造业,证监会行业分类,2026-09-28,baostock
2026-09-30,002670,国盛证券,XSHE,active,J67资本市场服务,证监会行业分类,2026-09-28,baostock
2026-09-30,002671,龙泉股份,XSHE,active,C30非金属矿物制品业,证监会行业分类,2026-09-28,baostock
2026-09-30,002672,东江环保,XSHE,active,C42废弃资源综合利用业,证监会行业分类,2026-09-28,baostock
2026-09-30,002673,西部证券,XSHE,active,J67资本市场服务,证监会行业分类,2026-09-28,baostock
2026-09-30,002674,兴业科技,XSHE,active,C19皮革、毛皮、羽毛及其制品和制鞋业,证监会行业分类,2026-09-28,baostock
2026-09-30,002675,东诚药业,XSHE,active,C27医药制造业,证监会行业分类,2026-09-28,baostock
2026-09-30,002676,顺威股份,XSHE,active,C29橡胶和塑料制品业,证监会行业分类,2026-09-28,baostock
2026-09-30,002677,浙江美大,XSHE,active,C38电气机械和器材制造业,证监会行业分类,2026-09-28,baostock
2026-09-30,002678,珠江钢琴,XSHE,active,C24文教、工美、体育和娱乐用品制造业,证监会行业分类,2026-09-28,baostock
2026-09-30,002679,福建金森,XSHE,active,A02林业,证监会行业分类,2026-09-28,baostock
2026-09-30,002681,奋达科技,XSHE,active,C39计算机、通信和其他电子设备制造业,证监会行业分类,2026-09-28,baostock
2026-09-30,002682,龙洲股份,XSHE,active,G54道路运输业,证监会行业分类,2026-09-28,baostock
2026-09-30,002683,广东宏大,XSHE,active,B11开采专业及辅助性活动,证监会行业分类,2026-09-28,baostock
2026-09-30,002685,华东重机,XSHE,active,C34通用设备制造业,证监会行业分类,2026-09-28,baostock
2026-09-30,002686,亿利达,XSHE,active,C34通用设备制造业,证监会行业分类,2026-09-28,baostock
2026-09-30,002687,乔治白,XSHE,active,C18纺织服装、服饰业,证监会行业分类,2026-09-28,baostock
2026-09-30,002688,金河生物,XSHE,active,C27医药制造业,证监会行业分类,2026-09-28,baostock
2026-09-30,002689,ST远智,XSHE,active,C34通用设备制造业,证监会行业分类,2026-09-28,baostock
2026-09-30,002690,美亚光电,XSHE,active,C35专用设备制造业,证监会行业分类,2026-09-28,baostock
2026-09-30,002691,*ST冀凯,XSHE,active,C35专用设备制造业,证监会行业分类,2026-09-28,baostock
2026-09-30,002692,远程股份,XSHE,active,C38电气机械和器材制造业,证监会行业分类,2026-09-28,baostock
2026-09-30,002693,双成药业,XSHE,active,C27医药制造业,证监会行业分类,2026-09-28,baostock
2026-09-30,002694,*ST顾地,XSHE,active,C29橡胶和塑料制品业,证监会行业分类,2026-09-28,baostock
2026-09-30,002695,煌上煌,XSHE,active,C13农副食品加工业,证监会行业分类,2026-09-28,baostock
2026-09-30,002696,百洋股份,XSHE,active,C13农副食品加工业,证监会行业分类,2026-09-28,baostock
2026-09-30,002697,红旗连锁,XSHE,active,F52零售业,证监会行业分类,2026-09-28,baostock
2026-09-30,002698,博实股份,XSHE,active,C34通用设备制造业,证监会行业分类,2026-09-28,baostock
2026-09-30,002700,万憬能源,XSHE,active,D45燃气生产和供应业,证监会行业分类,2026-09-28,baostock
2026-09-30,002701,奥瑞金,XSHE,active,C33金属制品业,证监会行业分类,2026-09-28,baostock
2026-09-30,002702,海欣食品,XSHE,active,C13农副食品加工业,证监会行业分类,2026-09-28,baostock
2026-09-30,002703,浙江世宝,XSHE,active,C36汽车制造业,证监会行业分类,2026-09-28,baostock
2026-09-30,002705,新宝股份,XSHE,active,C38电气机械和器材制造业,证监会行业分类,2026-09-28,baostock
2026-09-30,002706,良信股份,XSHE,active,C38电气机械和器材制造业,证监会行业分类,2026-09-28,baostock
2026-09-30,002707,众信旅游,XSHE,active,L72商务服务业,证监会行业分类,2026-09-28,baostock
2026-09-30,002708,光洋股份,XSHE,active,C36汽车制造业,证监会行业分类,2026-09-28,baostock
2026-09-30,002709,天赐材料,XSHE,active,C39计算机、通信和其他电子设备制造业,证监会行业分类,2026-09-28,baostock
2026-09-30,002712,思美传媒,XSHE,active,L72商务服务业,证监会行业分类,2026-09-28,baostock
2026-09-30,002713,东易日盛,XSHE,active,E50建筑装饰、装修和其他建筑业,证监会行业分类,2026-09-28,baostock
2026-09-30,002714,牧原股份,XSHE,active,A03畜牧业,证监会行业分类,2026-09-28,baostock
2026-09-30,002715,登云股份,XSHE,active,C36汽车制造业,证监会行业分类,2026-09-28,baostock
2026-09-30,002716,湖南白银,XSHE,active,C32有色金属冶炼和压延加工业,证监会行业分类,2026-09-28,baostock
2026-09-30,002717,*ST岭南,XSHE,active,N77生态保护和环境治理业,证监会行业分类,2026-09-28,baostock
2026-09-30,002718,友邦吊顶,XSHE,active,C41其他制造业,证监会行业分类,2026-09-28,baostock
2026-09-30,002719,ST麦趣,XSHE,active,C14食品制造业,证监会行业分类,2026-09-28,baostock
2026-09-30,002721,金一文化,XSHE,active,C24文教、工美、体育和娱乐用品制造业,证监会行业分类,2026-09-28,baostock
2026-09-30,002722,物产金轮,XSHE,active,C33金属制品业,证监会行业分类,2026-09-28,baostock
2026-09-30,002723,小崧股份,XSHE,active,C38电气机械和器材制造业,证监会行业分类,2026-09-28,baostock
2026-09-30,002724,海洋王,XSHE,active,C38电气机械和器材制造业,证监会行业分类,2026-09-28,baostock
2026-09-30,002725,跃岭股份,XSHE,active,C36汽车制造业,证监会行业分类,2026-09-28,baostock
2026-09-30,002726,ST龙大,XSHE,active,C13农副食品加工业,证监会行业分类,2026-09-28,baostock
2026-09-30,002727,一心堂,XSHE,active,F52零售业,证监会行业分类,2026-09-28,baostock
2026-09-30,002728,特一药业,XSHE,active,C27医药制造业,证监会行业分类,2026-09-28,baostock
2026-09-30,002729,好利科技,XSHE,active,C39计算机、通信和其他电子设备制造业,证监会行业分类,2026-09-28,baostock
2026-09-30,002730,电光科技,XSHE,active,C35专用设备制造业,证监会行业分类,2026-09-28,baostock
2026-09-30,002731,*ST萃华,XSHE,suspended,C24文教、工美、体育和娱乐用品制造业,证监会行业分类,2026-09-28,baostock
2026-09-30,002732,燕塘乳业,XSHE,active,C14食品制造业,证监会行业分类,2026-09-28,baostock
2026-09-30,002733,雄韬股份,XSHE,active,C38电气机械和器材制造业,证监会行业分类,2026-09-28,baostock
2026-09-30,002734,利民股份,XSHE,active,C26化学原料和化学制品制造业,证监会行业分类,2026-09-28,baostock
2026-09-30,002735,王子新材,XSHE,active,C29橡胶和塑料制品业,证监会行业分类,2026-09-28,baostock
2026-09-30,002736,国信证券,XSHE,active,J67资本市场服务,证监会行业分类,2026-09-28,baostock
2026-09-30,002737,葵花药业,XSHE,active,C27医药制造业,证监会行业分类,2026-09-28,baostock
2026-09-30,002738,中矿资源,XSHE,active,C32有色金属冶炼和压延加工业,证监会行业分类,2026-09-28,baostock
2026-09-30,002739,儒意电影,XSHE,active,R87广播、电视、电影和录音制作业,证监会行业分类,2026-09-28,baostock
2026-09-30,002741,光华科技,XSHE,active,C39计算机、通信和其他电子设备制造业,证监会行业分类,2026-09-28,baostock
2026-09-30,002742,冀衡医药,XSHE,active,C30非金属矿物制品业,证监会行业分类,2026-09-28,baostock
2026-09-30,002743,ST富煌,XSHE,active,C33金属制品业,证监会行业分类,2026-09-28,baostock
2026-09-30,002745,木林森,XSHE,active,C38电气机械和器材制造业,证监会行业分类,2026-09-28,baostock
2026-09-30,002746,仙坛股份,XSHE,active,C13农副食品加工业,证监会行业分类,2026-09-28,baostock
2026-09-30,002747,埃斯顿,XSHE,active,C34通用设备制造业,证监会行业分类,2026-09-28,baostock
2026-09-30,002748,世龙实业,XSHE,active,C26化学原料和化学制品制造业,证监会行业分类,2026-09-28,baostock
2026-09-30,002749,国光股份,XSHE,active,C26化学原料和化学制品制造业,证监会行业分类,2026-09-28,baostock
2026-09-30,002752,昇兴股份,XSHE,active,C33金属制品业,证监会行业分类,2026-09-28,baostock
2026-09-30,002753,永东股份,XSHE,active,C26化学原料和化学制品制造业,证监会行业分类,2026-09-28,baostock
2026-09-30,002755,奥赛康,XSHE,active,C27医药制造业,证监会行业分类,2026-09-28,baostock
2026-09-30,002756,永兴材料,XSHE,active,C32有色金属冶炼和压延加工业,证监会行业分类,2026-09-28,baostock
2026-09-30,002757,南兴股份,XSHE,active,C35专用设备制造业,证监会行业分类,2026-09-28,baostock
2026-09-30,002758,浙农股份,XSHE,active,F51批发业,证监会行业分类,2026-09-28,baostock
2026-09-30,002759,ST天际,XSHE,active,C26化学原料和化学制品制造业,证监会行业分类,2026-09-28,baostock
2026-09-30,002760,凤形股份,XSHE,active,C33金属制品业,证监会行业分类,2026-09-28,baostock
2026-09-30,002761,浙江建投,XSHE,active,E48土木工程建筑业,证监会行业分类,2026-09-28,baostock
2026-09-30,002762,金发拉比,XSHE,active,C18纺织服装、服饰业,证监会行业分类,2026-09-28,baostock
2026-09-30,002763,汇洁股份,XSHE,active,C18纺织服装、服饰业,证监会行业分类,2026-09-28,baostock
2026-09-30,002765,蓝黛科技,XSHE,active,C36汽车制造业,证监会行业分类,2026-09-28,baostock
2026-09-30,002766,索菱股份,XSHE,active,C39计算机、通信和其他电子设备制造业,证监会行业分类,2026-09-28,baostock
2026-09-30,002767,先锋电子,XSHE,active,C40仪器仪表制造业,证监会行业分类,2026-09-28,baostock
2026-09-30,002768,国恩股份,XSHE,active,C29橡胶和塑料制品业,证监会行业分类,2026-09-28,baostock
2026-09-30,002769,普路通,XSHE,active,L72商务服务业,证监会行业分类,2026-09-28,baostock
2026-09-30,002771,真视通,XSHE,active,I65软件和信息技术服务业,证监会行业分类,2026-09-28,baostock
2026-09-30,002772,众兴菌业,XSHE,active,A01农业,证监会行业分类,2026-09-28,baostock
2026-09-30,002773,康弘药业,XSHE,active,C27医药制造业,证监会行业分类,2026-09-28,baostock
2026-09-30,002774,快意电梯,XSHE,active,C34通用设备制造业,证监会行业分类,2026-09-28,baostock
2026-09-30,002775,文科股份,XSHE,active,E48土木工程建筑业,证监会行业分类,2026-09-28,baostock
2026-09-30,002777,久远银海,XSHE,active,I65软件和信息技术服务业,证监会行业分类,2026-09-28,baostock
2026-09-30,002778,中晟高科,XSHE,active,C25石油、煤炭及其他燃料加工业,证监会行业分类,2026-09-28,baostock
2026-09-30,002779,中坚科技,XSHE,active,C35专用设备制造业,证监会行业分类,2026-09-28,baostock
2026-09-30,002780,三夫户外,XSHE,active,F52零售业,证监会行业分类,2026-09-28,baostock
2026-09-30,002782,可立克,XSHE,active,C39计算机、通信和其他电子设备制造业,证监会行业分类,2026-09-28,baostock
2026-09-30,002783,凯龙股份,XSHE,active,C26化学原料和化学制品制造业,证监会行业分类,2026-09-28,baostock
2026-09-30,002785,万里石,XSHE,active,C30非金属矿物制品业,证监会行业分类,2026-09-28,baostock
2026-09-30,002786,银宝山新,XSHE,active,C35专用设备制造业,证监会行业分类,2026-09-28,baostock
2026-09-30,002787,华源控股,XSHE,active,C33金属制品业,证监会行业分类,2026-09-28,baostock
2026-09-30,002788,鹭燕医药,XSHE,active,F51批发业,证监会行业分类,2026-09-28,baostock
2026-09-30,002789,*ST建艺,XSHE,active,E50建筑装饰、装修和其他建筑业,证监会行业分类,2026-09-28,baostock
2026-09-30,002790,瑞尔特,XSHE,active,C29橡胶和塑料制品业,证监会行业分类,2026-09-28,baostock
2026-09-30,002791,坚朗五金,XSHE,active,C33金属制品业,证监会行业分类,2026-09-28,baostock
2026-09-30,002792,通宇通讯,XSHE,active,C39计算机、通信和其他电子设备制造业,证监会行业分类,2026-09-28,baostock
2026-09-30,002793,罗欣药业,XSHE,active,C27医药制造业,证监会行业分类,2026-09-28,baostock
2026-09-30,002795,永和智控,XSHE,active,C34通用设备制造业,证监会行业分类,2026-09-28,baostock
2026-09-30,002796,世嘉科技,XSHE,active,C39计算机、通信和其他电子设备制造业,证监会行业分类,2026-09-28,baostock
2026-09-30,002797,第一创业,XSHE,active,J67资本市场服务,证监会行业分类,2026-09-28,baostock
2026-09-30,002798,帝欧水华,XSHE,active,C30非金属矿物制品业,证监会行业分类,2026-09-28,baostock
2026-09-30,002799,环球印务,XSHE,active,C22造纸和纸制品业,证监会行业分类,2026-09-28,baostock
2026-09-30,002800,天顺股份,XSHE,active,G54道路运输业,证监会行业分类,2026-09-28,baostock
2026-09-30,002801,微光股份,XSHE,active,C38电气机械和器材制造业,证监会行业分类,2026-09-28,baostock
2026-09-30,002802,洪汇新材,XSHE,active,C26化学原料和化学制品制造业,证监会行业分类,2026-09-28,baostock
2026-09-30,002803,吉宏股份,XSHE,active,F52零售业,证监会行业分类,2026-09-28,baostock
2026-09-30,002805,丰元股份,XSHE,active,C39计算机、通信和其他电子设备制造业,证监会行业分类,2026-09-28,baostock
2026-09-30,002806,华锋股份,XSHE,active,C39计算机、通信和其他电子设备制造业,证监会行业分类,2026-09-28,baostock
2026-09-30,002807,江阴银行,XSHE,active,J66货币金融服务,证监会行业分类,2026-09-28,baostock
2026-09-30,002809,红墙股份,XSHE,active,C26化学原料和化学制品制造业,证监会行业分类,2026-09-28,baostock
2026-09-30,002810,山东赫达,XSHE,active,C26化学原料和化学制品制造业,证监会行业分类,2026-09-28,baostock
2026-09-30,002811,郑中设计,XSHE,active,M74专业技术服务业,证监会行业分类,2026-09-28,baostock
2026-09-30,002812,恩捷股份,XSHE,active,C29橡胶和塑料制品业,证监会行业分类,2026-09-28,baostock
2026-09-30,002813,路畅科技,XSHE,suspended,C39计算机、通信和其他电子设备制造业,证监会行业分类,2026-09-28,baostock
2026-09-30,002815,崇达技术,XSHE,active,C39计算机、通信和其他电子设备制造业,证监会行业分类,2026-09-28,baostock
2026-09-30,002816,*ST和科,XSHE,active,C34通用设备制造业,证监会行业分类,2026-09-28,baostock
2026-09-30,002817,黄山胶囊,XSHE,active,C27医药制造业,证监会行业分类,2026-09-28,baostock
2026-09-30,002818,富森美,XSHE,active,L72商务服务业,证监会行业分类,2026-09-28,baostock
2026-09-30,002819,东方中科,XSHE,active,F51批发业,证监会行业分类,2026-09-28,baostock
2026-09-30,002820,桂发祥,XSHE,active,C14食品制造业,证监会行业分类,2026-09-28,baostock
2026-09-30,002821,凯莱英,XSHE,active,C27医药制造业,证监会行业分类,2026-09-28,baostock
2026-09-30,002822,ST中装,XSHE,active,E50建筑装饰、装修和其他建筑业,证监会行业分类,2026-09-28,baostock
2026-09-30,002823,凯中精密,XSHE,active,C38电气机械和器材制造业,证监会行业分类,2026-09-28,baostock
2026-09-30,002824,和胜股份,XSHE,active,C36汽车制造业,证监会行业分类,2026-09-28,baostock
2026-09-30,002825,纳尔股份,XSHE,active,C29橡胶和塑料制品业,证监会行业分类,2026-09-28,baostock
2026-09-30,002826,易明医药,XSHE,active,C27医药制造业,证监会行业分类,2026-09-28,baostock
2026-09-30,002827,高争民爆,XSHE,active,C26化学原料和化学制品制造业,证监会行业分类,2026-09-28,baostock
2026-09-30,002828,贝肯能源,XSHE,active,B11开采专业及辅助性活动,证监会行业分类,2026-09-28,baostock
2026-09-30,002829,星网宇达,XSHE,active,C37铁路、船舶、航空航天和其他运输设备制造业,证监会行业分类,2026-09-28,baostock
2026-09-30,002830,名雕股份,XSHE,active,E50建筑装饰、装修和其他建筑业,证监会行业分类,2026-09-28,baostock
2026-09-30,002831,裕同科技,XSHE,active,C22造纸和纸制品业,证监会行业分类,2026-09-28,baostock
2026-09-30,002832,比音勒芬,XSHE,active,C18纺织服装、服饰业,证监会行业分类,2026-09-28,baostock
2026-09-30,002833,弘亚数控,XSHE,active,C35专用设备制造业,证监会行业分类,2026-09-28,baostock
2026-09-30,002835,同为股份,XSHE,active,C39计算机、通信和其他电子设备制造业,证监会行业分类,2026-09-28,baostock
2026-09-30,002836,新宏泽,XSHE,active,C23印刷和记录媒介复制业,证监会行业分类,2026-09-28,baostock
2026-09-30,002837,英维克,XSHE,active,C35专用设备制造业,证监会行业分类,2026-09-28,baostock
2026-09-30,002838,道恩股份,XSHE,active,C29橡胶和塑料制品业,证监会行业分类,2026-09-28,baostock
2026-09-30,002839,张家港行,XSHE,active,J66货币金融服务,证监会行业分类,2026-09-28,baostock
2026-09-30,002840,华统股份,XSHE,active,C13农副食品加工业,证监会行业分类,2026-09-28,baostock
2026-09-30,002841,视源股份,XSHE,active,C39计算机、通信和其他电子设备制造业,证监会行业分类,2026-09-28,baostock
2026-09-30,002842,翔鹭钨业,XSHE,active,C32有色金属冶炼和压延加工业,证监会行业分类,2026-09-28,baostock
2026-09-30,002843,泰嘉股份,XSHE,active,C34通用设备制造业,证监会行业分类,2026-09-28,baostock
2026-09-30,002845,同兴达,XSHE,active,C39计算机、通信和其他电子设备制造业,证监会行业分类,2026-09-28,baostock
2026-09-30,002846,英联股份,XSHE,active,C33金属制品业,证监会行业分类,2026-09-28,baostock
2026-09-30,002847,盐津铺子,XSHE,active,C14食品制造业,证监会行业分类,2026-09-28,baostock
2026-09-30,002848,高斯贝尔,XSHE,active,C39计算机、通信和其他电子设备制造业,证监会行业分类,2026-09-28,baostock
2026-09-30,002849,威星智能,XSHE,active,C40仪器仪表制造业,证监会行业分类,2026-09-28,baostock
2026-09-30,002850,科达利,XSHE,active,C33金属制品业,证监会行业分类,2026-09-28,baostock
2026-09-30,002851,麦格米特,XSHE,active,C38电气机械和器材制造业,证监会行业分类,2026-09-28,baostock
2026-09-30,002852,道道全,XSHE,active,C13农副食品加工业,证监会行业分类,2026-09-28,baostock
2026-09-30,002853,皮阿诺,XSHE,active,C21家具制造业,证监会行业分类,2026-09-28,baostock
2026-09-30,002855,捷荣技术,XSHE,active,C39计算机、通信和其他电子设备制造业,证监会行业分类,2026-09-28,baostock
2026-09-30,002856,*ST美芝,XSHE,active,E50建筑装饰、装修和其他建筑业,证监会行业分类,2026-09-28,baostock
2026-09-30,002857,三晖电气,XSHE,active,C40仪器仪表制造业,证监会行业分类,2026-09-28,baostock
2026-09-30,002858,力盛体育,XSHE,active,R89体育,证监会行业分类,2026-09-28,baostock
2026-09-30,002859,洁美科技,XSHE,active,C39计算机、通信和其他电子设备制造业,证监会行业分类,2026-09-28,baostock
2026-09-30,002860,星帅尔,XSHE,suspended,C38电气机械和器材制造业,证监会行业分类,2026-09-28,baostock
2026-09-30,002861,瀛通通讯,XSHE,active,C39计算机、通信和其他电子设备制造业,证监会行业分类,2026-09-28,baostock
2026-09-30,002862,实丰文化,XSHE,active,C24文教、工美、体育和娱乐用品制造业,证监会行业分类,2026-09-28,baostock
2026-09-30,002863,今飞凯达,XSHE,active,C36汽车制造业,证监会行业分类,2026-09-28,baostock
2026-09-30,002864,盘龙药业,XSHE,active,C27医药制造业,证监会行业分类,2026-09-28,baostock
2026-09-30,002865,钧达股份,XSHE,active,C38电气机械和器材制造业,证监会行业分类,2026-09-28,baostock
2026-09-30,002866,传艺科技,XSHE,active,C39计算机、通信和其他电子设备制造业,证监会行业分类,2026-09-28,baostock
2026-09-30,002867,周大生,XSHE,active,F51批发业,证监会行业分类,2026-09-28,baostock
2026-09-30,002868,绿康生化,XSHE,active,C27医药制造业,证监会行业分类,2026-09-28,baostock
2026-09-30,002869,金溢科技,XSHE,active,C39计算机、通信和其他电子设备制造业,证监会行业分类,2026-09-28,baostock
2026-09-30,002870,香山股份,XSHE,active,C36汽车制造业,证监会行业分类,2026-09-28,baostock
2026-09-30,002871,伟隆股份,XSHE,active,C34通用设备制造业,证监会行业分类,2026-09-28,baostock
2026-09-30,002872,ST天圣,XSHE,active,C27医药制造业,证监会行业分类,2026-09-28,baostock
2026-09-30,002873,新天药业,XSHE,active,C27医药制造业,证监会行业分类,2026-09-28,baostock
2026-09-30,002875,安奈儿,XSHE,active,C18纺织服装、服饰业,证监会行业分类,2026-09-28,baostock
2026-09-30,002876,三利谱,XSHE,active,C39计算机、通信和其他电子设备制造业,证监会行业分类,2026-09-28,baostock
2026-09-30,002877,智能自控,XSHE,active,C34通用设备制造业,证监会行业分类,2026-09-28,baostock
2026-09-30,002878,元隆雅图,XSHE,active,L72商务服务业,证监会行业分类,2026-09-28,baostock
2026-09-30,002879,长缆科技,XSHE,active,C38电气机械和器材制造业,证监会行业分类,2026-09-28,baostock
2026-09-30,002880,卫光生物,XSHE,active,C27医药制造业,证监会行业分类,2026-09-28,baostock
2026-09-30,002881,美格智能,XSHE,active,C39计算机、通信和其他电子设备制造业,证监会行业分类,2026-09-28,baostock
2026-09-30,002882,金龙羽,XSHE,active,C38电气机械和器材制造业,证监会行业分类,2026-09-28,baostock
2026-09-30,002883,*ST中设,XSHE,active,M74专业技术服务业,证监会行业分类,2026-09-28,baostock
2026-09-30,002884,凌霄泵业,XSHE,active,C34通用设备制造业,证监会行业分类,2026-09-28,baostock
2026-09-30,002885,京泉华,XSHE,active,C39计算机、通信和其他电子设备制造业,证监会行业分类,2026-09-28,baostock
2026-09-30,002886,沃特股份,XSHE,active,C29橡胶和塑料制品业,证监会行业分类,2026-09-28,baostock
2026-09-30,002887,绿茵生态,XSHE,active,N77生态保护和环境治理业,证监会行业分类,2026-09-28,baostock
2026-09-30,002888,惠威科技,XSHE,active,C39计算机、通信和其他电子设备制造业,证监会行业分类,2026-09-28,baostock
2026-09-30,002889,东方嘉盛,XSHE,active,L72商务服务业,证监会行业分类,2026-09-28,baostock
2026-09-30,002890,弘宇股份,XSHE,active,C35专用设备制造业,证监会行业分类,2026-09-28,baostock
2026-09-30,002891,中宠股份,XSHE,active,C13农副食品加工业,证监会行业分类,2026-09-28,baostock
2026-09-30,002892,科力尔,XSHE,active,C38电气机械和器材制造业,证监会行业分类,2026-09-28,baostock
2026-09-30,002893,京能热力,XSHE,active,D44电力、热力生产和供应业,证监会行业分类,2026-09-28,baostock
2026-09-30,002895,川恒股份,XSHE,active,C26化学原料和化学制品制造业,证监会行业分类,2026-09-28,baostock
2026-09-30,002896,中大力德,XSHE,active,C34通用设备制造业,证监会行业分类,2026-09-28,baostock
2026-09-30,002897,意华股份,XSHE,active,C38电气机械和器材制造业,证监会行业分类,2026-09-28,baostock
2026-09-30,002899,英派斯,XSHE,active,C24文教、工美、体育和娱乐用品制造业,证监会行业分类,2026-09-28,baostock
2026-09-30,002900,哈三联,XSHE,active,C27医药制造业,证监会行业分类,2026-09-28,baostock
2026-09-30,002901,大博医疗,XSHE,active,C35专用设备制造业,证监会行业分类,2026-09-28,baostock
2026-09-30,002902,铭普光磁,XSHE,active,C39计算机、通信和其他电子设备制造业,证监会行业分类,2026-09-28,baostock
2026-09-30,002903,宇环数控,XSHE,active,C34通用设备制造业,证监会行业分类,2026-09-28,baostock
2026-09-30,002905,金逸影视,XSHE,active,R87广播、电视、电影和录音制作业,证监会行业分类,2026-09-28,baostock
2026-09-30,002906,华阳集团,XSHE,active,C39计算机、通信和其他电子设备制造业,证监会行业分类,2026-09-28,baostock
2026-09-30,002907,华森制药,XSHE,active,C27医药制造业,证监会行业分类,2026-09-28,baostock
2026-09-30,002908,德生科技,XSHE,active,I65软件和信息技术服务业,证监会行业分类,2026-09-28,baostock
2026-09-30,002909,集泰股份,XSHE,active,C26化学原料和化学制品制造业,证监会行业分类,2026-09-28,baostock
2026-09-30,002910,庄园牧场,XSHE,active,C14食品制造业,证监会行业分类,2026-09-28,baostock
2026-09-30,002911,佛燃能源,XSHE,active,D45燃气生产和供应业,证监会行业分类,2026-09-28,baostock
2026-09-30,002912,中新赛克,XSHE,active,I65软件和信息技术服务业,证监会行业分类,2026-09-28,baostock
2026-09-30,002913,奥士康,XSHE,active,C39计算机、通信和其他电子设备制造业,证监会行业分类,2026-09-28,baostock
2026-09-30,002915,中欣氟材,XSHE,active,C26化学原料和化学制品制造业,证监会行业分类,2026-09-28,baostock
2026-09-30,002916,深南电路,XSHE,active,C39计算机、通信和其他电子设备制造业,证监会行业分类,2026-09-28,baostock
2026-09-30,002917,金奥博,XSHE,active,C26化学原料和化学制品制造业,证监会行业分类,2026-09-28,baostock
2026-09-30,002918,蒙娜丽莎,XSHE,active,C30非金属矿物制品业,证监会行业分类,2026-09-28,baostock
2026-09-30,002919,名臣健康,XSHE,active,I64互联网和相关服务,证监会行业分类,2026-09-28,baostock
2026-09-30,002920,德赛西威,XSHE,active,C39计算机、通信和其他电子设备制造业,证监会行业分类,2026-09-28,baostock
2026-09-30,002921,联诚精密,XSHE,active,C34通用设备制造业,证监会行业分类,2026-09-28,baostock
2026-09-30,002922,伊戈尔,XSHE,active,C38电气机械和器材制造业,证监会行业分类,2026-09-28,baostock
2026-09-30,002923,润都股份,XSHE,active,C27医药制造业,证监会行业分类,2026-09-28,baostock
2026-09-30,002925,盈趣科技,XSHE,active,C39计算机、通信和其他电子设备制造业,证监会行业分类,2026-09-28,baostock
2026-09-30,002926,华西证券,XSHE,active,J67资本市场服务,证监会行业分类,2026-09-28,baostock
2026-09-30,002927,泰永长征,XSHE,active,C38电气机械和器材制造业,证监会行业分类,2026-09-28,baostock
2026-09-30,002928,华夏航空,XSHE,active,G56航空运输业,证监会行业分类,2026-09-28,baostock
2026-09-30,002929,润建股份,XSHE,active,I65软件和信息技术服务业,证监会行业分类,2026-09-28,baostock
2026-09-30,002930,宏川智慧,XSHE,active,G59装卸搬运和仓储业,证监会行业分类,2026-09-28,baostock
2026-09-30,002931,锋龙股份,XSHE,active,C35专用设备制造业,证监会行业分类,2026-09-28,baostock
2026-09-30,002932,*ST明德,XSHE,active,C27医药制造业,证监会行业分类,2026-09-28,baostock
2026-09-30,002933,新兴装备,XSHE,active,C37铁路、船舶、航空航天和其他运输设备制造业,证监会行业分类,2026-09-28,baostock
2026-09-30,002935,天奥电子,XSHE,active,C39计算机、通信和其他电子设备制造业,证监会行业分类,2026-09-28,baostock
2026-09-30,002936,郑州银行,XSHE,active,J66货币金融服务,证监会行业分类,2026-09-28,baostock
2026-09-30,002937,兴瑞科技,XSHE,active,C39计算机、通信和其他电子设备制造业,证监会行业分类,2026-09-28,baostock
2026-09-30,002938,鹏鼎控股,XSHE,active,C39计算机、通信和其他电子设备制造业,证监会行业分类,2026-09-28,baostock
2026-09-30,002939,长城证券,XSHE,active,J67资本市场服务,证监会行业分类,2026-09-28,baostock
2026-09-30,002940,昂利康,XSHE,active,C27医药制造业,证监会行业分类,2026-09-28,baostock
2026-09-30,002941,新疆交建,XSHE,active,E48土木工程建筑业,证监会行业分类,2026-09-28,baostock
2026-09-30,002942,新农股份,XSHE,active,C26化学原料和化学制品制造业,证监会行业分类,2026-09-28,baostock
2026-09-30,002943,宇晶股份,XSHE,active,C34通用设备制造业,证监会行业分类,2026-09-28,baostock
2026-09-30,002945,华林证券,XSHE,active,J67资本市场服务,证监会行业分类,2026-09-28,baostock
2026-09-30,002946,新乳业,XSHE,active,C14食品制造业,证监会行业分类,2026-09-28,baostock
2026-09-30,002947,恒铭达,XSHE,active,C39计算机、通信和其他电子设备制造业,证监会行业分类,2026-09-28,baostock
2026-09-30,002948,青岛银行,XSHE,active,J66货币金融服务,证监会行业分类,2026-09-28,baostock
2026-09-30,002949,华阳国际,XSHE,active,M74专业技术服务业,证监会行业分类,2026-09-28,baostock
2026-09-30,002950,奥美医疗,XSHE,active,C27医药制造业,证监会行业分类,2026-09-28,baostock
2026-09-30,002951,金时科技,XSHE,active,C23印刷和记录媒介复制业,证监会行业分类,2026-09-28,baostock
2026-09-30,002952,亚世光电,XSHE,active,C39计算机、通信和其他电子设备制造业,证监会行业分类,2026-09-28,baostock
2026-09-30,002953,日丰股份,XSHE,active,C38电气机械和器材制造业,证监会行业分类,2026-09-28,baostock
2026-09-30,002955,鸿合科技,XSHE,active,C39计算机、通信和其他电子设备制造业,证监会行业分类,2026-09-28,baostock
2026-09-30,002956,西麦食品,XSHE,active,C14食品制造业,证监会行业分类,2026-09-28,baostock
2026-09-30,002957,科瑞技术,XSHE,active,C35专用设备制造业,证监会行业分类,2026-09-28,baostock
2026-09-30,002958,青农商行,XSHE,active,J66货币金融服务,证监会行业分类,2026-09-28,baostock
2026-09-30,002959,小熊电器,XSHE,active,C38电气机械和器材制造业,证监会行业分类,2026-09-28,baostock
2026-09-30,002960,青鸟智控,XSHE,active,C39计算机、通信和其他电子设备制造业,证监会行业分类,2026-09-28,baostock
2026-09-30,002961,瑞达期货,XSHE,active,J67资本市场服务,证监会行业分类,2026-09-28,baostock
2026-09-30,002962,五方光电,XSHE,active,C39计算机、通信和其他电子设备制造业,证监会行业分类,2026-09-28,baostock
2026-09-30,002963,豪尔赛,XSHE,active,E50建筑装饰、装修和其他建筑业,证监会行业分类,2026-09-28,baostock
2026-09-30,002965,祥鑫科技,XSHE,active,C36汽车制造业,证监会行业分类,2026-09-28,baostock
2026-09-30,002966,苏州银行,XSHE,active,J66货币金融服务,证监会行业分类,2026-09-28,baostock
2026-09-30,002967,广电计量,XSHE,active,M74专业技术服务业,证监会行业分类,2026-09-28,baostock
2026-09-30,002968,新大正,XSHE,active,K70房地产业,证监会行业分类,2026-09-28,baostock
2026-09-30,002969,嘉美包装,XSHE,active,C33金属制品业,证监会行业分类,2026-09-28,baostock
2026-09-30,002970,锐明技术,XSHE,active,I65软件和信息技术服务业,证监会行业分类,2026-09-28,baostock
2026-09-30,002971,和远气体,XSHE,active,C26化学原料和化学制品制造业,证监会行业分类,2026-09-28,baostock
2026-09-30,002972,科安达,XSHE,active,C39计算机、通信和其他电子设备制造业,证监会行业分类,2026-09-28,baostock
2026-09-30,002973,侨银股份,XSHE,active,N78公共设施管理业,证监会行业分类,2026-09-28,baostock
2026-09-30,002975,博杰股份,XSHE,active,C35专用设备制造业,证监会行业分类,2026-09-28,baostock
2026-09-30,002976,瑞玛精密,XSHE,active,C33金属制品业,证监会行业分类,2026-09-28,baostock
2026-09-30,002977,*ST天箭,XSHE,active,C39计算机、通信和其他电子设备制造业,证监会行业分类,2026-09-28,baostock
2026-09-30,002978,安宁股份,XSHE,active,B09有色金属矿采选业,证监会行业分类,2026-09-28,baostock
2026-09-30,002979,雷赛智能,XSHE,active,C40仪器仪表制造业,证监会行业分类,2026-09-28,baostock
2026-09-30,002980,华盛昌,XSHE,active,C40仪器仪表制造业,证监会行业分类,2026-09-28,baostock
2026-09-30,002981,朝阳科技,XSHE,active,C39计算机、通信和其他电子设备制造业,证监会行业分类,2026-09-28,baostock
2026-09-30,002982,湘佳股份,XSHE,active,A03畜牧业,证监会行业分类,2026-09-28,baostock
2026-09-30,002983,芯瑞达,XSHE,active,C39计算机、通信和其他电子设备制造业,证监会行业分类,2026-09-28,baostock
2026-09-30,002984,森麒麟,XSHE,active,C29橡胶和塑料制品业,证监会行业分类,2026-09-28,baostock
2026-09-30,002985,北摩高科,XSHE,active,C37铁路、船舶、航空航天和其他运输设备制造业,证监会行业分类,2026-09-28,baostock
2026-09-30,002986,宇新股份,XSHE,active,C26化学原料和化学制品制造业,证监会行业分类,2026-09-28,baostock
2026-09-30,002987,京北方,XSHE,active,I65软件和信息技术服务业,证监会行业分类,2026-09-28,baostock
2026-09-30,002988,豪美新材,XSHE,active,C32有色金属冶炼和压延加工业,证监会行业分类,2026-09-28,baostock
2026-09-30,002989,中天精装,XSHE,active,E50建筑装饰、装修和其他建筑业,证监会行业分类,2026-09-28,baostock
2026-09-30,002990,盛视科技,XSHE,active,I65软件和信息技术服务业,证监会行业分类,2026-09-28,baostock
2026-09-30,002991,甘源食品,XSHE,active,C13农副食品加工业,证监会行业分类,2026-09-28,baostock
2026-09-30,002992,宝明科技,XSHE,active,C39计算机、通信和其他电子设备制造业,证监会行业分类,2026-09-28,baostock
2026-09-30,002993,奥海科技,XSHE,active,C39计算机、通信和其他电子设备制造业,证监会行业分类,2026-09-28,baostock
2026-09-30,002995,天地在线,XSHE,active,L72商务服务业,证监会行业分类,2026-09-28,baostock
2026-09-30,002996,顺博合金,XSHE,active,C42废弃资源综合利用业,证监会行业分类,2026-09-28,baostock
2026-09-30,002997,瑞鹄模具,XSHE,active,C35专用设备制造业,证监会行业分类,2026-09-28,baostock
2026-09-30,002998,优彩资源,XSHE,active,C28化学纤维制造业,证监会行业分类,2026-09-28,baostock
2026-09-30,002999,天禾股份,XSHE,active,F52零售业,证监会行业分类,2026-09-28,baostock
2026-09-30,003000,劲仔食品,XSHE,active,C13农副食品加工业,证监会行业分类,2026-09-28,baostock
2026-09-30,003001,中岩大地,XSHE,active,E48土木工程建筑业,证监会行业分类,2026-09-28,baostock
2026-09-30,003002,壶化股份,XSHE,active,C26化学原料和化学制品制造业,证监会行业分类,2026-09-28,baostock
2026-09-30,003003,天元股份,XSHE,active,C23印刷和记录媒介复制业,证监会行业分类,2026-09-28,baostock
2026-09-30,003004,声迅股份,XSHE,active,I65软件和信息技术服务业,证监会行业分类,2026-09-28,baostock
2026-09-30,003005,竞业达,XSHE,active,I65软件和信息技术服务业,证监会行业分类,2026-09-28,baostock
2026-09-30,003006,百亚股份,XSHE,active,C22造纸和纸制品业,证监会行业分类,2026-09-28,baostock
2026-09-30,003007,直真科技,XSHE,active,I65软件和信息技术服务业,证监会行业分类,2026-09-28,baostock
2026-09-30,003008,开普检测,XSHE,active,M74专业技术服务业,证监会行业分类,2026-09-28,baostock
2026-09-30,003009,中天火箭,XSHE,active,C37铁路、船舶、航空航天和其他运输设备制造业,证监会行业分类,2026-09-28,baostock
2026-09-30,003010,若羽臣,XSHE,active,I64互联网和相关服务,证监会行业分类,2026-09-28,baostock
2026-09-30,003011,海象新材,XSHE,active,C29橡胶和塑料制品业,证监会行业分类,2026-09-28,baostock
2026-09-30,003012,东鹏控股,XSHE,active,C30非金属矿物制品业,证监会行业分类,2026-09-28,baostock
2026-09-30,003013,地铁设计,XSHE,active,M74专业技术服务业,证监会行业分类,2026-09-28,baostock
2026-09-30,003015,日久光电,XSHE,active,C39计算机、通信和其他电子设备制造业,证监会行业分类,2026-09-28,baostock
2026-09-30,003016,欣贺股份,XSHE,active,C18纺织服装、服饰业,证监会行业分类,2026-09-28,baostock
2026-09-30,003017,大洋生物,XSHE,active,C26化学原料和化学制品制造业,证监会行业分类,2026-09-28,baostock
2026-09-30,003018,金富科技,XSHE,active,C29橡胶和塑料制品业,证监会行业分类,2026-09-28,baostock
2026-09-30,003019,宸展光电,XSHE,active,C39计算机、通信和其他电子设备制造业,证监会行业分类,2026-09-28,baostock
2026-09-30,003020,立方制药,XSHE,active,C27医药制造业,证监会行业分类,2026-09-28,baostock
2026-09-30,003021,兆威机电,XSHE,active,C38电气机械和器材制造业,证监会行业分类,2026-09-28,baostock
2026-09-30,003022,联泓新科,XSHE,active,C26化学原料和化学制品制造业,证监会行业分类,2026-09-28,baostock
2026-09-30,003023,彩虹集团,XSHE,active,C38电气机械和器材制造业,证监会行业分类,2026-09-28,baostock
2026-09-30,003025,思进智能,XSHE,active,C34通用设备制造业,证监会行业分类,2026-09-28,baostock
2026-09-30,003026,中晶科技,XSHE,active,C39计算机、通信和其他电子设备制造业,证监会行业分类,2026-09-28,baostock
2026-09-30,003027,同兴科技,XSHE,active,N77生态保护和环境治理业,证监会行业分类,2026-09-28,baostock
2026-09-30,003028,振邦智能,XSHE,active,C39计算机、通信和其他电子设备制造业,证监会行业分类,2026-09-28,baostock
2026-09-30,003029,吉大正元,XSHE,active,I65软件和信息技术服务业,证监会行业分类,2026-09-28,baostock
2026-09-30,003030,祖名股份,XSHE,active,C13农副食品加工业,证监会行业分类,2026-09-28,baostock
2026-09-30,003031,中瓷电子,XSHE,active,C39计算机、通信和其他电子设备制造业,证监会行业分类,2026-09-28,baostock
2026-09-30,003032,传智教育,XSHE,active,P83教育,证监会行业分类,2026-09-28,baostock
2026-09-30,003033,征和工业,XSHE,active,C34通用设备制造业,证监会行业分类,2026-09-28,baostock
2026-09-30,003035,南网能源,XSHE,active,M75科技推广和应用服务业,证监会行业分类,2026-09-28,baostock
2026-09-30,003036,泰坦股份,XSHE,active,C35专用设备制造业,证监会行业分类,2026-09-28,baostock
2026-09-30,003037,三和管桩,XSHE,active,C30非金属矿物制品业,证监会行业分类,2026-09-28,baostock
2026-09-30,003038,鑫铂股份,XSHE,active,C32有色金属冶炼和压延加工业,证监会行业分类,2026-09-28,baostock
2026-09-30,003039,顺控发展,XSHE,active,D46水的生产和供应业,证监会行业分类,2026-09-28,baostock
2026-09-30,003040,楚天龙,XSHE,active,C39计算机、通信和其他电子设备制造业,证监会行业分类,2026-09-28,baostock
2026-09-30,003041,真爱美家,XSHE,active,C17纺织业,证监会行业分类,2026-09-28,baostock
2026-09-30,003042,中农联合,XSHE,active,C26化学原料和化学制品制造业,证监会行业分类,2026-09-28,baostock
2026-09-30,003043,华亚智能,XSHE,active,C33金属制品业,证监会行业分类,2026-09-28,baostock
2026-09-30,003816,中国广核,XSHE,active,D44电力、热力生产和供应业,证监会行业分类,2026-09-28,baostock
2026-09-30,300001,特锐德,XSHE,active,C38电气机械和器材制造业,证监会行业分类,2026-09-28,baostock
2026-09-30,300002,神州泰岳,XSHE,active,I64互联网和相关服务,证监会行业分类,2026-09-28,baostock
2026-09-30,300003,乐普医疗,XSHE,active,C35专用设备制造业,证监会行业分类,2026-09-28,baostock
2026-09-30,300004,南风股份,XSHE,active,C34通用设备制造业,证监会行业分类,2026-09-28,baostock
2026-09-30,300005,探路者,XSHE,active,C18纺织服装、服饰业,证监会行业分类,2026-09-28,baostock
2026-09-30,300006,莱美药业,XSHE,active,C27医药制造业,证监会行业分类,2026-09-28,baostock
2026-09-30,300007,汉威科技,XSHE,active,I65软件和信息技术服务业,证监会行业分类,2026-09-28,baostock
2026-09-30,300008,天海防务,XSHE,active,C37铁路、船舶、航空航天和其他运输设备制造业,证监会行业分类,2026-09-28,baostock
2026-09-30,300009,安科生物,XSHE,active,C27医药制造业,证监会行业分类,2026-09-28,baostock
2026-09-30,300010,ST豆神,XSHE,active,I65软件和信息技术服务业,证监会行业分类,2026-09-28,baostock
2026-09-30,300011,鼎汉技术,XSHE,active,C37铁路、船舶、航空航天和其他运输设备制造业,证监会行业分类,2026-09-28,baostock
2026-09-30,300012,华测检测,XSHE,active,M74专业技术服务业,证监会行业分类,2026-09-28,baostock
2026-09-30,300013,新宁物流,XSHE,active,G59装卸搬运和仓储业,证监会行业分类,2026-09-28,baostock
2026-09-30,300014,亿纬锂能,XSHE,active,C38电气机械和器材制造业,证监会行业分类,2026-09-28,baostock
2026-09-30,300015,爱尔眼科,XSHE,active,Q84卫生,证监会行业分类,2026-09-28,baostock
2026-09-30,300016,北陆药业,XSHE,active,C27医药制造业,证监会行业分类,2026-09-28,baostock
2026-09-30,300017,网宿科技,XSHE,active,I65软件和信息技术服务业,证监会行业分类,2026-09-28,baostock
2026-09-30,300018,中元股份,XSHE,active,C38电气机械和器材制造业,证监会行业分类,2026-09-28,baostock
2026-09-30,300019,硅宝科技,XSHE,active,C26化学原料和化学制品制造业,证监会行业分类,2026-09-28,baostock
2026-09-30,300020,ST银江,XSHE,active,I65软件和信息技术服务业,证监会行业分类,2026-09-28,baostock
2026-09-30,300021,大禹节水,XSHE,active,N76水利管理业,证监会行业分类,2026-09-28,baostock
2026-09-30,300022,吉峰科技,XSHE,active,F51批发业,证监会行业分类,2026-09-28,baostock
2026-09-30,300024,机器人,XSHE,active,C34通用设备制造业,证监会行业分类,2026-09-28,baostock
2026-09-30,300025,华星创业,XSHE,active,I65软件和信息技术服务业,证监会行业分类,2026-09-28,baostock
2026-09-30,300026,红日药业,XSHE,active,C27医药制造业,证监会行业分类,2026-09-28,baostock
2026-09-30,300027,ST华谊,XSHE,active,R87广播、电视、电影和录音制作业,证监会行业分类,2026-09-28,baostock
2026-09-30,300030,阳普医疗,XSHE,active,C35专用设备制造业,证监会行业分类,2026-09-28,baostock
2026-09-30,300031,宝通科技,XSHE,active,I64互联网和相关服务,证监会行业分类,2026-09-28,baostock
2026-09-30,300032,金龙机电,XSHE,active,C38电气机械和器材制造业,证监会行业分类,2026-09-28,baostock
2026-09-30,300033,同花顺,XSHE,active,J69其他金融业,证监会行业分类,2026-09-28,baostock
2026-09-30,300034,钢研高纳,XSHE,active,C32有色金属冶炼和压延加工业,证监会行业分类,2026-09-28,baostock
2026-09-30,300035,中科电气,XSHE,active,C39计算机、通信和其他电子设备制造业,证监会行业分类,2026-09-28,baostock
2026-09-30,300036,超图软件,XSHE,active,I65软件和信息技术服务业,证监会行业分类,2026-09-28,baostock
2026-09-30,300037,新宙邦,XSHE,active,C39计算机、通信和其他电子设备制造业,证监会行业分类,2026-09-28,baostock
2026-09-30,300039,上海凯宝,XSHE,active,C27医药制造业,证监会行业分类,2026-09-28,baostock
2026-09-30,300040,九洲集团,XSHE,active,D44电力、热力生产和供应业,证监会行业分类,2026-09-28,baostock
2026-09-30,300041,回天新材,XSHE,active,C26化学原料和化学制品制造业,证监会行业分类,2026-09-28,baostock
2026-09-30,300042,朗科科技,XSHE,active,C39计算机、通信和其他电子设备制造业,证监会行业分类,2026-09-28,baostock
2026-09-30,300043,星辉娱乐,XSHE,active,I64互联网和相关服务,证监会行业分类,2026-09-28,baostock
2026-09-30,300044,*ST赛为,XSHE,active,I65软件和信息技术服务业,证监会行业分类,2026-09-28,baostock
2026-09-30,300045,华力创通,XSHE,active,C39计算机、通信和其他电子设备制造业,证监会行业分类,2026-09-28,baostock
2026-09-30,300046,台基股份,XSHE,active,C39计算机、通信和其他电子设备制造业,证监会行业分类,2026-09-28,baostock
2026-09-30,300047,天源迪科,XSHE,active,I65软件和信息技术服务业,证监会行业分类,2026-09-28,baostock
2026-09-30,300048,合康新能,XSHE,active,C38电气机械和器材制造业,证监会行业分类,2026-09-28,baostock
2026-09-30,300049,福瑞医科,XSHE,active,C35专用设备制造业,证监会行业分类,2026-09-28,baostock
2026-09-30,300050,世纪鼎利,XSHE,active,I65软件和信息技术服务业,证监会行业分类,2026-09-28,baostock
2026-09-30,300051,琏升科技,XSHE,active,I65软件和信息技术服务业,证监会行业分类,2026-09-28,baostock
2026-09-30,300052,中青宝,XSHE,active,I64互联网和相关服务,证监会行业分类,2026-09-28,baostock
2026-09-30,300053,航宇微,XSHE,active,C39计算机、通信和其他电子设备制造业,证监会行业分类,2026-09-28,baostock
2026-09-30,300054,鼎龙股份,XSHE,active,C39计算机、通信和其他电子设备制造业,证监会行业分类,2026-09-28,baostock
2026-09-30,300055,万邦达,XSHE,active,C26化学原料和化学制品制造业,证监会行业分类,2026-09-28,baostock
2026-09-30,300056,中创环保,XSHE,active,C35专用设备制造业,证监会行业分类,2026-09-28,baostock
2026-09-30,300057,万顺新材,XSHE,active,C32有色金属冶炼和压延加工业,证监会行业分类,2026-09-28,baostock
2026-09-30,300058,蓝色光标,XSHE,active,L72商务服务业,证监会行业分类,2026-09-28,baostock
2026-09-30,300059,东方财富,XSHE,active,J67资本市场服务,证监会行业分类,2026-09-28,baostock
2026-09-30,300061,旗天科技,XSHE,active,L72商务服务业,证监会行业分类,2026-09-28,baostock
2026-09-30,300062,中能电气,XSHE,active,C38电气机械和器材制造业,证监会行业分类,2026-09-28,baostock
2026-09-30,300063,天龙集团,XSHE,active,L72商务服务业,证监会行业分类,2026-09-28,baostock
2026-09-30,300065,海兰信,XSHE,active,C39计算机、通信和其他电子设备制造业,证监会行业分类,2026-09-28,baostock
2026-09-30,300066,三川智慧,XSHE,active,C40仪器仪表制造业,证监会行业分类,2026-09-28,baostock
2026-09-30,300067,安诺其,XSHE,active,C26化学原料和化学制品制造业,证监会行业分类,2026-09-28,baostock
2026-09-30,300068,ST南都,XSHE,active,C38电气机械和器材制造业,证监会行业分类,2026-09-28,baostock
2026-09-30,300069,金利华电,XSHE,active,C38电气机械和器材制造业,证监会行业分类,2026-09-28,baostock
2026-09-30,300070,碧水源,XSHE,active,N77生态保护和环境治理业,证监会行业分类,2026-09-28,baostock
2026-09-30,300071,福石控股,XSHE,active,L72商务服务业,证监会行业分类,2026-09-28,baostock
2026-09-30,300072,海新能科,XSHE,active,C26化学原料和化学制品制造业,证监会行业分类,2026-09-28,baostock
2026-09-30,300073,当升科技,XSHE,active,C39计算机、通信和其他电子设备制造业,证监会行业分类,2026-09-28,baostock
2026-09-30,300074,华平股份,XSHE,active,I65软件和信息技术服务业,证监会行业分类,2026-09-28,baostock
2026-09-30,300075,数字政通,XSHE,active,I65软件和信息技术服务业,证监会行业分类,2026-09-28,baostock
2026-09-30,300076,*ST宁视,XSHE,active,C39计算机、通信和其他电子设备制造业,证监会行业分类,2026-09-28,baostock
2026-09-30,300077,国民技术,XSHE,active,C39计算机、通信和其他电子设备制造业,证监会行业分类,2026-09-28,baostock
2026-09-30,300078,思创智联,XSHE,active,C39计算机、通信和其他电子设备制造业,证监会行业分类,2026-09-28,baostock
2026-09-30,300079,数码视讯,XSHE,active,C39计算机、通信和其他电子设备制造业,证监会行业分类,2026-09-28,baostock
2026-09-30,300080,易成新能,XSHE,active,C38电气机械和器材制造业,证监会行业分类,2026-09-28,baostock
2026-09-30,300081,ST恒信,XSHE,active,I65软件和信息技术服务业,证监会行业分类,2026-09-28,baostock
2026-09-30,300082,奥克股份,XSHE,suspended,C26化学原料和化学制品制造业,证监会行业分类,2026-09-28,baostock
2026-09-30,300083,创世纪,XSHE,active,C34通用设备制造业,证监会行业分类,2026-09-28,baostock
2026-09-30,300084,海默科技,XSHE,active,B11开采专业及辅助性活动,证监会行业分类,2026-09-28,baostock
2026-09-30,300085,银之杰,XSHE,active,I65软件和信息技术服务业,证监会行业分类,2026-09-28,baostock
2026-09-30,300086,康芝药业,XSHE,active,C27医药制造业,证监会行业分类,2026-09-28,baostock
2026-09-30,300087,ST荃银,XSHE,active,A05农、林、牧、渔专业及辅助性活动,证监会行业分类,2026-09-28,baostock
2026-09-30,300088,长信科技,XSHE,active,C39计算机、通信和其他电子设备制造业,证监会行业分类,2026-09-28,baostock
2026-09-30,300091,*ST金灵,XSHE,active,C34通用设备制造业,证监会行业分类,2026-09-28,baostock
2026-09-30,300092,科新机电,XSHE,active,C35专用设备制造业,证监会行业分类,2026-09-28,baostock
2026-09-30,300093,金刚光伏,XSHE,active,C38电气机械和器材制造业,证监会行业分类,2026-09-28,baostock
2026-09-30,300094,国联水产,XSHE,active,C13农副食品加工业,证监会行业分类,2026-09-28,baostock
2026-09-30,300095,华伍股份,XSHE,active,C34通用设备制造业,证监会行业分类,2026-09-28,baostock
2026-09-30,300096,易联众,XSHE,active,I65软件和信息技术服务业,证监会行业分类,2026-09-28,baostock
2026-09-30,300097,智云股份,XSHE,active,C35专用设备制造业,证监会行业分类,2026-09-28,baostock
2026-09-30,300098,高新兴,XSHE,active,I65软件和信息技术服务业,证监会行业分类,2026-09-28,baostock
2026-09-30,300099,尤洛卡,XSHE,active,C35专用设备制造业,证监会行业分类,2026-09-28,baostock
2026-09-30,300100,双林股份,XSHE,active,C36汽车制造业,证监会行业分类,2026-09-28,baostock
2026-09-30,300101,振芯科技,XSHE,active,I65软件和信息技术服务业,证监会行业分类,2026-09-28,baostock
2026-09-30,300102,乾照光电,XSHE,active,C39计算机、通信和其他电子设备制造业,证监会行业分类,2026-09-28,baostock
2026-09-30,300103,达刚控股,XSHE,active,C42废弃资源综合利用业,证监会行业分类,2026-09-28,baostock
2026-09-30,300105,龙源技术,XSHE,active,C38电气机械和器材制造业,证监会行业分类,2026-09-28,baostock
2026-09-30,300106,西部牧业,XSHE,active,C14食品制造业,证监会行业分类,2026-09-28,baostock
2026-09-30,300107,建新股份,XSHE,active,C26化学原料和化学制品制造业,证监会行业分类,2026-09-28,baostock
2026-09-30,300109,新开源,XSHE,active,C26化学原料和化学制品制造业,证监会行业分类,2026-09-28,baostock
2026-09-30,300110,华仁药业,XSHE,active,C27医药制造业,证监会行业分类,2026-09-28,baostock
2026-09-30,300111,向日葵,XSHE,active,C27医药制造业,证监会行业分类,2026-09-28,baostock
2026-09-30,300112,万讯自控,XSHE,active,C40仪器仪表制造业,证监会行业分类,2026-09-28,baostock
2026-09-30,300113,顺网科技,XSHE,active,I64互联网和相关服务,证监会行业分类,2026-09-28,baostock
2026-09-30,300115,长盈精密,XSHE,active,C39计算机、通信和其他电子设备制造业,证监会行业分类,2026-09-28,baostock
2026-09-30,300118,东方日升,XSHE,active,C38电气机械和器材制造业,证监会行业分类,2026-09-28,baostock
2026-09-30,300119,瑞普生物,XSHE,active,C27医药制造业,证监会行业分类,2026-09-28,baostock
2026-09-30,300120,经纬辉开,XSHE,active,C39计算机、通信和其他电子设备制造业,证监会行业分类,2026-09-28,baostock
2026-09-30,300121,阳谷华泰,XSHE,active,C26化学原料和化学制品制造业,证监会行业分类,2026-09-28,baostock
2026-09-30,300122,智飞生物,XSHE,active,C27医药制造业,证监会行业分类,2026-09-28,baostock
2026-09-30,300123,ST亚光,XSHE,active,C39计算机、通信和其他电子设备制造业,证监会行业分类,2026-09-28,baostock
2026-09-30,300124,汇川技术,XSHE,active,C38电气机械和器材制造业,证监会行业分类,2026-09-28,baostock
2026-09-30,300125,聆达股份,XSHE,active,C38电气机械和器材制造业,证监会行业分类,2026-09-28,baostock
2026-09-30,300126,锐奇股份,XSHE,active,C34通用设备制造业,证监会行业分类,2026-09-28,baostock
2026-09-30,300127,银河磁体,XSHE,active,C39计算机、通信和其他电子设备制造业,证监会行业分类,2026-09-28,baostock
2026-09-30,300128,锦富技术,XSHE,active,C39计算机、通信和其他电子设备制造业,证监会行业分类,2026-09-28,baostock
2026-09-30,300129,泰胜风能,XSHE,active,C38电气机械和器材制造业,证监会行业分类,2026-09-28,baostock
2026-09-30,300130,新国都,XSHE,active,C35专用设备制造业,证监会行业分类,2026-09-28,baostock
2026-09-30,300131,英唐智控,XSHE,active,F51批发业,证监会行业分类,2026-09-28,baostock
2026-09-30,300132,诺斯贝尔,XSHE,active,C26化学原料和化学制品制造业,证监会行业分类,2026-09-28,baostock
2026-09-30,300133,华策影视,XSHE,active,R87广播、电视、电影和录音制作业,证监会行业分类,2026-09-28,baostock
2026-09-30,300134,大富科技,XSHE,active,C39计算机、通信和其他电子设备制造业,证监会行业分类,2026-09-28,baostock
2026-09-30,300135,宝利国际,XSHE,active,C25石油、煤炭及其他燃料加工业,证监会行业分类,2026-09-28,baostock
2026-09-30,300136,信维通信,XSHE,active,C39计算机、通信和其他电子设备制造业,证监会行业分类,2026-09-28,baostock
2026-09-30,300137,先河环保,XSHE,active,C40仪器仪表制造业,证监会行业分类,2026-09-28,baostock
2026-09-30,300138,晨光生物,XSHE,active,C13农副食品加工业,证监会行业分类,2026-09-28,baostock
2026-09-30,300139,晓程科技,XSHE,active,B09有色金属矿采选业,证监会行业分类,2026-09-28,baostock
2026-09-30,300140,节能环境,XSHE,active,N77生态保护和环境治理业,证监会行业分类,2026-09-28,baostock
2026-09-30,300141,和顺电气,XSHE,active,C38电气机械和器材制造业,证监会行业分类,2026-09-28,baostock
2026-09-30,300142,沃森生物,XSHE,active,C27医药制造业,证监会行业分类,2026-09-28,baostock
2026-09-30,300143,盈康生命,XSHE,active,Q84卫生,证监会行业分类,2026-09-28,baostock
2026-09-30,300144,宋城演艺,XSHE,active,R88文化艺术业,证监会行业分类,2026-09-28,baostock
2026-09-30,300145,南方泵业,XSHE,active,C34通用设备制造业,证监会行业分类,2026-09-28,baostock
2026-09-30,300146,汤臣倍健,XSHE,active,C14食品制造业,证监会行业分类,2026-09-28,baostock
2026-09-30,300147,*ST香雪,XSHE,active,C27医药制造业,证监会行业分类,2026-09-28,baostock
2026-09-30,300148,天舟文化,XSHE,active,R86新闻和出版业,证监会行业分类,2026-09-28,baostock
2026-09-30,300149,睿智医药,XSHE,active,M73研究和试验发展,证监会行业分类,2026-09-28,baostock
2026-09-30,300150,世纪瑞尔,XSHE,active,I65软件和信息技术服务业,证监会行业分类,2026-09-28,baostock
2026-09-30,300151,昌红科技,XSHE,active,C35专用设备制造业,证监会行业分类,2026-09-28,baostock
2026-09-30,300152,*ST动力,XSHE,active,C34通用设备制造业,证监会行业分类,2026-09-28,baostock
2026-09-30,300153,科泰电源,XSHE,active,C38电气机械和器材制造业,证监会行业分类,2026-09-28,baostock
2026-09-30,300154,瑞凌股份,XSHE,active,C34通用设备制造业,证监会行业分类,2026-09-28,baostock
2026-09-30,300155,安居宝,XSHE,active,C39计算机、通信和其他电子设备制造业,证监会行业分类,2026-09-28,baostock
2026-09-30,300157,新锦动力,XSHE,active,C34通用设备制造业,证监会行业分类,2026-09-28,baostock
2026-09-30,300158,振东制药,XSHE,active,C27医药制造业,证监会行业分类,2026-09-28,baostock
2026-09-30,300159,新研股份,XSHE,active,C35专用设备制造业,证监会行业分类,2026-09-28,baostock
2026-09-30,300160,秀强股份,XSHE,active,C30非金属矿物制品业,证监会行业分类,2026-09-28,baostock
2026-09-30,300161,华中数控,XSHE,active,C34通用设备制造业,证监会行业分类,2026-09-28,baostock
2026-09-30,300162,雷曼光电,XSHE,active,C39计算机、通信和其他电子设备制造业,证监会行业分类,2026-09-28,baostock
2026-09-30,300163,先锋新材,XSHE,active,C17纺织业,证监会行业分类,2026-09-28,baostock
2026-09-30,300164,通源石油,XSHE,active,B11开采专业及辅助性活动,证监会行业分类,2026-09-28,baostock
2026-09-30,300165,天瑞仪器,XSHE,active,C40仪器仪表制造业,证监会行业分类,2026-09-28,baostock
2026-09-30,300166,东方国信,XSHE,active,I65软件和信息技术服务业,证监会行业分类,2026-09-28,baostock
2026-09-30,300167,ST迪威迅,XSHE,active,I65软件和信息技术服务业,证监会行业分类,2026-09-28,baostock
2026-09-30,300168,万达信息,XSHE,active,I65软件和信息技术服务业,证监会行业分类,2026-09-28,baostock
2026-09-30,300169,天晟新材,XSHE,active,C29橡胶和塑料制品业,证监会行业分类,2026-09-28,baostock
2026-09-30,300170,汉得信息,XSHE,active,I65软件和信息技术服务业,证监会行业分类,2026-09-28,baostock
2026-09-30,300171,东富龙,XSHE,active,C35专用设备制造业,证监会行业分类,2026-09-28,baostock
2026-09-30,300172,中电环保,XSHE,active,D46水的生产和供应业,证监会行业分类,2026-09-28,baostock
2026-09-30,300173,ST福能,XSHE,active,C35专用设备制造业,证监会行业分类,2026-09-28,baostock
2026-09-30,300174,元力股份,XSHE,active,C26化学原料和化学制品制造业,证监会行业分类,2026-09-28,baostock
2026-09-30,300175,朗源股份,XSHE,active,C13农副食品加工业,证监会行业分类,2026-09-28,baostock
2026-09-30,300176,鸿特科技,XSHE,active,C36汽车制造业,证监会行业分类,2026-09-28,baostock
2026-09-30,300177,中海达,XSHE,active,C39计算机、通信和其他电子设备制造业,证监会行业分类,2026-09-28,baostock
2026-09-30,300179,四方达,XSHE,active,C30非金属矿物制品业,证监会行业分类,2026-09-28,baostock
2026-09-30,300180,华峰超纤,XSHE,active,C29橡胶和塑料制品业,证监会行业分类,2026-09-28,baostock
2026-09-30,300181,佐力药业,XSHE,active,C27医药制造业,证监会行业分类,2026-09-28,baostock
2026-09-30,300182,捷成股份,XSHE,active,R87广播、电视、电影和录音制作业,证监会行业分类,2026-09-28,baostock
2026-09-30,300183,东软载波,XSHE,active,C40仪器仪表制造业,证监会行业分类,2026-09-28,baostock
2026-09-30,300184,力源信息,XSHE,active,F51批发业,证监会行业分类,2026-09-28,baostock
2026-09-30,300185,通裕重工,XSHE,active,C33金属制品业,证监会行业分类,2026-09-28,baostock
2026-09-30,300187,永清环保,XSHE,active,N77生态保护和环境治理业,证监会行业分类,2026-09-28,baostock
2026-09-30,300188,国投智能,XSHE,active,I65软件和信息技术服务业,证监会行业分类,2026-09-28,baostock
2026-09-30,300189,神农种业,XSHE,active,A05农、林、牧、渔专业及辅助性活动,证监会行业分类,2026-09-28,baostock
2026-09-30,300190,维尔利,XSHE,active,N77生态保护和环境治理业,证监会行业分类,2026-09-28,baostock
2026-09-30,300191,潜能恒信,XSHE,active,B07石油和天然气开采业,证监会行业分类,2026-09-28,baostock
2026-09-30,300192,科德教育,XSHE,active,P83教育,证监会行业分类,2026-09-28,baostock
2026-09-30,300193,佳士科技,XSHE,active,C34通用设备制造业,证监会行业分类,2026-09-28,baostock
2026-09-30,300194,福安药业,XSHE,active,C27医药制造业,证监会行业分类,2026-09-28,baostock
2026-09-30,300195,长荣股份,XSHE,active,C35专用设备制造业,证监会行业分类,2026-09-28,baostock
2026-09-30,300196,长海股份,XSHE,active,C30非金属矿物制品业,证监会行业分类,2026-09-28,baostock
2026-09-30,300197,节能铁汉,XSHE,active,N77生态保护和环境治理业,证监会行业分类,2026-09-28,baostock
2026-09-30,300198,*ST纳川,XSHE,active,C29橡胶和塑料制品业,证监会行业分类,2026-09-28,baostock
2026-09-30,300199,翰宇药业,XSHE,active,C27医药制造业,证监会行业分类,2026-09-28,baostock
2026-09-30,300200,高盟新材,XSHE,active,C26化学原料和化学制品制造业,证监会行业分类,2026-09-28,baostock
2026-09-30,300201,海伦哲,XSHE,active,C35专用设备制造业,证监会行业分类,2026-09-28,baostock
2026-09-30,300203,聚光科技,XSHE,active,C40仪器仪表制造业,证监会行业分类,2026-09-28,baostock
2026-09-30,300204,舒泰神,XSHE,active,C27医药制造业,证监会行业分类,2026-09-28,baostock
2026-09-30,300205,*ST天喻,XSHE,active,C39计算机、通信和其他电子设备制造业,证监会行业分类,2026-09-28,baostock
2026-09-30,300206,理邦仪器,XSHE,active,C35专用设备制造业,证监会行业分类,2026-09-28,baostock
2026-09-30,300207,欣旺达,XSHE,active,C38电气机械和器材制造业,证监会行业分类,2026-09-28,baostock
2026-09-30,300209,行云科技,XSHE,active,F52零售业,证监会行业分类,2026-09-28,baostock
2026-09-30,300210,森远股份,XSHE,active,C35专用设备制造业,证监会行业分类,2026-09-28,baostock
2026-09-30,300211,亿通科技,XSHE,active,C39计算机、通信和其他电子设备制造业,证监会行业分类,2026-09-28,baostock
2026-09-30,300212,*ST易录,XSHE,active,I65软件和信息技术服务业,证监会行业分类,2026-09-28,baostock
2026-09-30,300213,佳讯飞鸿,XSHE,active,C39计算机、通信和其他电子设备制造业,证监会行业分类,2026-09-28,baostock
2026-09-30,300214,日科化学,XSHE,active,C26化学原料和化学制品制造业,证监会行业分类,2026-09-28,baostock
2026-09-30,300215,电科院,XSHE,active,M74专业技术服务业,证监会行业分类,2026-09-28,baostock
2026-09-30,300217,东方电热,XSHE,active,C35专用设备制造业,证监会行业分类,2026-09-28,baostock
2026-09-30,300218,安利股份,XSHE,active,C29橡胶和塑料制品业,证监会行业分类,2026-09-28,baostock
2026-09-30,300219,鸿利智汇,XSHE,active,C39计算机、通信和其他电子设备制造业,证监会行业分类,2026-09-28,baostock
2026-09-30,300220,金运激光,XSHE,active,C39计算机、通信和其他电子设备制造业,证监会行业分类,2026-09-28,baostock
2026-09-30,300221,银禧科技,XSHE,active,C29橡胶和塑料制品业,证监会行业分类,2026-09-28,baostock
2026-09-30,300222,科大智能,XSHE,active,C34通用设备制造业,证监会行业分类,2026-09-28,baostock
2026-09-30,300223,君正股份,XSHE,active,C39计算机、通信和其他电子设备制造业,证监会行业分类,2026-09-28,baostock
2026-09-30,300224,正海磁材,XSHE,active,C30非金属矿物制品业,证监会行业分类,2026-09-28,baostock
2026-09-30,300225,金力泰,XSHE,active,C26化学原料和化学制品制造业,证监会行业分类,2026-09-28,baostock
2026-09-30,300226,上海钢联,XSHE,active,L72商务服务业,证监会行业分类,2026-09-28,baostock
2026-09-30,300227,光韵达,XSHE,active,C39计算机、通信和其他电子设备制造业,证监会行业分类,2026-09-28,baostock
2026-09-30,300228,富瑞特装,XSHE,active,C35专用设备制造业,证监会行业分类,2026-09-28,baostock
2026-09-30,300229,拓尔思,XSHE,active,I65软件和信息技术服务业,证监会行业分类,2026-09-28,baostock
2026-09-30,300230,永利股份,XSHE,active,C29橡胶和塑料制品业,证监会行业分类,2026-09-28,baostock
2026-09-30,300231,银信科技,XSHE,active,I65软件和信息技术服务业,证监会行业分类,2026-09-28,baostock
2026-09-30,300232,洲明科技,XSHE,active,C39计算机、通信和其他电子设备制造业,证监会行业分类,2026-09-28,baostock
2026-09-30,300233,金城医药,XSHE,active,C27医药制造业,证监会行业分类,2026-09-28,baostock
2026-09-30,300234,开尔新材,XSHE,active,C30非金属矿物制品业,证监会行业分类,2026-09-28,baostock
2026-09-30,300235,方直科技,XSHE,active,I65软件和信息技术服务业,证监会行业分类,2026-09-28,baostock
2026-09-30,300236,上海新阳,XSHE,active,C39计算机、通信和其他电子设备制造业,证监会行业分类,2026-09-28,baostock
2026-09-30,300237,ST美晨,XSHE,active,C36汽车制造业,证监会行业分类,2026-09-28,baostock
2026-09-30,300238,冠昊生物,XSHE,active,C35专用设备制造业,证监会行业分类,2026-09-28,baostock
2026-09-30,300239,东宝生物,XSHE,active,C27医药制造业,证监会行业分类,2026-09-28,baostock
2026-09-30,300240,飞力达,XSHE,active,G58多式联运和运输代理业,证监会行业分类,2026-09-28,baostock
2026-09-30,300241,瑞丰光电,XSHE,active,C39计算机、通信和其他电子设备制造业,证监会行业分类,2026-09-28,baostock
2026-09-30,300242,佳云科技,XSHE,active,L72商务服务业,证监会行业分类,2026-09-28,baostock
2026-09-30,300243,瑞丰高材,XSHE,active,C26化学原料和化学制品制造业,证监会行业分类,2026-09-28,baostock
2026-09-30,300244,迪安诊断,XSHE,active,Q84卫生,证监会行业分类,2026-09-28,baostock
2026-09-30,300245,ST天玑,XSHE,active,I65软件和信息技术服务业,证监会行业分类,2026-09-28,baostock
2026-09-30,300246,宝莱特,XSHE,active,C35专用设备制造业,证监会行业分类,2026-09-28,baostock
2026-09-30,300247,融捷健康,XSHE,active,C38电气机械和器材制造业,证监会行业分类,2026-09-28,baostock
2026-09-30,300248,新开普,XSHE,active,I65软件和信息技术服务业,证监会行业分类,2026-09-28,baostock
2026-09-30,300249,依米康,XSHE,active,I65软件和信息技术服务业,证监会行业分类,2026-09-28,baostock
2026-09-30,300250,初灵信息,XSHE,active,I65软件和信息技术服务业,证监会行业分类,2026-09-28,baostock
2026-09-30,300251,光线传媒,XSHE,active,R87广播、电视、电影和录音制作业,证监会行业分类,2026-09-28,baostock
2026-09-30,300252,金信诺,XSHE,active,C38电气机械和器材制造业,证监会行业分类,2026-09-28,baostock
2026-09-30,300253,卫宁健康,XSHE,active,I65软件和信息技术服务业,证监会行业分类,2026-09-28,baostock
2026-09-30,300254,仟源医药,XSHE,active,C27医药制造业,证监会行业分类,2026-09-28,baostock
2026-09-30,300255,常山药业,XSHE,active,C27医药制造业,证监会行业分类,2026-09-28,baostock
2026-09-30,300256,星星科技,XSHE,active,C39计算机、通信和其他电子设备制造业,证监会行业分类,2026-09-28,baostock
2026-09-30,300257,开山股份,XSHE,active,C34通用设备制造业,证监会行业分类,2026-09-28,baostock
2026-09-30,300258,精锻科技,XSHE,active,C36汽车制造业,证监会行业分类,2026-09-28,baostock
2026-09-30,300259,新天科技,XSHE,active,C40仪器仪表制造业,证监会行业分类,2026-09-28,baostock
2026-09-30,300260,新莱应材,XSHE,active,C34通用设备制造业,证监会行业分类,2026-09-28,baostock
2026-09-30,300261,雅本化学,XSHE,active,C26化学原料和化学制品制造业,证监会行业分类,2026-09-28,baostock
2026-09-30,300263,隆华科技,XSHE,active,C34通用设备制造业,证监会行业分类,2026-09-28,baostock
2026-09-30,300264,佳创视讯,XSHE,active,I65软件和信息技术服务业,证监会行业分类,2026-09-28,baostock
2026-09-30,300265,通光线缆,XSHE,active,C38电气机械和器材制造业,证监会行业分类,2026-09-28,baostock
2026-09-30,300266,兴源环境,XSHE,active,N77生态保护和环境治理业,证监会行业分类,2026-09-28,baostock
2026-09-30,300267,尔康制药,XSHE,active,C27医药制造业,证监会行业分类,2026-09-28,baostock
2026-09-30,300268,佳沃食品,XSHE,active,C13农副食品加工业,证监会行业分类,2026-09-28,baostock
2026-09-30,300269,联建光电,XSHE,active,C39计算机、通信和其他电子设备制造业,证监会行业分类,2026-09-28,baostock
2026-09-30,300270,中威电子,XSHE,active,C39计算机、通信和其他电子设备制造业,证监会行业分类,2026-09-28,baostock
2026-09-30,300271,华宇软件,XSHE,active,I65软件和信息技术服务业,证监会行业分类,2026-09-28,baostock
2026-09-30,300272,开能健康,XSHE,active,C38电气机械和器材制造业,证监会行业分类,2026-09-28,baostock
2026-09-30,300274,阳光电源,XSHE,active,C38电气机械和器材制造业,证监会行业分类,2026-09-28,baostock
2026-09-30,300275,梅安森,XSHE,active,I65软件和信息技术服务业,证监会行业分类,2026-09-28,baostock
2026-09-30,300276,三丰智能,XSHE,active,C35专用设备制造业,证监会行业分类,2026-09-28,baostock
2026-09-30,300277,汽轮科技,XSHE,active,I65软件和信息技术服务业,证监会行业分类,2026-09-28,baostock
2026-09-30,300278,华昌达,XSHE,active,C35专用设备制造业,证监会行业分类,2026-09-28,baostock
2026-09-30,300279,和晶科技,XSHE,active,C39计算机、通信和其他电子设备制造业,证监会行业分类,2026-09-28,baostock
2026-09-30,300281,金明精机,XSHE,active,C35专用设备制造业,证监会行业分类,2026-09-28,baostock
2026-09-30,300283,温州宏丰,XSHE,active,C38电气机械和器材制造业,证监会行业分类,2026-09-28,baostock
2026-09-30,300284,苏交科,XSHE,active,M74专业技术服务业,证监会行业分类,2026-09-28,baostock
2026-09-30,300285,国瓷材料,XSHE,active,C26化学原料和化学制品制造业,证监会行业分类,2026-09-28,baostock
2026-09-30,300286,安科瑞,XSHE,active,C40仪器仪表制造业,证监会行业分类,2026-09-28,baostock
2026-09-30,300287,飞利信,XSHE,active,I65软件和信息技术服务业,证监会行业分类,2026-09-28,baostock
2026-09-30,300288,朗玛信息,XSHE,active,I63电信、广播电视和卫星传输服务,证监会行业分类,2026-09-28,baostock
2026-09-30,300289,利德曼,XSHE,active,C27医药制造业,证监会行业分类,2026-09-28,baostock
2026-09-30,300290,ST荣科,XSHE,active,I65软件和信息技术服务业,证监会行业分类,2026-09-28,baostock
2026-09-30,300291,百纳千成,XSHE,active,R87广播、电视、电影和录音制作业,证监会行业分类,2026-09-28,baostock
2026-09-30,300292,吴通控股,XSHE,active,I65软件和信息技术服务业,证监会行业分类,2026-09-28,baostock
2026-09-30,300293,蓝英装备,XSHE,active,C35专用设备制造业,证监会行业分类,2026-09-28,baostock
2026-09-30,300294,博雅生物,XSHE,active,C27医药制造业,证监会行业分类,2026-09-28,baostock
2026-09-30,300295,*ST三六五,XSHE,active,I64互联网和相关服务,证监会行业分类,2026-09-28,baostock
2026-09-30,300296,利亚德,XSHE,active,C39计算机、通信和其他电子设备制造业,证监会行业分类,2026-09-28,baostock
2026-09-30,300298,三诺生物,XSHE,active,C35专用设备制造业,证监会行业分类,2026-09-28,baostock
2026-09-30,300299,富春股份,XSHE,active,I64互联网和相关服务,证监会行业分类,2026-09-28,baostock
2026-09-30,300300,海峡创新,XSHE,active,I65软件和信息技术服务业,证监会行业分类,2026-09-28,baostock
2026-09-30,300301,ST长方,XSHE,active,C39计算机、通信和其他电子设备制造业,证监会行业分类,2026-09-28,baostock
2026-09-30,300302,同有科技,XSHE,active,I65软件和信息技术服务业,证监会行业分类,2026-09-28,baostock
2026-09-30,300303,聚飞光电,XSHE,active,C39计算机、通信和其他电子设备制造业,证监会行业分类,2026-09-28,baostock
2026-09-30,300304,云意电气,XSHE,active,C36汽车制造业,证监会行业分类,2026-09-28,baostock
2026-09-30,300305,裕兴股份,XSHE,active,C29橡胶和塑料制品业,证监会行业分类,2026-09-28,baostock
2026-09-30,300306,远方信息,XSHE,active,C40仪器仪表制造业,证监会行业分类,2026-09-28,baostock
2026-09-30,300307,慈星股份,XSHE,active,C35专用设备制造业,证监会行业分类,2026-09-28,baostock
2026-09-30,300308,中际旭创,XSHE,active,C39计算机、通信和其他电子设备制造业,证监会行业分类,2026-09-28,baostock
2026-09-30,300310,宜通世纪,XSHE,active,I63电信、广播电视和卫星传输服务,证监会行业分类,2026-09-28,baostock
2026-09-30,300311,任子行,XSHE,active,I65软件和信息技术服务业,证监会行业分类,2026-09-28,baostock
2026-09-30,300313,天山生物,XSHE,active,A03畜牧业,证监会行业分类,2026-09-28,baostock
2026-09-30,300314,戴维医疗,XSHE,active,C35专用设备制造业,证监会行业分类,2026-09-28,baostock
2026-09-30,300315,掌趣科技,XSHE,active,I64互联网和相关服务,证监会行业分类,2026-09-28,baostock
2026-09-30,300316,晶盛机电,XSHE,active,C35专用设备制造业,证监会行业分类,2026-09-28,baostock
2026-09-30,300317,珈伟新能,XSHE,active,C38电气机械和器材制造业,证监会行业分类,2026-09-28,baostock
2026-09-30,300318,博晖创新,XSHE,active,C35专用设备制造业,证监会行业分类,2026-09-28,baostock
2026-09-30,300319,麦捷科技,XSHE,active,C39计算机、通信和其他电子设备制造业,证监会行业分类,2026-09-28,baostock
2026-09-30,300320,海达股份,XSHE,active,C29橡胶和塑料制品业,证监会行业分类,2026-09-28,baostock
2026-09-30,300321,同大股份,XSHE,active,C29橡胶和塑料制品业,证监会行业分类,2026-09-28,baostock
2026-09-30,300322,硕贝德,XSHE,active,C39计算机、通信和其他电子设备制造业,证监会行业分类,2026-09-28,baostock
2026-09-30,300323,华灿光电,XSHE,active,C39计算机、通信和其他电子设备制造业,证监会行业分类,2026-09-28,baostock
2026-09-30,300324,旋极信息,XSHE,active,I65软件和信息技术服务业,证监会行业分类,2026-09-28,baostock
2026-09-30,300326,ST凯利,XSHE,active,C35专用设备制造业,证监会行业分类,2026-09-28,baostock
2026-09-30,300327,中颖电子,XSHE,active,C39计算机、通信和其他电子设备制造业,证监会行业分类,2026-09-28,baostock
2026-09-30,300328,宜安科技,XSHE,active,C33金属制品业,证监会行业分类,2026-09-28,baostock
2026-09-30,300329,海伦钢琴,XSHE,active,C24文教、工美、体育和娱乐用品制造业,证监会行业分类,2026-09-28,baostock
2026-09-30,300331,苏大维格,XSHE,active,C39计算机、通信和其他电子设备制造业,证监会行业分类,2026-09-28,baostock
2026-09-30,300332,天壕能源,XSHE,active,D45燃气生产和供应业,证监会行业分类,2026-09-28,baostock
2026-09-30,300333,兆日科技,XSHE,active,I65软件和信息技术服务业,证监会行业分类,2026-09-28,baostock
2026-09-30,300334,津膜科技,XSHE,active,C35专用设备制造业,证监会行业分类,2026-09-28,baostock
2026-09-30,300335,迪森股份,XSHE,active,D44电力、热力生产和供应业,证监会行业分类,2026-09-28,baostock
2026-09-30,300337,银邦股份,XSHE,active,C32有色金属冶炼和压延加工业,证监会行业分类,2026-09-28,baostock
2026-09-30,300338,*ST开元,XSHE,active,P83教育,证监会行业分类,2026-09-28,baostock
2026-09-30,300339,润和软件,XSHE,active,I65软件和信息技术服务业,证监会行业分类,2026-09-28,baostock
2026-09-30,300340,科恒股份,XSHE,active,C39计算机、通信和其他电子设备制造业,证监会行业分类,2026-09-28,baostock
2026-09-30,300341,麦克奥迪,XSHE,active,C40仪器仪表制造业,证监会行业分类,2026-09-28,baostock
2026-09-30,300342,天银机电,XSHE,active,C34通用设备制造业,证监会行业分类,2026-09-28,baostock
2026-09-30,300343,联创股份,XSHE,active,C26化学原料和化学制品制造业,证监会行业分类,2026-09-28,baostock
2026-09-30,300345,华民股份,XSHE,active,C38电气机械和器材制造业,证监会行业分类,2026-09-28,baostock
2026-09-30,300346,南大光电,XSHE,active,C39计算机、通信和其他电子设备制造业,证监会行业分类,2026-09-28,baostock
2026-09-30,300347,泰格医药,XSHE,active,M73研究和试验发展,证监会行业分类,2026-09-28,baostock
2026-09-30,300348,长亮科技,XSHE,active,I65软件和信息技术服务业,证监会行业分类,2026-09-28,baostock
2026-09-30,300349,金卡智能,XSHE,active,I65软件和信息技术服务业,证监会行业分类,2026-09-28,baostock
2026-09-30,300350,华鹏飞,XSHE,active,G58多式联运和运输代理业,证监会行业分类,2026-09-28,baostock
2026-09-30,300351,永贵电器,XSHE,active,C39计算机、通信和其他电子设备制造业,证监会行业分类,2026-09-28,baostock
2026-09-30,300352,ST信源,XSHE,active,I65软件和信息技术服务业,证监会行业分类,2026-09-28,baostock
2026-09-30,300353,东土科技,XSHE,active,C39计算机、通信和其他电子设备制造业,证监会行业分类,2026-09-28,baostock
2026-09-30,300354,东华测试,XSHE,active,C40仪器仪表制造业,证监会行业分类,2026-09-28,baostock
2026-09-30,300355,蒙草生态,XSHE,active,N77生态保护和环境治理业,证监会行业分类,2026-09-28,baostock
2026-09-30,300357,我武生物,XSHE,active,C27医药制造业,证监会行业分类,2026-09-28,baostock
2026-09-30,300358,楚天科技,XSHE,active,C35专用设备制造业,证监会行业分类,2026-09-28,baostock
2026-09-30,300359,全通教育,XSHE,active,P83教育,证监会行业分类,2026-09-28,baostock
2026-09-30,300360,炬华科技,XSHE,active,C40仪器仪表制造业,证监会行业分类,2026-09-28,baostock
2026-09-30,300363,博腾股份,XSHE,active,C27医药制造业,证监会行业分类,2026-09-28,baostock
2026-09-30,300364,中文在线,XSHE,active,R86新闻和出版业,证监会行业分类,2026-09-28,baostock
2026-09-30,300365,恒华科技,XSHE,active,I65软件和信息技术服务业,证监会行业分类,2026-09-28,baostock
2026-09-30,300366,ST创意,XSHE,active,I65软件和信息技术服务业,证监会行业分类,2026-09-28,baostock
2026-09-30,300368,汇金股份,XSHE,active,I65软件和信息技术服务业,证监会行业分类,2026-09-28,baostock
2026-09-30,300369,绿盟科技,XSHE,active,I65软件和信息技术服务业,证监会行业分类,2026-09-28,baostock
2026-09-30,300370,安控科技,XSHE,active,C40仪器仪表制造业,证监会行业分类,2026-09-28,baostock
2026-09-30,300371,汇中股份,XSHE,active,C40仪器仪表制造业,证监会行业分类,2026-09-28,baostock
2026-09-30,300373,扬杰科技,XSHE,active,C39计算机、通信和其他电子设备制造业,证监会行业分类,2026-09-28,baostock
2026-09-30,300374,中铁装配,XSHE,active,C30非金属矿物制品业,证监会行业分类,2026-09-28,baostock
2026-09-30,300375,鹏翎股份,XSHE,active,C29橡胶和塑料制品业,证监会行业分类,2026-09-28,baostock
2026-09-30,300376,易事特,XSHE,active,C38电气机械和器材制造业,证监会行业分类,2026-09-28,baostock
2026-09-30,300377,赢时胜,XSHE,active,I65软件和信息技术服务业,证监会行业分类,2026-09-28,baostock
2026-09-30,300378,鼎捷数智,XSHE,active,I65软件和信息技术服务业,证监会行业分类,2026-09-28,baostock
2026-09-30,300380,安硕信息,XSHE,active,I65软件和信息技术服务业,证监会行业分类,2026-09-28,baostock
2026-09-30,300381,溢多利,XSHE,active,C27医药制造业,证监会行业分类,2026-09-28,baostock
2026-09-30,300382,斯莱克,XSHE,active,C35专用设备制造业,证监会行业分类,2026-09-28,baostock
2026-09-30,300383,光环新网,XSHE,active,I65软件和信息技术服务业,证监会行业分类,2026-09-28,baostock
2026-09-30,300384,三联虹普,XSHE,active,M74专业技术服务业,证监会行业分类,2026-09-28,baostock
2026-09-30,300385,ST雪浪,XSHE,active,C35专用设备制造业,证监会行业分类,2026-09-28,baostock
2026-09-30,300386,飞天诚信,XSHE,active,I65软件和信息技术服务业,证监会行业分类,2026-09-28,baostock
2026-09-30,300387,富邦科技,XSHE,active,C26化学原料和化学制品制造业,证监会行业分类,2026-09-28,baostock
2026-09-30,300388,节能国祯,XSHE,active,N77生态保护和环境治理业,证监会行业分类,2026-09-28,baostock
2026-09-30,300389,艾比森,XSHE,active,C39计算机、通信和其他电子设备制造业,证监会行业分类,2026-09-28,baostock
2026-09-30,300390,天华新能,XSHE,active,C39计算机、通信和其他电子设备制造业,证监会行业分类,2026-09-28,baostock
2026-09-30,300393,中来股份,XSHE,active,C38电气机械和器材制造业,证监会行业分类,2026-09-28,baostock
2026-09-30,300394,天孚通信,XSHE,active,C39计算机、通信和其他电子设备制造业,证监会行业分类,2026-09-28,baostock
2026-09-30,300395,菲利华,XSHE,active,C30非金属矿物制品业,证监会行业分类,2026-09-28,baostock
2026-09-30,300396,ST迪瑞,XSHE,active,C35专用设备制造业,证监会行业分类,2026-09-28,baostock
2026-09-30,300397,天和防务,XSHE,active,C39计算机、通信和其他电子设备制造业,证监会行业分类,2026-09-28,baostock
2026-09-30,300398,飞凯材料,XSHE,active,C26化学原料和化学制品制造业,证监会行业分类,2026-09-28,baostock
2026-09-30,300399,天利科技,XSHE,active,I65软件和信息技术服务业,证监会行业分类,2026-09-28,baostock
2026-09-30,300400,劲拓股份,XSHE,active,C35专用设备制造业,证监会行业分类,2026-09-28,baostock
2026-09-30,300401,花园生物,XSHE,active,C27医药制造业,证监会行业分类,2026-09-28,baostock
2026-09-30,300402,宝色股份,XSHE,active,C35专用设备制造业,证监会行业分类,2026-09-28,baostock
2026-09-30,300403,汉宇集团,XSHE,active,C38电气机械和器材制造业,证监会行业分类,2026-09-28,baostock
2026-09-30,300404,博济医药,XSHE,active,M73研究和试验发展,证监会行业分类,2026-09-28,baostock
2026-09-30,300405,科隆股份,XSHE,active,C26化学原料和化学制品制造业,证监会行业分类,2026-09-28,baostock
2026-09-30,300406,九强生物,XSHE,active,C27医药制造业,证监会行业分类,2026-09-28,baostock
2026-09-30,300407,凯发电气,XSHE,active,C37铁路、船舶、航空航天和其他运输设备制造业,证监会行业分类,2026-09-28,baostock
2026-09-30,300408,三环集团,XSHE,active,C39计算机、通信和其他电子设备制造业,证监会行业分类,2026-09-28,baostock
2026-09-30,300409,道氏技术,XSHE,active,C39计算机、通信和其他电子设备制造业,证监会行业分类,2026-09-28,baostock
2026-09-30,300410,正业科技,XSHE,active,C35专用设备制造业,证监会行业分类,2026-09-28,baostock
2026-09-30,300411,金盾股份,XSHE,active,C34通用设备制造业,证监会行业分类,2026-09-28,baostock
2026-09-30,300412,迦南科技,XSHE,active,C35专用设备制造业,证监会行业分类,2026-09-28,baostock
2026-09-30,300413,芒果超媒,XSHE,active,I64互联网和相关服务,证监会行业分类,2026-09-28,baostock
2026-09-30,300414,中光防雷,XSHE,active,C39计算机、通信和其他电子设备制造业,证监会行业分类,2026-09-28,baostock
2026-09-30,300415,伊之密,XSHE,active,C35专用设备制造业,证监会行业分类,2026-09-28,baostock
2026-09-30,300416,苏试试验,XSHE,active,M74专业技术服务业,证监会行业分类,2026-09-28,baostock
2026-09-30,300417,南华仪器,XSHE,active,C40仪器仪表制造业,证监会行业分类,2026-09-28,baostock
2026-09-30,300418,昆仑万维,XSHE,active,I64互联网和相关服务,证监会行业分类,2026-09-28,baostock
2026-09-30,300419,ST浩丰,XSHE,active,I65软件和信息技术服务业,证监会行业分类,2026-09-28,baostock
2026-09-30,300420,五洋自控,XSHE,active,C34通用设备制造业,证监会行业分类,2026-09-28,baostock
2026-09-30,300421,力星股份,XSHE,active,C34通用设备制造业,证监会行业分类,2026-09-28,baostock
2026-09-30,300422,博世科,XSHE,active,N77生态保护和环境治理业,证监会行业分类,2026-09-28,baostock
2026-09-30,300423,昇辉科技,XSHE,active,C38电气机械和器材制造业,证监会行业分类,2026-09-28,baostock
2026-09-30,300424,航新科技,XSHE,active,C43金属制品、机械和设备修理业,证监会行业分类,2026-09-28,baostock
2026-09-30,300425,中建环能,XSHE,active,C35专用设备制造业,证监会行业分类,2026-09-28,baostock
2026-09-30,300426,华智数媒,XSHE,active,R87广播、电视、电影和录音制作业,证监会行业分类,2026-09-28,baostock
2026-09-30,300427,红相股份,XSHE,active,C38电气机械和器材制造业,证监会行业分类,2026-09-28,baostock
2026-09-30,300428,立中集团,XSHE,active,C32有色金属冶炼和压延加工业,证监会行业分类,2026-09-28,baostock
2026-09-30,300429,强力新材,XSHE,active,C26化学原料和化学制品制造业,证监会行业分类,2026-09-28,baostock
2026-09-30,300430,*ST益通,XSHE,active,C35专用设备制造业,证监会行业分类,2026-09-28,baostock
2026-09-30,300432,富临精工,XSHE,active,C36汽车制造业,证监会行业分类,2026-09-28,baostock
2026-09-30,300433,蓝思科技,XSHE,active,C39计算机、通信和其他电子设备制造业,证监会行业分类,2026-09-28,baostock
2026-09-30,300434,金石亚药,XSHE,active,C27医药制造业,证监会行业分类,2026-09-28,baostock
2026-09-30,300435,中泰股份,XSHE,active,D45燃气生产和供应业,证监会行业分类,2026-09-28,baostock
2026-09-30,300436,广生堂,XSHE,active,C27医药制造业,证监会行业分类,2026-09-28,baostock
2026-09-30,300437,清水源,XSHE,active,C26化学原料和化学制品制造业,证监会行业分类,2026-09-28,baostock
2026-09-30,300438,鹏辉能源,XSHE,active,C38电气机械和器材制造业,证监会行业分类,2026-09-28,baostock
2026-09-30,300439,美康生物,XSHE,active,C27医药制造业,证监会行业分类,2026-09-28,baostock
2026-09-30,300440,运达科技,XSHE,active,I65软件和信息技术服务业,证监会行业分类,2026-09-28,baostock
2026-09-30,300441,鲍斯股份,XSHE,active,C34通用设备制造业,证监会行业分类,2026-09-28,baostock
2026-09-30,300442,润泽科技,XSHE,active,I65软件和信息技术服务业,证监会行业分类,2026-09-28,baostock
2026-09-30,300443,金雷股份,XSHE,active,C35专用设备制造业,证监会行业分类,2026-09-28,baostock
2026-09-30,300444,双杰电气,XSHE,active,C38电气机械和器材制造业,证监会行业分类,2026-09-28,baostock
2026-09-30,300445,康斯特,XSHE,active,C40仪器仪表制造业,证监会行业分类,2026-09-28,baostock
2026-09-30,300446,航天智造,XSHE,active,C26化学原料和化学制品制造业,证监会行业分类,2026-09-28,baostock
2026-09-30,300447,全信股份,XSHE,active,C38电气机械和器材制造业,证监会行业分类,2026-09-28,baostock
2026-09-30,300448,浩云科技,XSHE,active,I65软件和信息技术服务业,证监会行业分类,2026-09-28,baostock
2026-09-30,300449,汉邦高科,XSHE,active,C39计算机、通信和其他电子设备制造业,证监会行业分类,2026-09-28,baostock
2026-09-30,300450,先导智能,XSHE,active,C35专用设备制造业,证监会行业分类,2026-09-28,baostock
2026-09-30,300451,创业慧康,XSHE,active,I65软件和信息技术服务业,证监会行业分类,2026-09-28,baostock
2026-09-30,300452,山河药辅,XSHE,active,C27医药制造业,证监会行业分类,2026-09-28,baostock
2026-09-30,300453,三鑫医疗,XSHE,active,C35专用设备制造业,证监会行业分类,2026-09-28,baostock
2026-09-30,300454,深信服,XSHE,active,I65软件和信息技术服务业,证监会行业分类,2026-09-28,baostock
2026-09-30,300455,航天智装,XSHE,active,C39计算机、通信和其他电子设备制造业,证监会行业分类,2026-09-28,baostock
2026-09-30,300456,赛微电子,XSHE,active,C39计算机、通信和其他电子设备制造业,证监会行业分类,2026-09-28,baostock
2026-09-30,300457,赢合科技,XSHE,active,C35专用设备制造业,证监会行业分类,2026-09-28,baostock
2026-09-30,300458,全志科技,XSHE,active,C39计算机、通信和其他电子设备制造业,证监会行业分类,2026-09-28,baostock
2026-09-30,300459,汤姆猫,XSHE,active,I64互联网和相关服务,证监会行业分类,2026-09-28,baostock
2026-09-30,300460,ST惠伦,XSHE,active,C39计算机、通信和其他电子设备制造业,证监会行业分类,2026-09-28,baostock
2026-09-30,300461,田中精机,XSHE,active,C35专用设备制造业,证监会行业分类,2026-09-28,baostock
2026-09-30,300462,ST华铭,XSHE,active,C35专用设备制造业,证监会行业分类,2026-09-28,baostock
2026-09-30,300463,迈克生物,XSHE,active,C27医药制造业,证监会行业分类,2026-09-28,baostock
2026-09-30,300464,星徽股份,XSHE,active,F52零售业,证监会行业分类,2026-09-28,baostock
2026-09-30,300465,高伟达,XSHE,active,I65软件和信息技术服务业,证监会行业分类,2026-09-28,baostock
2026-09-30,300466,赛摩智能,XSHE,active,C40仪器仪表制造业,证监会行业分类,2026-09-28,baostock
2026-09-30,300467,迅游科技,XSHE,active,I64互联网和相关服务,证监会行业分类,2026-09-28,baostock
2026-09-30,300468,四方精创,XSHE,active,I65软件和信息技术服务业,证监会行业分类,2026-09-28,baostock
2026-09-30,300469,信息发展,XSHE,active,I65软件和信息技术服务业,证监会行业分类,2026-09-28,baostock
2026-09-30,300470,中密控股,XSHE,active,C34通用设备制造业,证监会行业分类,2026-09-28,baostock
2026-09-30,300471,厚普股份,XSHE,active,C35专用设备制造业,证监会行业分类,2026-09-28,baostock
2026-09-30,300472,ST新元,XSHE,active,C35专用设备制造业,证监会行业分类,2026-09-28,baostock
2026-09-30,300473,德尔股份,XSHE,active,C36汽车制造业,证监会行业分类,2026-09-28,baostock
2026-09-30,300474,景嘉微,XSHE,active,C39计算机、通信和其他电子设备制造业,证监会行业分类,2026-09-28,baostock
2026-09-30,300475,香农芯创,XSHE,active,F51批发业,证监会行业分类,2026-09-28,baostock
2026-09-30,300476,胜宏科技,XSHE,active,C39计算机、通信和其他电子设备制造业,证监会行业分类,2026-09-28,baostock
2026-09-30,300477,ST合纵,XSHE,active,C38电气机械和器材制造业,证监会行业分类,2026-09-28,baostock
2026-09-30,300478,杭州高新,XSHE,active,C29橡胶和塑料制品业,证监会行业分类,2026-09-28,baostock
2026-09-30,300479,神思电子,XSHE,active,I65软件和信息技术服务业,证监会行业分类,2026-09-28,baostock
2026-09-30,300480,光力科技,XSHE,active,C35专用设备制造业,证监会行业分类,2026-09-28,baostock
2026-09-30,300481,濮阳惠成,XSHE,active,C26化学原料和化学制品制造业,证监会行业分类,2026-09-28,baostock
2026-09-30,300482,万孚生物,XSHE,active,C27医药制造业,证监会行业分类,2026-09-28,baostock
2026-09-30,300483,首华燃气,XSHE,active,B07石油和天然气开采业,证监会行业分类,2026-09-28,baostock
2026-09-30,300484,蓝海华腾,XSHE,active,C38电气机械和器材制造业,证监会行业分类,2026-09-28,baostock
2026-09-30,300485,赛升药业,XSHE,active,C27医药制造业,证监会行业分类,2026-09-28,baostock
2026-09-30,300486,东杰智能,XSHE,active,C34通用设备制造业,证监会行业分类,2026-09-28,baostock
2026-09-30,300487,蓝晓科技,XSHE,active,C26化学原料和化学制品制造业,证监会行业分类,2026-09-28,baostock
2026-09-30,300488,恒锋工具,XSHE,active,C33金属制品业,证监会行业分类,2026-09-28,baostock
2026-09-30,300489,光智科技,XSHE,active,C39计算机、通信和其他电子设备制造业,证监会行业分类,2026-09-28,baostock
2026-09-30,300490,华自科技,XSHE,active,C38电气机械和器材制造业,证监会行业分类,2026-09-28,baostock
2026-09-30,300491,通合科技,XSHE,active,C38电气机械和器材制造业,证监会行业分类,2026-09-28,baostock
2026-09-30,300492,华图山鼎,XSHE,active,P83教育,证监会行业分类,2026-09-28,baostock
2026-09-30,300493,润欣科技,XSHE,active,F51批发业,证监会行业分类,2026-09-28,baostock
2026-09-30,300494,盛天网络,XSHE,active,I64互联网和相关服务,证监会行业分类,2026-09-28,baostock
2026-09-30,300496,中科创达,XSHE,active,I65软件和信息技术服务业,证监会行业分类,2026-09-28,baostock
2026-09-30,300497,富祥股份,XSHE,active,C27医药制造业,证监会行业分类,2026-09-28,baostock
2026-09-30,300498,温氏股份,XSHE,active,A03畜牧业,证监会行业分类,2026-09-28,baostock
2026-09-30,300499,高澜股份,XSHE,active,C38电气机械和器材制造业,证监会行业分类,2026-09-28,baostock
2026-09-30,300500,启迪设计,XSHE,active,M74专业技术服务业,证监会行业分类,2026-09-28,baostock
2026-09-30,300501,海顺新材,XSHE,active,C27医药制造业,证监会行业分类,2026-09-28,baostock
2026-09-30,300502,新易盛,XSHE,active,C39计算机、通信和其他电子设备制造业,证监会行业分类,2026-09-28,baostock
2026-09-30,300503,昊志机电,XSHE,active,C34通用设备制造业,证监会行业分类,2026-09-28,baostock
2026-09-30,300504,天邑股份,XSHE,active,C39计算机、通信和其他电子设备制造业,证监会行业分类,2026-09-28,baostock
2026-09-30,300505,川金诺,XSHE,active,C26化学原料和化学制品制造业,证监会行业分类,2026-09-28,baostock
2026-09-30,300506,名家汇,XSHE,active,E50建筑装饰、装修和其他建筑业,证监会行业分类,2026-09-28,baostock
2026-09-30,300507,苏奥传感,XSHE,active,C36汽车制造业,证监会行业分类,2026-09-28,baostock
2026-09-30,300508,维宏股份,XSHE,active,C40仪器仪表制造业,证监会行业分类,2026-09-28,baostock
2026-09-30,300509,新美星,XSHE,active,C34通用设备制造业,证监会行业分类,2026-09-28,baostock
2026-09-30,300510,金冠股份,XSHE,active,C38电气机械和器材制造业,证监会行业分类,2026-09-28,baostock
2026-09-30,300511,雪榕生物,XSHE,active,A01农业,证监会行业分类,2026-09-28,baostock
2026-09-30,300512,中亚股份,XSHE,active,C34通用设备制造业,证监会行业分类,2026-09-28,baostock
2026-09-30,300513,恒实科技,XSHE,active,I65软件和信息技术服务业,证监会行业分类,2026-09-28,baostock
2026-09-30,300514,友讯达,XSHE,active,C40仪器仪表制造业,证监会行业分类,2026-09-28,baostock
2026-09-30,300515,三德科技,XSHE,active,C40仪器仪表制造业,证监会行业分类,2026-09-28,baostock
2026-09-30,300516,久之洋,XSHE,active,C39计算机、通信和其他电子设备制造业,证监会行业分类,2026-09-28,baostock
2026-09-30,300517,海波重科,XSHE,active,E48土木工程建筑业,证监会行业分类,2026-09-28,baostock
2026-09-30,300518,新迅达,XSHE,active,I64互联网和相关服务,证监会行业分类,2026-09-28,baostock
2026-09-30,300519,新光药业,XSHE,active,C27医药制造业,证监会行业分类,2026-09-28,baostock
2026-09-30,300520,科大国创,XSHE,active,I65软件和信息技术服务业,证监会行业分类,2026-09-28,baostock
2026-09-30,300521,爱司凯,XSHE,active,C35专用设备制造业,证监会行业分类,2026-09-28,baostock
2026-09-30,300522,世名科技,XSHE,active,C26化学原料和化学制品制造业,证监会行业分类,2026-09-28,baostock
2026-09-30,300523,辰安科技,XSHE,active,I65软件和信息技术服务业,证监会行业分类,2026-09-28,baostock
2026-09-30,300525,博思软件,XSHE,active,I65软件和信息技术服务业,证监会行业分类,2026-09-28,baostock
2026-09-30,300527,中船应急,XSHE,active,C35专用设备制造业,证监会行业分类,2026-09-28,baostock
2026-09-30,300528,幸福蓝海,XSHE,active,R87广播、电视、电影和录音制作业,证监会行业分类,2026-09-28,baostock
2026-09-30,300529,健帆生物,XSHE,active,C35专用设备制造业,证监会行业分类,2026-09-28,baostock
2026-09-30,300530,领湃科技,XSHE,active,C38电气机械和器材制造业,证监会行业分类,2026-09-28,baostock
2026-09-30,300531,优博讯,XSHE,active,C39计算机、通信和其他电子设备制造业,证监会行业分类,2026-09-28,baostock
2026-09-30,300532,今天国际,XSHE,active,I65软件和信息技术服务业,证监会行业分类,2026-09-28,baostock
2026-09-30,300533,冰川网络,XSHE,active,I64互联网和相关服务,证监会行业分类,2026-09-28,baostock
2026-09-30,300534,陇神戎发,XSHE,active,C27医药制造业,证监会行业分类,2026-09-28,baostock
2026-09-30,300535,达威股份,XSHE,active,C26化学原料和化学制品制造业,证监会行业分类,2026-09-28,baostock
2026-09-30,300536,农尚环境,XSHE,active,E48土木工程建筑业,证监会行业分类,2026-09-28,baostock
2026-09-30,300537,广信材料,XSHE,active,C26化学原料和化学制品制造业,证监会行业分类,2026-09-28,baostock
2026-09-30,300538,同益股份,XSHE,active,F51批发业,证监会行业分类,2026-09-28,baostock
2026-09-30,300539,横河精密,XSHE,active,C29橡胶和塑料制品业,证监会行业分类,2026-09-28,baostock
2026-09-30,300540,蜀道装备,XSHE,active,C34通用设备制造业,证监会行业分类,2026-09-28,baostock
2026-09-30,300541,先进数通,XSHE,active,I65软件和信息技术服务业,证监会行业分类,2026-09-28,baostock
2026-09-30,300542,新晨科技,XSHE,active,I65软件和信息技术服务业,证监会行业分类,2026-09-28,baostock
2026-09-30,300543,朗科智能,XSHE,active,C39计算机、通信和其他电子设备制造业,证监会行业分类,2026-09-28,baostock
2026-09-30,300545,联得装备,XSHE,active,C35专用设备制造业,证监会行业分类,2026-09-28,baostock
2026-09-30,300546,雄帝科技,XSHE,active,C39计算机、通信和其他电子设备制造业,证监会行业分类,2026-09-28,baostock
2026-09-30,300547,川环科技,XSHE,active,C29橡胶和塑料制品业,证监会行业分类,2026-09-28,baostock
2026-09-30,300548,长芯博创,XSHE,active,C39计算机、通信和其他电子设备制造业,证监会行业分类,2026-09-28,baostock
2026-09-30,300549,优德精密,XSHE,active,C35专用设备制造业,证监会行业分类,2026-09-28,baostock
2026-09-30,300550,和仁科技,XSHE,active,I65软件和信息技术服务业,证监会行业分类,2026-09-28,baostock
2026-09-30,300551,古鳌科技,XSHE,active,C34通用设备制造业,证监会行业分类,2026-09-28,baostock
2026-09-30,300552,万集科技,XSHE,active,C39计算机、通信和其他电子设备制造业,证监会行业分类,2026-09-28,baostock
2026-09-30,300553,集智股份,XSHE,active,C40仪器仪表制造业,证监会行业分类,2026-09-28,baostock
2026-09-30,300554,三超新材,XSHE,active,C30非金属矿物制品业,证监会行业分类,2026-09-28,baostock
2026-09-30,300555,ST路通,XSHE,active,C39计算机、通信和其他电子设备制造业,证监会行业分类,2026-09-28,baostock
2026-09-30,300556,丝路视觉,XSHE,active,I65软件和信息技术服务业,证监会行业分类,2026-09-28,baostock
2026-09-30,300557,理工光科,XSHE,active,C35专用设备制造业,证监会行业分类,2026-09-28,baostock
2026-09-30,300558,贝达药业,XSHE,active,C27医药制造业,证监会行业分类,2026-09-28,baostock
2026-09-30,300559,佳发教育,XSHE,active,I65软件和信息技术服务业,证监会行业分类,2026-09-28,baostock
2026-09-30,300560,中富通,XSHE,active,I65软件和信息技术服务业,证监会行业分类,2026-09-28,baostock
2026-09-30,300561,汇金科技,XSHE,active,I65软件和信息技术服务业,证监会行业分类,2026-09-28,baostock
2026-09-30,300562,乐心股份,XSHE,active,C35专用设备制造业,证监会行业分类,2026-09-28,baostock
2026-09-30,300563,神宇股份,XSHE,active,C39计算机、通信和其他电子设备制造业,证监会行业分类,2026-09-28,baostock
2026-09-30,300564,筑博设计,XSHE,active,M74专业技术服务业,证监会行业分类,2026-09-28,baostock
2026-09-30,300565,科信技术,XSHE,active,C39计算机、通信和其他电子设备制造业,证监会行业分类,2026-09-28,baostock
2026-09-30,300566,激智科技,XSHE,active,C39计算机、通信和其他电子设备制造业,证监会行业分类,2026-09-28,baostock
2026-09-30,300567,精测电子,XSHE,active,C40仪器仪表制造业,证监会行业分类,2026-09-28,baostock
2026-09-30,300568,星源材质,XSHE,active,C26化学原料和化学制品制造业,证监会行业分类,2026-09-28,baostock
2026-09-30,300569,天能重工,XSHE,active,C38电气机械和器材制造业,证监会行业分类,2026-09-28,baostock
2026-09-30,300570,太辰光,XSHE,active,C39计算机、通信和其他电子设备制造业,证监会行业分类,2026-09-28,baostock
2026-09-30,300571,平治信息,XSHE,active,C39计算机、通信和其他电子设备制造业,证监会行业分类,2026-09-28,baostock
2026-09-30,300572,安车检测,XSHE,active,C40仪器仪表制造业,证监会行业分类,2026-09-28,baostock
2026-09-30,300573,兴齐眼药,XSHE,active,C27医药制造业,证监会行业分类,2026-09-28,baostock
2026-09-30,300575,中旗股份,XSHE,active,C26化学原料和化学制品制造业,证监会行业分类,2026-09-28,baostock
2026-09-30,300576,容大感光,XSHE,active,C39计算机、通信和其他电子设备制造业,证监会行业分类,2026-09-28,baostock
2026-09-30,300577,开润股份,XSHE,active,C19皮革、毛皮、羽毛及其制品和制鞋业,证监会行业分类,2026-09-28,baostock
2026-09-30,300578,会畅科技,XSHE,active,I65软件和信息技术服务业,证监会行业分类,2026-09-28,baostock
2026-09-30,300579,数字认证,XSHE,active,I65软件和信息技术服务业,证监会行业分类,2026-09-28,baostock
2026-09-30,300580,贝斯特,XSHE,active,C36汽车制造业,证监会行业分类,2026-09-28,baostock
2026-09-30,300581,晨曦航空,XSHE,active,C39计算机、通信和其他电子设备制造业,证监会行业分类,2026-09-28,baostock
2026-09-30,300582,英飞特,XSHE,active,C39计算机、通信和其他电子设备制造业,证监会行业分类,2026-09-28,baostock
2026-09-30,300583,赛托生物,XSHE,active,C27医药制造业,证监会行业分类,2026-09-28,baostock
2026-09-30,300584,海辰药业,XSHE,active,C27医药制造业,证监会行业分类,2026-09-28,baostock
2026-09-30,300585,奥联电子,XSHE,active,C36汽车制造业,证监会行业分类,2026-09-28,baostock
2026-09-30,300586,美联新材,XSHE,active,C26化学原料和化学制品制造业,证监会行业分类,2026-09-28,baostock
2026-09-30,300587,天铁科技,XSHE,active,C29橡胶和塑料制品业,证监会行业分类,2026-09-28,baostock
2026-09-30,300588,熙菱信息,XSHE,active,I65软件和信息技术服务业,证监会行业分类,2026-09-28,baostock
2026-09-30,300589,江龙船艇,XSHE,active,C37铁路、船舶、航空航天和其他运输设备制造业,证监会行业分类,2026-09-28,baostock
2026-09-30,300590,移为通信,XSHE,active,C39计算机、通信和其他电子设备制造业,证监会行业分类,2026-09-28,baostock
2026-09-30,300591,万里马,XSHE,active,C19皮革、毛皮、羽毛及其制品和制鞋业,证监会行业分类,2026-09-28,baostock
2026-09-30,300592,华凯易佰,XSHE,active,F52零售业,证监会行业分类,2026-09-28,baostock
2026-09-30,300593,新雷能,XSHE,active,C38电气机械和器材制造业,证监会行业分类,2026-09-28,baostock
2026-09-30,300594,ST朗进,XSHE,active,C37铁路、船舶、航空航天和其他运输设备制造业,证监会行业分类,2026-09-28,baostock
2026-09-30,300595,欧普康视,XSHE,active,C35专用设备制造业,证监会行业分类,2026-09-28,baostock
2026-09-30,300596,利安隆,XSHE,active,C26化学原料和化学制品制造业,证监会行业分类,2026-09-28,baostock
2026-09-30,300597,吉大通信,XSHE,active,I65软件和信息技术服务业,证监会行业分类,2026-09-28,baostock
2026-09-30,300598,诚迈科技,XSHE,active,I65软件和信息技术服务业,证监会行业分类,2026-09-28,baostock
2026-09-30,300599,雄塑科技,XSHE,active,C29橡胶和塑料制品业,证监会行业分类,2026-09-28,baostock
2026-09-30,300600,国瑞科技,XSHE,active,C37铁路、船舶、航空航天和其他运输设备制造业,证监会行业分类,2026-09-28,baostock
2026-09-30,300601,康泰生物,XSHE,active,C27医药制造业,证监会行业分类,2026-09-28,baostock
2026-09-30,300602,飞荣达,XSHE,active,C39计算机、通信和其他电子设备制造业,证监会行业分类,2026-09-28,baostock
2026-09-30,300603,立昂技术,XSHE,active,I65软件和信息技术服务业,证监会行业分类,2026-09-28,baostock
2026-09-30,300604,长川科技,XSHE,active,C35专用设备制造业,证监会行业分类,2026-09-28,baostock
2026-09-30,300605,恒锋信息,XSHE,active,I65软件和信息技术服务业,证监会行业分类,2026-09-28,baostock
2026-09-30,300606,金太阳,XSHE,active,C30非金属矿物制品业,证监会行业分类,2026-09-28,baostock
2026-09-30,300607,拓斯达,XSHE,active,C34通用设备制造业,证监会行业分类,2026-09-28,baostock
2026-09-30,300608,思特奇,XSHE,active,I65软件和信息技术服务业,证监会行业分类,2026-09-28,baostock
2026-09-30,300609,汇纳科技,XSHE,active,I65软件和信息技术服务业,证监会行业分类,2026-09-28,baostock
2026-09-30,300610,晨化股份,XSHE,active,C26化学原料和化学制品制造业,证监会行业分类,2026-09-28,baostock
2026-09-30,300611,美力科技,XSHE,active,C36汽车制造业,证监会行业分类,2026-09-28,baostock
2026-09-30,300612,宣亚国际,XSHE,active,L72商务服务业,证监会行业分类,2026-09-28,baostock
2026-09-30,300613,富瀚微,XSHE,active,I65软件和信息技术服务业,证监会行业分类,2026-09-28,baostock
2026-09-30,300614,百川畅银,XSHE,active,N77生态保护和环境治理业,证监会行业分类,2026-09-28,baostock
2026-09-30,300615,欣天科技,XSHE,active,C39计算机、通信和其他电子设备制造业,证监会行业分类,2026-09-28,baostock
2026-09-30,300616,尚品宅配,XSHE,active,C21家具制造业,证监会行业分类,2026-09-28,baostock
2026-09-30,300617,安靠智电,XSHE,active,C38电气机械和器材制造业,证监会行业分类,2026-09-28,baostock
2026-09-30,300618,寒锐钴业,XSHE,active,C32有色金属冶炼和压延加工业,证监会行业分类,2026-09-28,baostock
2026-09-30,300619,金银河,XSHE,active,C35专用设备制造业,证监会行业分类,2026-09-28,baostock
2026-09-30,300620,光库科技,XSHE,active,C39计算机、通信和其他电子设备制造业,证监会行业分类,2026-09-28,baostock
2026-09-30,300621,维业股份,XSHE,active,E50建筑装饰、装修和其他建筑业,证监会行业分类,2026-09-28,baostock
2026-09-30,300622,博士眼镜,XSHE,active,F52零售业,证监会行业分类,2026-09-28,baostock
2026-09-30,300623,捷捷微电,XSHE,active,C39计算机、通信和其他电子设备制造业,证监会行业分类,2026-09-28,baostock
2026-09-30,300624,万兴科技,XSHE,active,I65软件和信息技术服务业,证监会行业分类,2026-09-28,baostock
2026-09-30,300625,三雄极光,XSHE,active,C38电气机械和器材制造业,证监会行业分类,2026-09-28,baostock
2026-09-30,300626,华瑞股份,XSHE,active,C38电气机械和器材制造业,证监会行业分类,2026-09-28,baostock
2026-09-30,300627,华测导航,XSHE,active,C39计算机、通信和其他电子设备制造业,证监会行业分类,2026-09-28,baostock
2026-09-30,300628,亿联网络,XSHE,active,C39计算机、通信和其他电子设备制造业,证监会行业分类,2026-09-28,baostock
2026-09-30,300629,新劲刚,XSHE,active,C39计算机、通信和其他电子设备制造业,证监会行业分类,2026-09-28,baostock
2026-09-30,300631,久吾高科,XSHE,active,C35专用设备制造业,证监会行业分类,2026-09-28,baostock
2026-09-30,300632,光莆股份,XSHE,active,C38电气机械和器材制造业,证监会行业分类,2026-09-28,baostock
2026-09-30,300633,开立医疗,XSHE,active,C35专用设备制造业,证监会行业分类,2026-09-28,baostock
2026-09-30,300634,彩讯股份,XSHE,active,I65软件和信息技术服务业,证监会行业分类,2026-09-28,baostock
2026-09-30,300635,中达安,XSHE,active,M74专业技术服务业,证监会行业分类,2026-09-28,baostock
2026-09-30,300636,同和药业,XSHE,active,C27医药制造业,证监会行业分类,2026-09-28,baostock
2026-09-30,300637,扬帆新材,XSHE,active,C26化学原料和化学制品制造业,证监会行业分类,2026-09-28,baostock
2026-09-30,300638,广和通,XSHE,active,C39计算机、通信和其他电子设备制造业,证监会行业分类,2026-09-28,baostock
2026-09-30,300639,凯普生物,XSHE,active,C27医药制造业,证监会行业分类,2026-09-28,baostock
2026-09-30,300640,德艺文创,XSHE,active,C24文教、工美、体育和娱乐用品制造业,证监会行业分类,2026-09-28,baostock
2026-09-30,300641,正丹股份,XSHE,active,C26化学原料和化学制品制造业,证监会行业分类,2026-09-28,baostock
2026-09-30,300642,透景生命,XSHE,active,C27医药制造业,证监会行业分类,2026-09-28,baostock
2026-09-30,300643,万通智控,XSHE,active,C36汽车制造业,证监会行业分类,2026-09-28,baostock
2026-09-30,300644,南京聚隆,XSHE,active,C29橡胶和塑料制品业,证监会行业分类,2026-09-28,baostock
2026-09-30,300645,正元智慧,XSHE,active,I65软件和信息技术服务业,证监会行业分类,2026-09-28,baostock
2026-09-30,300647,超频三,XSHE,active,C39计算机、通信和其他电子设备制造业,证监会行业分类,2026-09-28,baostock
2026-09-30,300648,星云股份,XSHE,active,C35专用设备制造业,证监会行业分类,2026-09-28,baostock
2026-09-30,300649,杭州园林,XSHE,active,M74专业技术服务业,证监会行业分类,2026-09-28,baostock
2026-09-30,300650,太龙股份,XSHE,active,F51批发业,证监会行业分类,2026-09-28,baostock
2026-09-30,300651,金陵体育,XSHE,active,C24文教、工美、体育和娱乐用品制造业,证监会行业分类,2026-09-28,baostock
2026-09-30,300652,雷迪克,XSHE,active,C36汽车制造业,证监会行业分类,2026-09-28,baostock
2026-09-30,300653,正海生物,XSHE,active,C35专用设备制造业,证监会行业分类,2026-09-28,baostock
2026-09-30,300654,世纪天鸿,XSHE,active,R86新闻和出版业,证监会行业分类,2026-09-28,baostock
2026-09-30,300655,晶瑞电材,XSHE,active,C26化学原料和化学制品制造业,证监会行业分类,2026-09-28,baostock
2026-09-30,300656,民德电子,XSHE,active,C39计算机、通信和其他电子设备制造业,证监会行业分类,2026-09-28,baostock
2026-09-30,300657,弘信电子,XSHE,active,C39计算机、通信和其他电子设备制造业,证监会行业分类,2026-09-28,baostock
2026-09-30,300658,延江股份,XSHE,active,C17纺织业,证监会行业分类,2026-09-28,baostock
2026-09-30,300659,中孚信息,XSHE,active,I65软件和信息技术服务业,证监会行业分类,2026-09-28,baostock
2026-09-30,300660,江苏雷利,XSHE,active,C38电气机械和器材制造业,证监会行业分类,2026-09-28,baostock
2026-09-30,300661,圣邦股份,XSHE,active,C39计算机、通信和其他电子设备制造业,证监会行业分类,2026-09-28,baostock
2026-09-30,300662,科锐国际,XSHE,active,L72商务服务业,证监会行业分类,2026-09-28,baostock
2026-09-30,300663,科蓝软件,XSHE,active,I65软件和信息技术服务业,证监会行业分类,2026-09-28,baostock
2026-09-30,300664,鹏鹞环保,XSHE,active,N77生态保护和环境治理业,证监会行业分类,2026-09-28,baostock
2026-09-30,300665,飞鹿股份,XSHE,active,C26化学原料和化学制品制造业,证监会行业分类,2026-09-28,baostock
2026-09-30,300666,江丰电子,XSHE,active,C39计算机、通信和其他电子设备制造业,证监会行业分类,2026-09-28,baostock
2026-09-30,300667,必创科技,XSHE,active,C40仪器仪表制造业,证监会行业分类,2026-09-28,baostock
2026-09-30,300668,杰恩股份,XSHE,active,L72商务服务业,证监会行业分类,2026-09-28,baostock
2026-09-30,300669,沪宁股份,XSHE,active,C34通用设备制造业,证监会行业分类,2026-09-28,baostock
2026-09-30,300670,大烨智能,XSHE,active,C38电气机械和器材制造业,证监会行业分类,2026-09-28,baostock
2026-09-30,300671,富满微,XSHE,active,I65软件和信息技术服务业,证监会行业分类,2026-09-28,baostock
2026-09-30,300672,国科微,XSHE,active,C39计算机、通信和其他电子设备制造业,证监会行业分类,2026-09-28,baostock
2026-09-30,300673,佩蒂股份,XSHE,active,C13农副食品加工业,证监会行业分类,2026-09-28,baostock
2026-09-30,300674,宇信科技,XSHE,active,I65软件和信息技术服务业,证监会行业分类,2026-09-28,baostock
2026-09-30,300675,建科院,XSHE,active,M74专业技术服务业,证监会行业分类,2026-09-28,baostock
2026-09-30,300676,华大基因,XSHE,active,M74专业技术服务业,证监会行业分类,2026-09-28,baostock
2026-09-30,300677,英科医疗,XSHE,active,C29橡胶和塑料制品业,证监会行业分类,2026-09-28,baostock
2026-09-30,300678,中科信息,XSHE,active,I65软件和信息技术服务业,证监会行业分类,2026-09-28,baostock
2026-09-30,300679,电连技术,XSHE,active,C39计算机、通信和其他电子设备制造业,证监会行业分类,2026-09-28,baostock
2026-09-30,300680,隆盛科技,XSHE,active,C36汽车制造业,证监会行业分类,2026-09-28,baostock
2026-09-30,300681,英搏尔,XSHE,active,C36汽车制造业,证监会行业分类,2026-09-28,baostock
2026-09-30,300682,朗新科技,XSHE,active,I65软件和信息技术服务业,证监会行业分类,2026-09-28,baostock
2026-09-30,300683,海特生物,XSHE,active,C27医药制造业,证监会行业分类,2026-09-28,baostock
2026-09-30,300684,中石科技,XSHE,active,C39计算机、通信和其他电子设备制造业,证监会行业分类,2026-09-28,baostock
2026-09-30,300685,艾德生物,XSHE,active,C27医药制造业,证监会行业分类,2026-09-28,baostock
2026-09-30,300686,智动力,XSHE,active,C39计算机、通信和其他电子设备制造业,证监会行业分类,2026-09-28,baostock
2026-09-30,300687,赛意信息,XSHE,active,I65软件和信息技术服务业,证监会行业分类,2026-09-28,baostock
2026-09-30,300688,创业黑马,XSHE,active,L72商务服务业,证监会行业分类,2026-09-28,baostock
2026-09-30,300689,澄天伟业,XSHE,active,C39计算机、通信和其他电子设备制造业,证监会行业分类,2026-09-28,baostock
2026-09-30,300690,双一科技,XSHE,active,C30非金属矿物制品业,证监会行业分类,2026-09-28,baostock
2026-09-30,300691,联合光电,XSHE,active,C39计算机、通信和其他电子设备制造业,证监会行业分类,2026-09-28,baostock
2026-09-30,300692,中赋科技,XSHE,active,N77生态保护和环境治理业,证监会行业分类,2026-09-28,baostock
2026-09-30,300693,盛弘股份,XSHE,active,C38电气机械和器材制造业,证监会行业分类,2026-09-28,baostock
2026-09-30,300694,蠡湖股份,XSHE,active,C36汽车制造业,证监会行业分类,2026-09-28,baostock
2026-09-30,300695,兆丰股份,XSHE,active,C36汽车制造业,证监会行业分类,2026-09-28,baostock
2026-09-30,300696,爱乐达,XSHE,active,C37铁路、船舶、航空航天和其他运输设备制造业,证监会行业分类,2026-09-28,baostock
2026-09-30,300697,电工合金,XSHE,active,C32有色金属冶炼和压延加工业,证监会行业分类,2026-09-28,baostock
2026-09-30,300698,万马科技,XSHE,active,C39计算机、通信和其他电子设备制造业,证监会行业分类,2026-09-28,baostock
2026-09-30,300699,光威复材,XSHE,active,C28化学纤维制造业,证监会行业分类,2026-09-28,baostock
2026-09-30,300700,岱勒新材,XSHE,active,C30非金属矿物制品业,证监会行业分类,2026-09-28,baostock
2026-09-30,300701,森霸传感,XSHE,active,C39计算机、通信和其他电子设备制造业,证监会行业分类,2026-09-28,baostock
2026-09-30,300702,天宇股份,XSHE,active,C27医药制造业,证监会行业分类,2026-09-28,baostock
2026-09-30,300703,创源股份,XSHE,active,C24文教、工美、体育和娱乐用品制造业,证监会行业分类,2026-09-28,baostock
2026-09-30,300705,九典制药,XSHE,active,C27医药制造业,证监会行业分类,2026-09-28,baostock
2026-09-30,300706,阿石创,XSHE,active,C39计算机、通信和其他电子设备制造业,证监会行业分类,2026-09-28,baostock
2026-09-30,300707,威唐工业,XSHE,active,C35专用设备制造业,证监会行业分类,2026-09-28,baostock
2026-09-30,300708,聚灿光电,XSHE,active,C39计算机、通信和其他电子设备制造业,证监会行业分类,2026-09-28,baostock
2026-09-30,300709,精研科技,XSHE,active,C39计算机、通信和其他电子设备制造业,证监会行业分类,2026-09-28,baostock
2026-09-30,300710,万隆光电,XSHE,active,C39计算机、通信和其他电子设备制造业,证监会行业分类,2026-09-28,baostock
2026-09-30,300711,广哈通信,XSHE,active,C39计算机、通信和其他电子设备制造业,证监会行业分类,2026-09-28,baostock
2026-09-30,300712,永福股份,XSHE,active,E48土木工程建筑业,证监会行业分类,2026-09-28,baostock
2026-09-30,300713,英可瑞,XSHE,active,C38电气机械和器材制造业,证监会行业分类,2026-09-28,baostock
2026-09-30,300715,凯伦股份,XSHE,active,C30非金属矿物制品业,证监会行业分类,2026-09-28,baostock
2026-09-30,300716,*ST泉为,XSHE,active,C29橡胶和塑料制品业,证监会行业分类,2026-09-28,baostock
2026-09-30,300717,华信新材,XSHE,active,C29橡胶和塑料制品业,证监会行业分类,2026-09-28,baostock
2026-09-30,300718,长盛轴承,XSHE,active,C34通用设备制造业,证监会行业分类,2026-09-28,baostock
2026-09-30,300719,安达维尔,XSHE,active,C37铁路、船舶、航空航天和其他运输设备制造业,证监会行业分类,2026-09-28,baostock
2026-09-30,300720,海川智能,XSHE,active,C40仪器仪表制造业,证监会行业分类,2026-09-28,baostock
2026-09-30,300721,怡达股份,XSHE,active,C26化学原料和化学制品制造业,证监会行业分类,2026-09-28,baostock
2026-09-30,300722,新余国科,XSHE,active,C41其他制造业,证监会行业分类,2026-09-28,baostock
2026-09-30,300723,一品红,XSHE,active,C27医药制造业,证监会行业分类,2026-09-28,baostock
2026-09-30,300724,捷佳伟创,XSHE,active,C35专用设备制造业,证监会行业分类,2026-09-28,baostock
2026-09-30,300725,药石科技,XSHE,active,M73研究和试验发展,证监会行业分类,2026-09-28,baostock
2026-09-30,300726,宏达电子,XSHE,active,C39计算机、通信和其他电子设备制造业,证监会行业分类,2026-09-28,baostock
2026-09-30,300727,润禾材料,XSHE,active,C26化学原料和化学制品制造业,证监会行业分类,2026-09-28,baostock
2026-09-30,300729,乐歌股份,XSHE,active,C21家具制造业,证监会行业分类,2026-09-28,baostock
2026-09-30,300730,科创信息,XSHE,active,I65软件和信息技术服务业,证监会行业分类,2026-09-28,baostock
2026-09-30,300731,科创新源,XSHE,active,C29橡胶和塑料制品业,证监会行业分类,2026-09-28,baostock
2026-09-30,300732,设研院,XSHE,active,M74专业技术服务业,证监会行业分类,2026-09-28,baostock
2026-09-30,300733,西菱动力,XSHE,active,C36汽车制造业,证监会行业分类,2026-09-28,baostock
2026-09-30,300735,光弘科技,XSHE,active,C39计算机、通信和其他电子设备制造业,证监会行业分类,2026-09-28,baostock
2026-09-30,300736,百邦科技,XSHE,active,O81机动车、电子产品和日用产品修理业,证监会行业分类,2026-09-28,baostock
2026-09-30,300737,科顺股份,XSHE,active,C30非金属矿物制品业,证监会行业分类,2026-09-28,baostock
2026-09-30,300738,奥飞数据,XSHE,active,I65软件和信息技术服务业,证监会行业分类,2026-09-28,baostock
2026-09-30,300739,明阳电路,XSHE,active,C39计算机、通信和其他电子设备制造业,证监会行业分类,2026-09-28,baostock
2026-09-30,300740,水羊股份,XSHE,active,C26化学原料和化学制品制造业,证监会行业分类,2026-09-28,baostock
2026-09-30,300741,华宝股份,XSHE,active,C26化学原料和化学制品制造业,证监会行业分类,2026-09-28,baostock
2026-09-30,300743,天地数码,XSHE,active,C39计算机、通信和其他电子设备制造业,证监会行业分类,2026-09-28,baostock
2026-09-30,300745,欣锐科技,XSHE,active,C36汽车制造业,证监会行业分类,2026-09-28,baostock
2026-09-30,300746,汉嘉数智,XSHE,active,M74专业技术服务业,证监会行业分类,2026-09-28,baostock
2026-09-30,300747,锐科激光,XSHE,active,C39计算机、通信和其他电子设备制造业,证监会行业分类,2026-09-28,baostock
2026-09-30,300748,金力永磁,XSHE,active,C30非金属矿物制品业,证监会行业分类,2026-09-28,baostock
2026-09-30,300749,顶固集创,XSHE,active,C21家具制造业,证监会行业分类,2026-09-28,baostock
2026-09-30,300750,宁德时代,XSHE,active,C38电气机械和器材制造业,证监会行业分类,2026-09-28,baostock
2026-09-30,300751,迈为股份,XSHE,active,C35专用设备制造业,证监会行业分类,2026-09-28,baostock
2026-09-30,300752,隆利科技,XSHE,active,C39计算机、通信和其他电子设备制造业,证监会行业分类,2026-09-28,baostock
2026-09-30,300753,爱朋医疗,XSHE,active,C35专用设备制造业,证监会行业分类,2026-09-28,baostock
2026-09-30,300755,华致酒行,XSHE,active,F51批发业,证监会行业分类,2026-09-28,baostock
2026-09-30,300756,金马游乐,XSHE,active,C24文教、工美、体育和娱乐用品制造业,证监会行业分类,2026-09-28,baostock
2026-09-30,300757,罗博特科,XSHE,active,C35专用设备制造业,证监会行业分类,2026-09-28,baostock
2026-09-30,300758,七彩化学,XSHE,active,C26化学原料和化学制品制造业,证监会行业分类,2026-09-28,baostock
2026-09-30,300759,康龙化成,XSHE,active,M73研究和试验发展,证监会行业分类,2026-09-28,baostock
2026-09-30,300760,迈瑞医疗,XSHE,active,C35专用设备制造业,证监会行业分类,2026-09-28,baostock
2026-09-30,300761,立华股份,XSHE,active,A03畜牧业,证监会行业分类,2026-09-28,baostock
2026-09-30,300762,上海瀚讯,XSHE,active,C39计算机、通信和其他电子设备制造业,证监会行业分类,2026-09-28,baostock
2026-09-30,300763,锦浪科技,XSHE,active,C38电气机械和器材制造业,证监会行业分类,2026-09-28,baostock
2026-09-30,300765,石药创新,XSHE,active,C14食品制造业,证监会行业分类,2026-09-28,baostock
2026-09-30,300766,每日互动,XSHE,active,I64互联网和相关服务,证监会行业分类,2026-09-28,baostock
2026-09-30,300767,震安科技,XSHE,active,C29橡胶和塑料制品业,证监会行业分类,2026-09-28,baostock
2026-09-30,300768,迪普科技,XSHE,active,I65软件和信息技术服务业,证监会行业分类,2026-09-28,baostock
2026-09-30,300769,德方纳米,XSHE,active,C39计算机、通信和其他电子设备制造业,证监会行业分类,2026-09-28,baostock
2026-09-30,300770,新媒股份,XSHE,active,I63电信、广播电视和卫星传输服务,证监会行业分类,2026-09-28,baostock
2026-09-30,300771,智莱科技,XSHE,active,C35专用设备制造业,证监会行业分类,2026-09-28,baostock
2026-09-30,300772,运达股份,XSHE,active,C34通用设备制造业,证监会行业分类,2026-09-28,baostock
2026-09-30,300773,拉卡拉,XSHE,active,I65软件和信息技术服务业,证监会行业分类,2026-09-28,baostock
2026-09-30,300774,倍杰特,XSHE,active,N77生态保护和环境治理业,证监会行业分类,2026-09-28,baostock
2026-09-30,300775,三角防务,XSHE,active,C37铁路、船舶、航空航天和其他运输设备制造业,证监会行业分类,2026-09-28,baostock
2026-09-30,300776,帝尔激光,XSHE,active,C35专用设备制造业,证监会行业分类,2026-09-28,baostock
2026-09-30,300777,中简科技,XSHE,active,C28化学纤维制造业,证监会行业分类,2026-09-28,baostock
2026-09-30,300778,新城市,XSHE,active,M74专业技术服务业,证监会行业分类,2026-09-28,baostock
2026-09-30,300779,惠城环保,XSHE,active,C42废弃资源综合利用业,证监会行业分类,2026-09-28,baostock
2026-09-30,300780,德恩精工,XSHE,active,C34通用设备制造业,证监会行业分类,2026-09-28,baostock
2026-09-30,300781,因赛集团,XSHE,active,L72商务服务业,证监会行业分类,2026-09-28,baostock
2026-09-30,300782,卓胜微,XSHE,active,C39计算机、通信和其他电子设备制造业,证监会行业分类,2026-09-28,baostock
2026-09-30,300783,三只松鼠,XSHE,active,F52零售业,证监会行业分类,2026-09-28,baostock
2026-09-30,300784,利安科技,XSHE,active,C29橡胶和塑料制品业,证监会行业分类,2026-09-28,baostock
2026-09-30,300785,值得买,XSHE,active,I64互联网和相关服务,证监会行业分类,2026-09-28,baostock
2026-09-30,300786,国林科技,XSHE,active,C35专用设备制造业,证监会行业分类,2026-09-28,baostock
2026-09-30,300787,海能实业,XSHE,active,C39计算机、通信和其他电子设备制造业,证监会行业分类,2026-09-28,baostock
2026-09-30,300788,中信出版,XSHE,active,R86新闻和出版业,证监会行业分类,2026-09-28,baostock
2026-09-30,300789,唐源电气,XSHE,active,I65软件和信息技术服务业,证监会行业分类,2026-09-28,baostock
2026-09-30,300790,宇瞳光学,XSHE,active,C39计算机、通信和其他电子设备制造业,证监会行业分类,2026-09-28,baostock
2026-09-30,300791,仙乐健康,XSHE,active,C14食品制造业,证监会行业分类,2026-09-28,baostock
2026-09-30,300792,壹网壹创,XSHE,active,I64互联网和相关服务,证监会行业分类,2026-09-28,baostock
2026-09-30,300793,佳禾智能,XSHE,active,C39计算机、通信和其他电子设备制造业,证监会行业分类,2026-09-28,baostock
2026-09-30,300795,米奥会展,XSHE,active,L72商务服务业,证监会行业分类,2026-09-28,baostock
2026-09-30,300796,贝斯美,XSHE,active,C26化学原料和化学制品制造业,证监会行业分类,2026-09-28,baostock
2026-09-30,300797,钢研纳克,XSHE,active,M74专业技术服务业,证监会行业分类,2026-09-28,baostock
2026-09-30,300798,锦鸡股份,XSHE,active,C26化学原料和化学制品制造业,证监会行业分类,2026-09-28,baostock
2026-09-30,300800,力合科技,XSHE,active,C40仪器仪表制造业,证监会行业分类,2026-09-28,baostock
2026-09-30,300801,泰和科技,XSHE,active,C26化学原料和化学制品制造业,证监会行业分类,2026-09-28,baostock
2026-09-30,300802,矩子科技,XSHE,active,C39计算机、通信和其他电子设备制造业,证监会行业分类,2026-09-28,baostock
2026-09-30,300803,指南针,XSHE,active,J69其他金融业,证监会行业分类,2026-09-28,baostock
2026-09-30,300804,广康生化,XSHE,active,C26化学原料和化学制品制造业,证监会行业分类,2026-09-28,baostock
2026-09-30,300805,电声股份,XSHE,active,L72商务服务业,证监会行业分类,2026-09-28,baostock
2026-09-30,300806,斯迪克,XSHE,active,C29橡胶和塑料制品业,证监会行业分类,2026-09-28,baostock
2026-09-30,300807,天迈科技,XSHE,active,C39计算机、通信和其他电子设备制造业,证监会行业分类,2026-09-28,baostock
2026-09-30,300808,久量股份,XSHE,active,C38电气机械和器材制造业,证监会行业分类,2026-09-28,baostock
2026-09-30,300809,华辰装备,XSHE,active,C34通用设备制造业,证监会行业分类,2026-09-28,baostock
2026-09-30,300810,中科海讯,XSHE,active,I65软件和信息技术服务业,证监会行业分类,2026-09-28,baostock
2026-09-30,300811,铂科新材,XSHE,active,C39计算机、通信和其他电子设备制造业,证监会行业分类,2026-09-28,baostock
2026-09-30,300812,易天股份,XSHE,active,C35专用设备制造业,证监会行业分类,2026-09-28,baostock
2026-09-30,300813,泰林生物,XSHE,active,C35专用设备制造业,证监会行业分类,2026-09-28,baostock
2026-09-30,300814,中富电路,XSHE,active,C39计算机、通信和其他电子设备制造业,证监会行业分类,2026-09-28,baostock
2026-09-30,300815,玉禾田,XSHE,active,N78公共设施管理业,证监会行业分类,2026-09-28,baostock
2026-09-30,300816,艾可蓝,XSHE,active,N77生态保护和环境治理业,证监会行业分类,2026-09-28,baostock
2026-09-30,300817,双飞集团,XSHE,active,C34通用设备制造业,证监会行业分类,2026-09-28,baostock
2026-09-30,300818,耐普矿机,XSHE,active,C35专用设备制造业,证监会行业分类,2026-09-28,baostock
2026-09-30,300819,聚杰微纤,XSHE,active,C17纺织业,证监会行业分类,2026-09-28,baostock
2026-09-30,300820,英杰电气,XSHE,active,C38电气机械和器材制造业,证监会行业分类,2026-09-28,baostock
2026-09-30,300821,东岳硅材,XSHE,active,C26化学原料和化学制品制造业,证监会行业分类,2026-09-28,baostock
2026-09-30,300822,贝仕达克,XSHE,active,C39计算机、通信和其他电子设备制造业,证监会行业分类,2026-09-28,baostock
2026-09-30,300823,建科智能,XSHE,active,C35专用设备制造业,证监会行业分类,2026-09-28,baostock
2026-09-30,300824,北鼎股份,XSHE,active,C38电气机械和器材制造业,证监会行业分类,2026-09-28,baostock
2026-09-30,300825,阿尔特,XSHE,active,M74专业技术服务业,证监会行业分类,2026-09-28,baostock
2026-09-30,300826,测绘股份,XSHE,active,M74专业技术服务业,证监会行业分类,2026-09-28,baostock
2026-09-30,300827,上能电气,XSHE,active,C38电气机械和器材制造业,证监会行业分类,2026-09-28,baostock
2026-09-30,300828,锐新科技,XSHE,active,C39计算机、通信和其他电子设备制造业,证监会行业分类,2026-09-28,baostock
2026-09-30,300829,金丹科技,XSHE,active,C14食品制造业,证监会行业分类,2026-09-28,baostock
2026-09-30,300830,金现代,XSHE,active,I65软件和信息技术服务业,证监会行业分类,2026-09-28,baostock
2026-09-30,300831,ST派瑞,XSHE,active,C39计算机、通信和其他电子设备制造业,证监会行业分类,2026-09-28,baostock
2026-09-30,300832,新产业,XSHE,active,C27医药制造业,证监会行业分类,2026-09-28,baostock
2026-09-30,300833,浩洋股份,XSHE,active,C38电气机械和器材制造业,证监会行业分类,2026-09-28,baostock
2026-09-30,300834,星辉环材,XSHE,active,C26化学原料和化学制品制造业,证监会行业分类,2026-09-28,baostock
2026-09-30,300835,龙磁科技,XSHE,active,C39计算机、通信和其他电子设备制造业,证监会行业分类,2026-09-28,baostock
2026-09-30,300836,佰奥智能,XSHE,active,C35专用设备制造业,证监会行业分类,2026-09-28,baostock
2026-09-30,300837,浙矿股份,XSHE,active,C35专用设备制造业,证监会行业分类,2026-09-28,baostock
2026-09-30,300838,浙江力诺,XSHE,active,C34通用设备制造业,证监会行业分类,2026-09-28,baostock
2026-09-30,300839,博汇股份,XSHE,active,C25石油、煤炭及其他燃料加工业,证监会行业分类,2026-09-28,baostock
2026-09-30,300840,酷特智能,XSHE,active,C18纺织服装、服饰业,证监会行业分类,2026-09-28,baostock
2026-09-30,300841,康华生物,XSHE,active,C27医药制造业,证监会行业分类,2026-09-28,baostock
2026-09-30,300842,帝科股份,XSHE,active,C39计算机、通信和其他电子设备制造业,证监会行业分类,2026-09-28,baostock
2026-09-30,300843,胜蓝股份,XSHE,active,C39计算机、通信和其他电子设备制造业,证监会行业分类,2026-09-28,baostock
2026-09-30,300844,山水比德,XSHE,active,M74专业技术服务业,证监会行业分类,2026-09-28,baostock
2026-09-30,300845,捷安高科,XSHE,active,I65软件和信息技术服务业,证监会行业分类,2026-09-28,baostock
2026-09-30,300846,首都在线,XSHE,active,I65软件和信息技术服务业,证监会行业分类,2026-09-28,baostock
2026-09-30,300847,中船汉光,XSHE,active,C39计算机、通信和其他电子设备制造业,证监会行业分类,2026-09-28,baostock
2026-09-30,300848,美瑞新材,XSHE,active,C26化学原料和化学制品制造业,证监会行业分类,2026-09-28,baostock
2026-09-30,300849,锦盛新材,XSHE,active,C29橡胶和塑料制品业,证监会行业分类,2026-09-28,baostock
2026-09-30,300850,新强联,XSHE,active,C34通用设备制造业,证监会行业分类,2026-09-28,baostock
2026-09-30,300851,交大思诺,XSHE,active,I65软件和信息技术服务业,证监会行业分类,2026-09-28,baostock
2026-09-30,300852,四会富仕,XSHE,active,C39计算机、通信和其他电子设备制造业,证监会行业分类,2026-09-28,baostock
2026-09-30,300853,申昊科技,XSHE,active,C34通用设备制造业,证监会行业分类,2026-09-28,baostock
2026-09-30,300854,中兰环保,XSHE,active,N77生态保护和环境治理业,证监会行业分类,2026-09-28,baostock
2026-09-30,300855,图南股份,XSHE,active,C32有色金属冶炼和压延加工业,证监会行业分类,2026-09-28,baostock
2026-09-30,300856,科思股份,XSHE,active,C26化学原料和化学制品制造业,证监会行业分类,2026-09-28,baostock
2026-09-30,300857,协创数据,XSHE,active,C39计算机、通信和其他电子设备制造业,证监会行业分类,2026-09-28,baostock
2026-09-30,300858,科拓生物,XSHE,active,C14食品制造业,证监会行业分类,2026-09-28,baostock
2026-09-30,300859,西域旅游,XSHE,active,N78公共设施管理业,证监会行业分类,2026-09-28,baostock
2026-09-30,300860,锋尚文化,XSHE,active,R88文化艺术业,证监会行业分类,2026-09-28,baostock
2026-09-30,300861,美畅股份,XSHE,active,C30非金属矿物制品业,证监会行业分类,2026-09-28,baostock
2026-09-30,300862,蓝盾光电,XSHE,active,C40仪器仪表制造业,证监会行业分类,2026-09-28,baostock
2026-09-30,300863,卡倍亿,XSHE,active,C36汽车制造业,证监会行业分类,2026-09-28,baostock
2026-09-30,300864,南大环境,XSHE,active,L72商务服务业,证监会行业分类,2026-09-28,baostock
2026-09-30,300865,大宏立,XSHE,active,C35专用设备制造业,证监会行业分类,2026-09-28,baostock
2026-09-30,300866,安克创新,XSHE,active,C39计算机、通信和其他电子设备制造业,证监会行业分类,2026-09-28,baostock
2026-09-30,300867,圣元环保,XSHE,active,N77生态保护和环境治理业,证监会行业分类,2026-09-28,baostock
2026-09-30,300868,杰美特,XSHE,active,C29橡胶和塑料制品业,证监会行业分类,2026-09-28,baostock
2026-09-30,300869,康泰医学,XSHE,active,C35专用设备制造业,证监会行业分类,2026-09-28,baostock
2026-09-30,300870,欧陆通,XSHE,active,C39计算机、通信和其他电子设备制造业,证监会行业分类,2026-09-28,baostock
2026-09-30,300871,回盛生物,XSHE,active,C27医药制造业,证监会行业分类,2026-09-28,baostock
2026-09-30,300872,天阳科技,XSHE,active,I65软件和信息技术服务业,证监会行业分类,2026-09-28,baostock
2026-09-30,300873,海晨股份,XSHE,active,G58多式联运和运输代理业,证监会行业分类,2026-09-28,baostock
2026-09-30,300875,捷强装备,XSHE,active,C35专用设备制造业,证监会行业分类,2026-09-28,baostock
2026-09-30,300876,蒙泰高新,XSHE,active,C28化学纤维制造业,证监会行业分类,2026-09-28,baostock
2026-09-30,300877,金春股份,XSHE,active,C17纺织业,证监会行业分类,2026-09-28,baostock
2026-09-30,300878,维康药业,XSHE,active,C27医药制造业,证监会行业分类,2026-09-28,baostock
2026-09-30,300879,大叶股份,XSHE,active,C35专用设备制造业,证监会行业分类,2026-09-28,baostock
2026-09-30,300880,迦南智能,XSHE,active,C40仪器仪表制造业,证监会行业分类,2026-09-28,baostock
2026-09-30,300881,盛德鑫泰,XSHE,active,C33金属制品业,证监会行业分类,2026-09-28,baostock
2026-09-30,300882,万胜智能,XSHE,active,C40仪器仪表制造业,证监会行业分类,2026-09-28,baostock
2026-09-30,300883,龙利得,XSHE,active,C22造纸和纸制品业,证监会行业分类,2026-09-28,baostock
2026-09-30,300884,狄耐克,XSHE,active,C39计算机、通信和其他电子设备制造业,证监会行业分类,2026-09-28,baostock
2026-09-30,300885,海昌新材,XSHE,active,C33金属制品业,证监会行业分类,2026-09-28,baostock
2026-09-30,300886,华业香料,XSHE,active,C26化学原料和化学制品制造业,证监会行业分类,2026-09-28,baostock
2026-09-30,300887,谱尼测试,XSHE,active,M74专业技术服务业,证监会行业分类,2026-09-28,baostock
2026-09-30,300888,稳健医疗,XSHE,active,C17纺织业,证监会行业分类,2026-09-28,baostock
2026-09-30,300889,爱克股份,XSHE,active,C38电气机械和器材制造业,证监会行业分类,2026-09-28,baostock
2026-09-30,300890,翔丰华,XSHE,active,C30非金属矿物制品业,证监会行业分类,2026-09-28,baostock
2026-09-30,300891,惠云钛业,XSHE,active,C26化学原料和化学制品制造业,证监会行业分类,2026-09-28,baostock
2026-09-30,300892,品渥食品,XSHE,active,F52零售业,证监会行业分类,2026-09-28,baostock
2026-09-30,300893,松原安全,XSHE,active,C36汽车制造业,证监会行业分类,2026-09-28,baostock
2026-09-30,300894,火星人,XSHE,active,C38电气机械和器材制造业,证监会行业分类,2026-09-28,baostock
2026-09-30,300895,铜牛信息,XSHE,active,I65软件和信息技术服务业,证监会行业分类,2026-09-28,baostock
2026-09-30,300896,爱美客,XSHE,active,C35专用设备制造业,证监会行业分类,2026-09-28,baostock
2026-09-30,300897,山科智能,XSHE,active,C40仪器仪表制造业,证监会行业分类,2026-09-28,baostock
2026-09-30,300898,熊猫乳品,XSHE,active,C14食品制造业,证监会行业分类,2026-09-28,baostock
2026-09-30,300899,上海凯鑫,XSHE,active,N77生态保护和环境治理业,证监会行业分类,2026-09-28,baostock
2026-09-30,300900,广联航空,XSHE,active,C37铁路、船舶、航空航天和其他运输设备制造业,证监会行业分类,2026-09-28,baostock
2026-09-30,300901,中胤时尚,XSHE,active,M74专业技术服务业,证监会行业分类,2026-09-28,baostock
2026-09-30,300902,国安达,XSHE,active,C35专用设备制造业,证监会行业分类,2026-09-28,baostock
2026-09-30,300903,科翔股份,XSHE,active,C39计算机、通信和其他电子设备制造业,证监会行业分类,2026-09-28,baostock
2026-09-30,300904,威力传动,XSHE,active,C34通用设备制造业,证监会行业分类,2026-09-28,baostock
2026-09-30,300905,宝丽迪,XSHE,active,C29橡胶和塑料制品业,证监会行业分类,2026-09-28,baostock
2026-09-30,300906,日月明,XSHE,active,C37铁路、船舶、航空航天和其他运输设备制造业,证监会行业分类,2026-09-28,baostock
2026-09-30,300907,康平科技,XSHE,active,C38电气机械和器材制造业,证监会行业分类,2026-09-28,baostock
2026-09-30,300908,仲景食品,XSHE,active,C14食品制造业,证监会行业分类,2026-09-28,baostock
2026-09-30,300909,汇创达,XSHE,active,C39计算机、通信和其他电子设备制造业,证监会行业分类,2026-09-28,baostock
2026-09-30,300910,瑞丰新材,XSHE,active,C26化学原料和化学制品制造业,证监会行业分类,2026-09-28,baostock
2026-09-30,300911,亿田智能,XSHE,active,C38电气机械和器材制造业,证监会行业分类,2026-09-28,baostock
2026-09-30,300912,凯龙高科,XSHE,active,N77生态保护和环境治理业,证监会行业分类,2026-09-28,baostock
2026-09-30,300913,兆龙互连,XSHE,active,C38电气机械和器材制造业,证监会行业分类,2026-09-28,baostock
2026-09-30,300915,海融科技,XSHE,active,C14食品制造业,证监会行业分类,2026-09-28,baostock
2026-09-30,300916,朗特智能,XSHE,active,C39计算机、通信和其他电子设备制造业,证监会行业分类,2026-09-28,baostock
2026-09-30,300917,特发服务,XSHE,active,K70房地产业,证监会行业分类,2026-09-28,baostock
2026-09-30,300918,南山智尚,XSHE,active,C17纺织业,证监会行业分类,2026-09-28,baostock
2026-09-30,300919,中伟新材,XSHE,active,C39计算机、通信和其他电子设备制造业,证监会行业分类,2026-09-28,baostock
2026-09-30,300920,润阳科技,XSHE,active,C29橡胶和塑料制品业,证监会行业分类,2026-09-28,baostock
2026-09-30,300921,南凌科技,XSHE,active,I64互联网和相关服务,证监会行业分类,2026-09-28,baostock
2026-09-30,300922,天秦装备,XSHE,active,C41其他制造业,证监会行业分类,2026-09-28,baostock
2026-09-30,300923,研奥股份,XSHE,active,C37铁路、船舶、航空航天和其他运输设备制造业,证监会行业分类,2026-09-28,baostock
2026-09-30,300925,法本信息,XSHE,active,I65软件和信息技术服务业,证监会行业分类,2026-09-28,baostock
2026-09-30,300926,博俊科技,XSHE,active,C36汽车制造业,证监会行业分类,2026-09-28,baostock
2026-09-30,300927,江天化学,XSHE,active,C26化学原料和化学制品制造业,证监会行业分类,2026-09-28,baostock
2026-09-30,300928,华安鑫创,XSHE,active,M74专业技术服务业,证监会行业分类,2026-09-28,baostock
2026-09-30,300929,华骐环保,XSHE,active,N77生态保护和环境治理业,证监会行业分类,2026-09-28,baostock
2026-09-30,300930,屹通新材,XSHE,active,C42废弃资源综合利用业,证监会行业分类,2026-09-28,baostock
2026-09-30,300931,通用电梯,XSHE,active,C34通用设备制造业,证监会行业分类,2026-09-28,baostock
2026-09-30,300932,三友联众,XSHE,active,C38电气机械和器材制造业,证监会行业分类,2026-09-28,baostock
2026-09-30,300933,中辰股份,XSHE,active,C38电气机械和器材制造业,证监会行业分类,2026-09-28,baostock
2026-09-30,300935,盈建科,XSHE,active,I65软件和信息技术服务业,证监会行业分类,2026-09-28,baostock
2026-09-30,300936,中英科技,XSHE,active,C39计算机、通信和其他电子设备制造业,证监会行业分类,2026-09-28,baostock
2026-09-30,300937,药易购,XSHE,active,F51批发业,证监会行业分类,2026-09-28,baostock
2026-09-30,300938,信测标准,XSHE,active,M74专业技术服务业,证监会行业分类,2026-09-28,baostock
2026-09-30,300939,秋田微,XSHE,active,C39计算机、通信和其他电子设备制造业,证监会行业分类,2026-09-28,baostock
2026-09-30,300940,南极光,XSHE,active,C39计算机、通信和其他电子设备制造业,证监会行业分类,2026-09-28,baostock
2026-09-30,300941,创识科技,XSHE,active,I65软件和信息技术服务业,证监会行业分类,2026-09-28,baostock
2026-09-30,300942,易瑞生物,XSHE,active,C27医药制造业,证监会行业分类,2026-09-28,baostock
2026-09-30,300943,春晖智控,XSHE,active,C34通用设备制造业,证监会行业分类,2026-09-28,baostock
2026-09-30,300945,曼卡龙,XSHE,active,F52零售业,证监会行业分类,2026-09-28,baostock
2026-09-30,300946,恒而达,XSHE,active,C33金属制品业,证监会行业分类,2026-09-28,baostock
2026-09-30,300947,德必集团,XSHE,active,L72商务服务业,证监会行业分类,2026-09-28,baostock
2026-09-30,300948,冠中生态,XSHE,active,N77生态保护和环境治理业,证监会行业分类,2026-09-28,baostock
2026-09-30,300949,奥雅股份,XSHE,active,M74专业技术服务业,证监会行业分类,2026-09-28,baostock
2026-09-30,300950,德固特,XSHE,active,C35专用设备制造业,证监会行业分类,2026-09-28,baostock
2026-09-30,300951,博硕科技,XSHE,active,C39计算机、通信和其他电子设备制造业,证监会行业分类,2026-09-28,baostock
2026-09-30,300952,恒辉安防,XSHE,active,C17纺织业,证监会行业分类,2026-09-28,baostock
2026-09-30,300953,震裕科技,XSHE,active,C33金属制品业,证监会行业分类,2026-09-28,baostock
2026-09-30,300955,嘉亨家化,XSHE,active,C26化学原料和化学制品制造业,证监会行业分类,2026-09-28,baostock
2026-09-30,300956,英力股份,XSHE,active,C39计算机、通信和其他电子设备制造业,证监会行业分类,2026-09-28,baostock
2026-09-30,300957,贝泰妮,XSHE,active,C26化学原料和化学制品制造业,证监会行业分类,2026-09-28,baostock
2026-09-30,300958,建工修复,XSHE,active,N77生态保护和环境治理业,证监会行业分类,2026-09-28,baostock
2026-09-30,300959,线上线下,XSHE,active,I65软件和信息技术服务业,证监会行业分类,2026-09-28,baostock
2026-09-30,300960,通业科技,XSHE,active,C37铁路、船舶、航空航天和其他运输设备制造业,证监会行业分类,2026-09-28,baostock
2026-09-30,300961,深水海纳,XSHE,active,N77生态保护和环境治理业,证监会行业分类,2026-09-28,baostock
2026-09-30,300962,中金辐照,XSHE,active,C41其他制造业,证监会行业分类,2026-09-28,baostock
2026-09-30,300963,中洲特材,XSHE,active,C32有色金属冶炼和压延加工业,证监会行业分类,2026-09-28,baostock
2026-09-30,300964,本川智能,XSHE,active,C39计算机、通信和其他电子设备制造业,证监会行业分类,2026-09-28,baostock
2026-09-30,300965,恒宇信通,XSHE,active,C39计算机、通信和其他电子设备制造业,证监会行业分类,2026-09-28,baostock
2026-09-30,300966,共同药业,XSHE,active,C27医药制造业,证监会行业分类,2026-09-28,baostock
2026-09-30,300967,晓鸣股份,XSHE,active,A03畜牧业,证监会行业分类,2026-09-28,baostock
2026-09-30,300968,格林精密,XSHE,active,C39计算机、通信和其他电子设备制造业,证监会行业分类,2026-09-28,baostock
2026-09-30,300969,恒帅股份,XSHE,active,C36汽车制造业,证监会行业分类,2026-09-28,baostock
2026-09-30,300970,华绿生物,XSHE,active,A01农业,证监会行业分类,2026-09-28,baostock
2026-09-30,300971,博亚精工,XSHE,active,C34通用设备制造业,证监会行业分类,2026-09-28,baostock
2026-09-30,300972,万辰集团,XSHE,active,F52零售业,证监会行业分类,2026-09-28,baostock
2026-09-30,300973,立高食品,XSHE,active,C14食品制造业,证监会行业分类,2026-09-28,baostock
2026-09-30,300975,商络电子,XSHE,active,F51批发业,证监会行业分类,2026-09-28,baostock
2026-09-30,300976,达瑞电子,XSHE,active,C39计算机、通信和其他电子设备制造业,证监会行业分类,2026-09-28,baostock
2026-09-30,300977,深圳瑞捷,XSHE,active,M74专业技术服务业,证监会行业分类,2026-09-28,baostock
2026-09-30,300978,东箭科技,XSHE,active,C36汽车制造业,证监会行业分类,2026-09-28,baostock
2026-09-30,300979,华利集团,XSHE,active,C19皮革、毛皮、羽毛及其制品和制鞋业,证监会行业分类,2026-09-28,baostock
2026-09-30,300980,祥源新材,XSHE,active,C29橡胶和塑料制品业,证监会行业分类,2026-09-28,baostock
2026-09-30,300981,中红医疗,XSHE,active,C29橡胶和塑料制品业,证监会行业分类,2026-09-28,baostock
2026-09-30,300982,苏文电能,XSHE,active,E48土木工程建筑业,证监会行业分类,2026-09-28,baostock
2026-09-30,300983,尤安设计,XSHE,active,M74专业技术服务业,证监会行业分类,2026-09-28,baostock
2026-09-30,300984,金沃股份,XSHE,active,C34通用设备制造业,证监会行业分类,2026-09-28,baostock
2026-09-30,300985,致远新能,XSHE,active,C33金属制品业,证监会行业分类,2026-09-28,baostock
2026-09-30,300986,志特新材,XSHE,active,C33金属制品业,证监会行业分类,2026-09-28,baostock
2026-09-30,300987,川网传媒,XSHE,active,I64互联网和相关服务,证监会行业分类,2026-09-28,baostock
2026-09-30,300988,津荣天宇,XSHE,active,C33金属制品业,证监会行业分类,2026-09-28,baostock
2026-09-30,300989,蕾奥规划,XSHE,active,M74专业技术服务业,证监会行业分类,2026-09-28,baostock
2026-09-30,300990,同飞股份,XSHE,active,C34通用设备制造业,证监会行业分类,2026-09-28,baostock
2026-09-30,300991,创益通,XSHE,active,C39计算机、通信和其他电子设备制造业,证监会行业分类,2026-09-28,baostock
2026-09-30,300992,泰福泵业,XSHE,active,C34通用设备制造业,证监会行业分类,2026-09-28,baostock
2026-09-30,300993,玉马科技,XSHE,active,C17纺织业,证监会行业分类,2026-09-28,baostock
2026-09-30,300994,久祺股份,XSHE,active,C37铁路、船舶、航空航天和其他运输设备制造业,证监会行业分类,2026-09-28,baostock
2026-09-30,300995,奇德新材,XSHE,active,C29橡胶和塑料制品业,证监会行业分类,2026-09-28,baostock
2026-09-30,300996,普联软件,XSHE,active,I65软件和信息技术服务业,证监会行业分类,2026-09-28,baostock
2026-09-30,300997,欢乐家,XSHE,active,C15酒、饮料和精制茶制造业,证监会行业分类,2026-09-28,baostock
2026-09-30,300998,宁波方正,XSHE,active,C35专用设备制造业,证监会行业分类,2026-09-28,baostock
2026-09-30,300999,金龙鱼,XSHE,active,C13农副食品加工业,证监会行业分类,2026-09-28,baostock
2026-09-30,301000,肇民科技,XSHE,active,C29橡胶和塑料制品业,证监会行业分类,2026-09-28,baostock
2026-09-30,301001,凯淳股份,XSHE,active,F52零售业,证监会行业分类,2026-09-28,baostock
2026-09-30,301002,崧盛股份,XSHE,active,C39计算机、通信和其他电子设备制造业,证监会行业分类,2026-09-28,baostock
2026-09-30,301003,江苏博云,XSHE,active,C29橡胶和塑料制品业,证监会行业分类,2026-09-28,baostock
2026-09-30,301004,嘉益股份,XSHE,active,C33金属制品业,证监会行业分类,2026-09-28,baostock
2026-09-30,301005,超捷股份,XSHE,active,C36汽车制造业,证监会行业分类,2026-09-28,baostock
2026-09-30,301006,迈拓股份,XSHE,active,C40仪器仪表制造业,证监会行业分类,2026-09-28,baostock
2026-09-30,301007,德迈仕,XSHE,active,C36汽车制造业,证监会行业分类,2026-09-28,baostock
2026-09-30,301008,宏昌科技,XSHE,active,C38电气机械和器材制造业,证监会行业分类,2026-09-28,baostock
2026-09-30,301009,可靠股份,XSHE,active,C22造纸和纸制品业,证监会行业分类,2026-09-28,baostock
2026-09-30,301010,晶雪节能,XSHE,active,C30非金属矿物制品业,证监会行业分类,2026-09-28,baostock
2026-09-30,301011,华立科技,XSHE,active,C24文教、工美、体育和娱乐用品制造业,证监会行业分类,2026-09-28,baostock
2026-09-30,301012,扬电科技,XSHE,active,C38电气机械和器材制造业,证监会行业分类,2026-09-28,baostock
2026-09-30,301013,利和兴,XSHE,active,C35专用设备制造业,证监会行业分类,2026-09-28,baostock
2026-09-30,301015,百洋医药,XSHE,active,F51批发业,证监会行业分类,2026-09-28,baostock
2026-09-30,301016,雷尔伟,XSHE,active,C37铁路、船舶、航空航天和其他运输设备制造业,证监会行业分类,2026-09-28,baostock
2026-09-30,301017,漱玉平民,XSHE,active,F52零售业,证监会行业分类,2026-09-28,baostock
2026-09-30,301018,申菱环境,XSHE,active,C35专用设备制造业,证监会行业分类,2026-09-28,baostock
2026-09-30,301019,宁波色母,XSHE,active,C29橡胶和塑料制品业,证监会行业分类,2026-09-28,baostock
2026-09-30,301020,密封科技,XSHE,active,C34通用设备制造业,证监会行业分类,2026-09-28,baostock
2026-09-30,301021,英诺激光,XSHE,active,C39计算机、通信和其他电子设备制造业,证监会行业分类,2026-09-28,baostock
2026-09-30,301022,海泰科,XSHE,active,C35专用设备制造业,证监会行业分类,2026-09-28,baostock
2026-09-30,301023,奕帆传动,XSHE,active,C34通用设备制造业,证监会行业分类,2026-09-28,baostock
2026-09-30,301024,霍普股份,XSHE,active,M74专业技术服务业,证监会行业分类,2026-09-28,baostock
2026-09-30,301025,读客文化,XSHE,active,R86新闻和出版业,证监会行业分类,2026-09-28,baostock
2026-09-30,301026,浩通科技,XSHE,active,C42废弃资源综合利用业,证监会行业分类,2026-09-28,baostock
2026-09-30,301027,华蓝集团,XSHE,active,M74专业技术服务业,证监会行业分类,2026-09-28,baostock
2026-09-30,301028,鼎熔岩,XSHE,active,C34通用设备制造业,证监会行业分类,2026-09-28,baostock
2026-09-30,301029,怡合达,XSHE,active,C34通用设备制造业,证监会行业分类,2026-09-28,baostock
2026-09-30,301030,*ST仕净,XSHE,active,C35专用设备制造业,证监会行业分类,2026-09-28,baostock
2026-09-30,301031,中熔电气,XSHE,active,C38电气机械和器材制造业,证监会行业分类,2026-09-28,baostock
2026-09-30,301032,新柴股份,XSHE,active,C34通用设备制造业,证监会行业分类,2026-09-28,baostock
2026-09-30,301033,迈普医学,XSHE,active,C35专用设备制造业,证监会行业分类,2026-09-28,baostock
2026-09-30,301035,润丰股份,XSHE,active,C26化学原料和化学制品制造业,证监会行业分类,2026-09-28,baostock
2026-09-30,301036,双乐股份,XSHE,active,C26化学原料和化学制品制造业,证监会行业分类,2026-09-28,baostock
2026-09-30,301037,保立佳,XSHE,active,C26化学原料和化学制品制造业,证监会行业分类,2026-09-28,baostock
2026-09-30,301038,深水规院,XSHE,active,M74专业技术服务业,证监会行业分类,2026-09-28,baostock
2026-09-30,301039,中集车辆,XSHE,active,C36汽车制造业,证监会行业分类,2026-09-28,baostock
2026-09-30,301040,中环海陆,XSHE,active,C33金属制品业,证监会行业分类,2026-09-28,baostock
2026-09-30,301041,金百泽,XSHE,active,C39计算机、通信和其他电子设备制造业,证监会行业分类,2026-09-28,baostock
2026-09-30,301042,安联锐视,XSHE,active,C39计算机、通信和其他电子设备制造业,证监会行业分类,2026-09-28,baostock
2026-09-30,301043,绿岛风,XSHE,active,C34通用设备制造业,证监会行业分类,2026-09-28,baostock
2026-09-30,301045,天禄科技,XSHE,active,C39计算机、通信和其他电子设备制造业,证监会行业分类,2026-09-28,baostock
2026-09-30,301046,能辉科技,XSHE,active,E48土木工程建筑业,证监会行业分类,2026-09-28,baostock
2026-09-30,301047,义翘神州,XSHE,active,M73研究和试验发展,证监会行业分类,2026-09-28,baostock
2026-09-30,301048,金鹰重工,XSHE,active,C37铁路、船舶、航空航天和其他运输设备制造业,证监会行业分类,2026-09-28,baostock
2026-09-30,301049,超越科技,XSHE,active,N77生态保护和环境治理业,证监会行业分类,2026-09-28,baostock
2026-09-30,301050,雷电微力,XSHE,active,C39计算机、通信和其他电子设备制造业,证监会行业分类,2026-09-28,baostock
2026-09-30,301051,信濠光电,XSHE,active,C39计算机、通信和其他电子设备制造业,证监会行业分类,2026-09-28,baostock
2026-09-30,301052,果麦文化,XSHE,active,R86新闻和出版业,证监会行业分类,2026-09-28,baostock
2026-09-30,301053,远信工业,XSHE,active,C35专用设备制造业,证监会行业分类,2026-09-28,baostock
2026-09-30,301055,张小泉,XSHE,active,C33金属制品业,证监会行业分类,2026-09-28,baostock
2026-09-30,301056,森赫股份,XSHE,active,C34通用设备制造业,证监会行业分类,2026-09-28,baostock
2026-09-30,301057,汇隆新材,XSHE,active,C28化学纤维制造业,证监会行业分类,2026-09-28,baostock
2026-09-30,301058,中粮科工,XSHE,active,M74专业技术服务业,证监会行业分类,2026-09-28,baostock
2026-09-30,301059,金三江,XSHE,active,C26化学原料和化学制品制造业,证监会行业分类,2026-09-28,baostock
2026-09-30,301060,兰卫医学,XSHE,active,F51批发业,证监会行业分类,2026-09-28,baostock
2026-09-30,301061,匠心家居,XSHE,active,C21家具制造业,证监会行业分类,2026-09-28,baostock
2026-09-30,301062,上海艾录,XSHE,active,C22造纸和纸制品业,证监会行业分类,2026-09-28,baostock
2026-09-30,301063,海锅股份,XSHE,active,C33金属制品业,证监会行业分类,2026-09-28,baostock
2026-09-30,301065,本立科技,XSHE,active,C26化学原料和化学制品制造业,证监会行业分类,2026-09-28,baostock
2026-09-30,301066,万事利,XSHE,active,C18纺织服装、服饰业,证监会行业分类,2026-09-28,baostock
2026-09-30,301067,显盈科技,XSHE,active,C39计算机、通信和其他电子设备制造业,证监会行业分类,2026-09-28,baostock
2026-09-30,301068,大地海洋,XSHE,active,C42废弃资源综合利用业,证监会行业分类,2026-09-28,baostock
2026-09-30,301069,凯盛新材,XSHE,active,C26化学原料和化学制品制造业,证监会行业分类,2026-09-28,baostock
2026-09-30,301070,开勒股份,XSHE,active,C34通用设备制造业,证监会行业分类,2026-09-28,baostock
2026-09-30,301071,力量钻石,XSHE,active,C30非金属矿物制品业,证监会行业分类,2026-09-28,baostock
2026-09-30,301072,中捷精工,XSHE,active,C36汽车制造业,证监会行业分类,2026-09-28,baostock
2026-09-30,301073,君亭酒店,XSHE,active,H61住宿业,证监会行业分类,2026-09-28,baostock
2026-09-30,301075,多瑞医药,XSHE,active,C27医药制造业,证监会行业分类,2026-09-28,baostock
2026-09-30,301076,新瀚新材,XSHE,active,C26化学原料和化学制品制造业,证监会行业分类,2026-09-28,baostock
2026-09-30,301077,星华新材,XSHE,active,C26化学原料和化学制品制造业,证监会行业分类,2026-09-28,baostock
2026-09-30,301078,孩子王,XSHE,active,F52零售业,证监会行业分类,2026-09-28,baostock
2026-09-30,301079,邵阳液压,XSHE,active,C34通用设备制造业,证监会行业分类,2026-09-28,baostock
2026-09-30,301080,百普赛斯,XSHE,active,M73研究和试验发展,证监会行业分类,2026-09-28,baostock
2026-09-30,301081,严牌股份,XSHE,active,C35专用设备制造业,证监会行业分类,2026-09-28,baostock
2026-09-30,301082,久盛电气,XSHE,active,C38电气机械和器材制造业,证监会行业分类,2026-09-28,baostock
2026-09-30,301083,百胜智能,XSHE,active,C35专用设备制造业,证监会行业分类,2026-09-28,baostock
2026-09-30,301085,亚康股份,XSHE,active,I65软件和信息技术服务业,证监会行业分类,2026-09-28,baostock
2026-09-30,301086,鸿富瀚,XSHE,active,C39计算机、通信和其他电子设备制造业,证监会行业分类,2026-09-28,baostock
2026-09-30,301087,可孚医疗,XSHE,active,C35专用设备制造业,证监会行业分类,2026-09-28,baostock
2026-09-30,301088,戎美股份,XSHE,active,F52零售业,证监会行业分类,2026-09-28,baostock
2026-09-30,301089,拓新药业,XSHE,active,C27医药制造业,证监会行业分类,2026-09-28,baostock
2026-09-30,301090,华润材料,XSHE,active,C26化学原料和化学制品制造业,证监会行业分类,2026-09-28,baostock
2026-09-30,301091,深城交,XSHE,active,M74专业技术服务业,证监会行业分类,2026-09-28,baostock
2026-09-30,301092,争光股份,XSHE,active,C26化学原料和化学制品制造业,证监会行业分类,2026-09-28,baostock
2026-09-30,301093,华兰股份,XSHE,active,C27医药制造业,证监会行业分类,2026-09-28,baostock
2026-09-30,301095,广立微,XSHE,active,I65软件和信息技术服务业,证监会行业分类,2026-09-28,baostock
2026-09-30,301096,百诚医药,XSHE,active,M73研究和试验发展,证监会行业分类,2026-09-28,baostock
2026-09-30,301097,天益医疗,XSHE,active,C35专用设备制造业,证监会行业分类,2026-09-28,baostock
2026-09-30,301098,金埔园林,XSHE,active,E48土木工程建筑业,证监会行业分类,2026-09-28,baostock
2026-09-30,301099,雅创电子,XSHE,active,F51批发业,证监会行业分类,2026-09-28,baostock
2026-09-30,301100,风光股份,XSHE,active,C26化学原料和化学制品制造业,证监会行业分类,2026-09-28,baostock
2026-09-30,301101,明月镜片,XSHE,active,C35专用设备制造业,证监会行业分类,2026-09-28,baostock
2026-09-30,301102,兆讯传媒,XSHE,active,L72商务服务业,证监会行业分类,2026-09-28,baostock
2026-09-30,301103,何氏眼科,XSHE,active,Q84卫生,证监会行业分类,2026-09-28,baostock
2026-09-30,301105,鸿铭股份,XSHE,active,C34通用设备制造业,证监会行业分类,2026-09-28,baostock
2026-09-30,301106,骏成科技,XSHE,active,C39计算机、通信和其他电子设备制造业,证监会行业分类,2026-09-28,baostock
2026-09-30,301107,瑜欣电子,XSHE,active,C34通用设备制造业,证监会行业分类,2026-09-28,baostock
2026-09-30,301108,洁雅股份,XSHE,active,C26化学原料和化学制品制造业,证监会行业分类,2026-09-28,baostock
2026-09-30,301109,军信股份,XSHE,active,N77生态保护和环境治理业,证监会行业分类,2026-09-28,baostock
2026-09-30,301110,青木科技,XSHE,active,I64互联网和相关服务,证监会行业分类,2026-09-28,baostock
2026-09-30,301111,粤万年青,XSHE,active,C27医药制造业,证监会行业分类,2026-09-28,baostock
2026-09-30,301112,信邦智能,XSHE,active,C35专用设备制造业,证监会行业分类,2026-09-28,baostock
2026-09-30,301113,雅艺科技,XSHE,active,C21家具制造业,证监会行业分类,2026-09-28,baostock
2026-09-30,301115,联检科技,XSHE,active,M74专业技术服务业,证监会行业分类,2026-09-28,baostock
2026-09-30,301116,益客食品,XSHE,active,C13农副食品加工业,证监会行业分类,2026-09-28,baostock
2026-09-30,301117,ST佳缘,XSHE,active,I65软件和信息技术服务业,证监会行业分类,2026-09-28,baostock
2026-09-30,301118,恒光股份,XSHE,active,C26化学原料和化学制品制造业,证监会行业分类,2026-09-28,baostock
2026-09-30,301119,正强股份,XSHE,active,C36汽车制造业,证监会行业分类,2026-09-28,baostock
2026-09-30,301120,新特电气,XSHE,active,C38电气机械和器材制造业,证监会行业分类,2026-09-28,baostock
2026-09-30,301121,紫建电子,XSHE,active,C38电气机械和器材制造业,证监会行业分类,2026-09-28,baostock
2026-09-30,301122,采纳股份,XSHE,active,C35专用设备制造业,证监会行业分类,2026-09-28,baostock
2026-09-30,301123,奕东电子,XSHE,active,C39计算机、通信和其他电子设备制造业,证监会行业分类,2026-09-28,baostock
2026-09-30,301125,腾亚精工,XSHE,active,C34通用设备制造业,证监会行业分类,2026-09-28,baostock
2026-09-30,301126,达嘉维康,XSHE,active,F52零售业,证监会行业分类,2026-09-28,baostock
2026-09-30,301127,武汉天源,XSHE,active,D46水的生产和供应业,证监会行业分类,2026-09-28,baostock
2026-09-30,301128,强瑞技术,XSHE,active,C35专用设备制造业,证监会行业分类,2026-09-28,baostock
2026-09-30,301129,瑞纳智能,XSHE,active,C40仪器仪表制造业,证监会行业分类,2026-09-28,baostock
2026-09-30,301130,西点药业,XSHE,active,C27医药制造业,证监会行业分类,2026-09-28,baostock
2026-09-30,301131,聚赛龙,XSHE,active,C29橡胶和塑料制品业,证监会行业分类,2026-09-28,baostock
2026-09-30,301132,满坤科技,XSHE,active,C39计算机、通信和其他电子设备制造业,证监会行业分类,2026-09-28,baostock
2026-09-30,301133,金钟股份,XSHE,active,C36汽车制造业,证监会行业分类,2026-09-28,baostock
2026-09-30,301135,瑞德智能,XSHE,active,C39计算机、通信和其他电子设备制造业,证监会行业分类,2026-09-28,baostock
2026-09-30,301136,招标股份,XSHE,active,M74专业技术服务业,证监会行业分类,2026-09-28,baostock
2026-09-30,301137,哈焊华通,XSHE,active,C33金属制品业,证监会行业分类,2026-09-28,baostock
2026-09-30,301138,华研精机,XSHE,active,C35专用设备制造业,证监会行业分类,2026-09-28,baostock
2026-09-30,301139,元道退,XSHE,active,I65软件和信息技术服务业,证监会行业分类,2026-09-28,baostock
2026-09-30,301141,中科磁业,XSHE,active,C39计算机、通信和其他电子设备制造业,证监会行业分类,2026-09-28,baostock
2026-09-30,301148,嘉戎技术,XSHE,active,N77生态保护和环境治理业,证监会行业分类,2026-09-28,baostock
2026-09-30,301149,隆华新材,XSHE,active,C26化学原料和化学制品制造业,证监会行业分类,2026-09-28,baostock
2026-09-30,301150,中一科技,XSHE,active,C39计算机、通信和其他电子设备制造业,证监会行业分类,2026-09-28,baostock
2026-09-30,301151,冠龙节能,XSHE,active,C34通用设备制造业,证监会行业分类,2026-09-28,baostock
2026-09-30,301152,天力锂能,XSHE,active,C39计算机、通信和其他电子设备制造业,证监会行业分类,2026-09-28,baostock
2026-09-30,301153,中科江南,XSHE,active,I65软件和信息技术服务业,证监会行业分类,2026-09-28,baostock
2026-09-30,301155,海力风电,XSHE,active,C38电气机械和器材制造业,证监会行业分类,2026-09-28,baostock
2026-09-30,301156,美农生物,XSHE,active,C14食品制造业,证监会行业分类,2026-09-28,baostock
2026-09-30,301157,华塑科技,XSHE,active,C39计算机、通信和其他电子设备制造业,证监会行业分类,2026-09-28,baostock
2026-09-30,301158,德石股份,XSHE,active,C35专用设备制造业,证监会行业分类,2026-09-28,baostock
2026-09-30,301159,三维天地,XSHE,active,I65软件和信息技术服务业,证监会行业分类,2026-09-28,baostock
2026-09-30,301160,翔楼新材,XSHE,active,C33金属制品业,证监会行业分类,2026-09-28,baostock
2026-09-30,301161,唯万密封,XSHE,active,C29橡胶和塑料制品业,证监会行业分类,2026-09-28,baostock
2026-09-30,301162,国能日新,XSHE,active,I65软件和信息技术服务业,证监会行业分类,2026-09-28,baostock
2026-09-30,301163,宏德股份,XSHE,active,C33金属制品业,证监会行业分类,2026-09-28,baostock
2026-09-30,301165,锐捷网络,XSHE,active,C39计算机、通信和其他电子设备制造业,证监会行业分类,2026-09-28,baostock
2026-09-30,301166,优宁维,XSHE,active,F51批发业,证监会行业分类,2026-09-28,baostock
2026-09-30,301167,建研设计,XSHE,active,M74专业技术服务业,证监会行业分类,2026-09-28,baostock
2026-09-30,301168,通灵股份,XSHE,active,C38电气机械和器材制造业,证监会行业分类,2026-09-28,baostock
2026-09-30,301169,零点有数,XSHE,active,L72商务服务业,证监会行业分类,2026-09-28,baostock
2026-09-30,301170,锡南科技,XSHE,active,C36汽车制造业,证监会行业分类,2026-09-28,baostock
2026-09-30,301171,易点天下,XSHE,active,I64互联网和相关服务,证监会行业分类,2026-09-28,baostock
2026-09-30,301172,君逸数码,XSHE,active,I65软件和信息技术服务业,证监会行业分类,2026-09-28,baostock
2026-09-30,301173,毓恬冠佳,XSHE,active,C36汽车制造业,证监会行业分类,2026-09-28,baostock
2026-09-30,301175,中科环保,XSHE,active,N78公共设施管理业,证监会行业分类,2026-09-28,baostock
2026-09-30,301176,逸豪新材,XSHE,active,C39计算机、通信和其他电子设备制造业,证监会行业分类,2026-09-28,baostock
2026-09-30,301177,迪阿股份,XSHE,active,F52零售业,证监会行业分类,2026-09-28,baostock
2026-09-30,301178,天亿马,XSHE,active,I65软件和信息技术服务业,证监会行业分类,2026-09-28,baostock
2026-09-30,301179,泽宇智能,XSHE,active,I65软件和信息技术服务业,证监会行业分类,2026-09-28,baostock
2026-09-30,301180,万祥科技,XSHE,active,C39计算机、通信和其他电子设备制造业,证监会行业分类,2026-09-28,baostock
2026-09-30,301181,标榜股份,XSHE,active,C36汽车制造业,证监会行业分类,2026-09-28,baostock
2026-09-30,301182,凯旺科技,XSHE,active,C39计算机、通信和其他电子设备制造业,证监会行业分类,2026-09-28,baostock
2026-09-30,301183,东田微,XSHE,active,C39计算机、通信和其他电子设备制造业,证监会行业分类,2026-09-28,baostock
2026-09-30,301185,鸥玛软件,XSHE,active,I65软件和信息技术服务业,证监会行业分类,2026-09-28,baostock
2026-09-30,301186,超达装备,XSHE,active,C35专用设备制造业,证监会行业分类,2026-09-28,baostock
2026-09-30,301187,欧圣电气,XSHE,active,C38电气机械和器材制造业,证监会行业分类,2026-09-28,baostock
2026-09-30,301188,力诺药包,XSHE,active,C30非金属矿物制品业,证监会行业分类,2026-09-28,baostock
2026-09-30,301189,奥尼电子,XSHE,active,C39计算机、通信和其他电子设备制造业,证监会行业分类,2026-09-28,baostock
2026-09-30,301190,善水科技,XSHE,active,C26化学原料和化学制品制造业,证监会行业分类,2026-09-28,baostock
2026-09-30,301191,菲菱科思,XSHE,active,C39计算机、通信和其他电子设备制造业,证监会行业分类,2026-09-28,baostock
2026-09-30,301192,泰祥股份,XSHE,active,C36汽车制造业,证监会行业分类,2026-09-28,baostock
2026-09-30,301193,家联科技,XSHE,active,C29橡胶和塑料制品业,证监会行业分类,2026-09-28,baostock
2026-09-30,301195,北路智控,XSHE,active,I65软件和信息技术服务业,证监会行业分类,2026-09-28,baostock
2026-09-30,301196,唯科科技,XSHE,active,C29橡胶和塑料制品业,证监会行业分类,2026-09-28,baostock
2026-09-30,301197,工大科雅,XSHE,active,I65软件和信息技术服务业,证监会行业分类,2026-09-28,baostock
2026-09-30,301198,喜悦智行,XSHE,active,C29橡胶和塑料制品业,证监会行业分类,2026-09-28,baostock
2026-09-30,301199,迈赫股份,XSHE,active,C35专用设备制造业,证监会行业分类,2026-09-28,baostock
2026-09-30,301200,大族数控,XSHE,active,C35专用设备制造业,证监会行业分类,2026-09-28,baostock
2026-09-30,301201,诚达药业,XSHE,active,C27医药制造业,证监会行业分类,2026-09-28,baostock
2026-09-30,301202,朗威股份,XSHE,active,C33金属制品业,证监会行业分类,2026-09-28,baostock
2026-09-30,301203,国泰环保,XSHE,active,N77生态保护和环境治理业,证监会行业分类,2026-09-28,baostock
2026-09-30,301205,联特科技,XSHE,active,C39计算机、通信和其他电子设备制造业,证监会行业分类,2026-09-28,baostock
2026-09-30,301206,三元生物,XSHE,active,C14食品制造业,证监会行业分类,2026-09-28,baostock
2026-09-30,301207,华兰疫苗,XSHE,active,C27医药制造业,证监会行业分类,2026-09-28,baostock
2026-09-30,301208,中亦科技,XSHE,active,I65软件和信息技术服务业,证监会行业分类,2026-09-28,baostock
2026-09-30,301209,联合化学,XSHE,active,C26化学原料和化学制品制造业,证监会行业分类,2026-09-28,baostock
2026-09-30,301210,金杨精密,XSHE,active,C38电气机械和器材制造业,证监会行业分类,2026-09-28,baostock
2026-09-30,301211,亨迪药业,XSHE,active,C27医药制造业,证监会行业分类,2026-09-28,baostock
2026-09-30,301212,联盛化学,XSHE,active,C26化学原料和化学制品制造业,证监会行业分类,2026-09-28,baostock
2026-09-30,301213,观想科技,XSHE,active,I65软件和信息技术服务业,证监会行业分类,2026-09-28,baostock
2026-09-30,301215,中汽股份,XSHE,active,M74专业技术服务业,证监会行业分类,2026-09-28,baostock
2026-09-30,301216,万凯新材,XSHE,active,C26化学原料和化学制品制造业,证监会行业分类,2026-09-28,baostock
2026-09-30,301217,铜冠铜箔,XSHE,active,C39计算机、通信和其他电子设备制造业,证监会行业分类,2026-09-28,baostock
2026-09-30,301218,华是科技,XSHE,active,I65软件和信息技术服务业,证监会行业分类,2026-09-28,baostock
2026-09-30,301219,腾远钴业,XSHE,active,C32有色金属冶炼和压延加工业,证监会行业分类,2026-09-28,baostock
2026-09-30,301220,亚香股份,XSHE,active,C26化学原料和化学制品制造业,证监会行业分类,2026-09-28,baostock
2026-09-30,301221,光庭信息,XSHE,active,I65软件和信息技术服务业,证监会行业分类,2026-09-28,baostock
2026-09-30,301222,浙江恒威,XSHE,active,C38电气机械和器材制造业,证监会行业分类,2026-09-28,baostock
2026-09-30,301223,中荣股份,XSHE,active,C23印刷和记录媒介复制业,证监会行业分类,2026-09-28,baostock
2026-09-30,301225,恒勃股份,XSHE,active,C36汽车制造业,证监会行业分类,2026-09-28,baostock
2026-09-30,301226,祥明智能,XSHE,active,C38电气机械和器材制造业,证监会行业分类,2026-09-28,baostock
2026-09-30,301227,森鹰窗业,XSHE,active,C20木材加工和木、竹、藤、棕、草制品业,证监会行业分类,2026-09-28,baostock
2026-09-30,301228,实朴检测,XSHE,active,M74专业技术服务业,证监会行业分类,2026-09-28,baostock
2026-09-30,301229,纽泰格,XSHE,active,C36汽车制造业,证监会行业分类,2026-09-28,baostock
2026-09-30,301230,泓博医药,XSHE,active,M73研究和试验发展,证监会行业分类,2026-09-28,baostock
2026-09-30,301231,荣信文化,XSHE,active,R86新闻和出版业,证监会行业分类,2026-09-28,baostock
2026-09-30,301232,飞沃科技,XSHE,active,C34通用设备制造业,证监会行业分类,2026-09-28,baostock
2026-09-30,301233,盛帮股份,XSHE,active,C29橡胶和塑料制品业,证监会行业分类,2026-09-28,baostock
2026-09-30,301234,五洲医疗,XSHE,active,C35专用设备制造业,证监会行业分类,2026-09-28,baostock
2026-09-30,301235,华康洁净,XSHE,active,E49建筑安装业,证监会行业分类,2026-09-28,baostock
2026-09-30,301236,软通动力,XSHE,active,I65软件和信息技术服务业,证监会行业分类,2026-09-28,baostock
2026-09-30,301237,和顺科技,XSHE,active,C29橡胶和塑料制品业,证监会行业分类,2026-09-28,baostock
2026-09-30,301238,瑞泰新材,XSHE,active,C26化学原料和化学制品制造业,证监会行业分类,2026-09-28,baostock
2026-09-30,301239,普瑞眼科,XSHE,active,Q84卫生,证监会行业分类,2026-09-28,baostock
2026-09-30,301246,宏源药业,XSHE,active,C27医药制造业,证监会行业分类,2026-09-28,baostock
2026-09-30,301248,杰创智能,XSHE,active,I65软件和信息技术服务业,证监会行业分类,2026-09-28,baostock
2026-09-30,301251,威尔高,XSHE,active,C39计算机、通信和其他电子设备制造业,证监会行业分类,2026-09-28,baostock
2026-09-30,301252,同星科技,XSHE,active,C34通用设备制造业,证监会行业分类,2026-09-28,baostock
2026-09-30,301255,通力科技,XSHE,active,C34通用设备制造业,证监会行业分类,2026-09-28,baostock
2026-09-30,301256,华融化学,XSHE,active,C26化学原料和化学制品制造业,证监会行业分类,2026-09-28,baostock
2026-09-30,301257,普蕊斯,XSHE,active,M73研究和试验发展,证监会行业分类,2026-09-28,baostock
2026-09-30,301258,富士莱,XSHE,active,C27医药制造业,证监会行业分类,2026-09-28,baostock
2026-09-30,301259,艾布鲁,XSHE,active,N77生态保护和环境治理业,证监会行业分类,2026-09-28,baostock
2026-09-30,301260,格力博,XSHE,active,C35专用设备制造业,证监会行业分类,2026-09-28,baostock
2026-09-30,301261,恒工精密,XSHE,active,C34通用设备制造业,证监会行业分类,2026-09-28,baostock
2026-09-30,301262,海看股份,XSHE,active,I63电信、广播电视和卫星传输服务,证监会行业分类,2026-09-28,baostock
2026-09-30,301263,泰恩康,XSHE,active,F51批发业,证监会行业分类,2026-09-28,baostock
2026-09-30,301265,华新科技,XSHE,active,C42废弃资源综合利用业,证监会行业分类,2026-09-28,baostock
2026-09-30,301266,宇邦新材,XSHE,active,C38电气机械和器材制造业,证监会行业分类,2026-09-28,baostock
2026-09-30,301267,华厦眼科,XSHE,active,Q84卫生,证监会行业分类,2026-09-28,baostock
2026-09-30,301268,铭利达,XSHE,active,C33金属制品业,证监会行业分类,2026-09-28,baostock
2026-09-30,301269,华大九天,XSHE,active,I65软件和信息技术服务业,证监会行业分类,2026-09-28,baostock
2026-09-30,301270,汉仪股份,XSHE,active,I65软件和信息技术服务业,证监会行业分类,2026-09-28,baostock
2026-09-30,301272,英华特,XSHE,active,C34通用设备制造业,证监会行业分类,2026-09-28,baostock
2026-09-30,301273,瑞晨环保,XSHE,active,C34通用设备制造业,证监会行业分类,2026-09-28,baostock
2026-09-30,301275,汉朔科技,XSHE,active,C39计算机、通信和其他电子设备制造业,证监会行业分类,2026-09-28,baostock
2026-09-30,301276,嘉曼服饰,XSHE,active,C18纺织服装、服饰业,证监会行业分类,2026-09-28,baostock
2026-09-30,301277,新天地,XSHE,active,C27医药制造业,证监会行业分类,2026-09-28,baostock
2026-09-30,301278,快可电子,XSHE,active,C38电气机械和器材制造业,证监会行业分类,2026-09-28,baostock
2026-09-30,301279,金道科技,XSHE,active,C34通用设备制造业,证监会行业分类,2026-09-28,baostock
2026-09-30,301280,珠城科技,XSHE,active,C39计算机、通信和其他电子设备制造业,证监会行业分类,2026-09-28,baostock
2026-09-30,301281,科源制药,XSHE,active,C27医药制造业,证监会行业分类,2026-09-28,baostock
2026-09-30,301282,金禄电子,XSHE,active,C39计算机、通信和其他电子设备制造业,证监会行业分类,2026-09-28,baostock
2026-09-30,301283,聚胶股份,XSHE,active,C26化学原料和化学制品制造业,证监会行业分类,2026-09-28,baostock
2026-09-30,301285,鸿日达,XSHE,active,C39计算机、通信和其他电子设备制造业,证监会行业分类,2026-09-28,baostock
2026-09-30,301286,侨源股份,XSHE,active,C26化学原料和化学制品制造业,证监会行业分类,2026-09-28,baostock
2026-09-30,301287,康力源,XSHE,active,C24文教、工美、体育和娱乐用品制造业,证监会行业分类,2026-09-28,baostock
2026-09-30,301288,清研环境,XSHE,active,C35专用设备制造业,证监会行业分类,2026-09-28,baostock
2026-09-30,301289,国缆检测,XSHE,active,M74专业技术服务业,证监会行业分类,2026-09-28,baostock
2026-09-30,301290,东星医疗,XSHE,active,C35专用设备制造业,证监会行业分类,2026-09-28,baostock
2026-09-30,301291,明阳电气,XSHE,active,C38电气机械和器材制造业,证监会行业分类,2026-09-28,baostock
2026-09-30,301292,海科新源,XSHE,active,C26化学原料和化学制品制造业,证监会行业分类,2026-09-28,baostock
2026-09-30,301293,三博脑科,XSHE,active,Q84卫生,证监会行业分类,2026-09-28,baostock
2026-09-30,301295,美硕科技,XSHE,active,C38电气机械和器材制造业,证监会行业分类,2026-09-28,baostock
2026-09-30,301296,新巨丰,XSHE,active,C22造纸和纸制品业,证监会行业分类,2026-09-28,baostock
2026-09-30,301297,富乐德,XSHE,active,M74专业技术服务业,证监会行业分类,2026-09-28,baostock
2026-09-30,301298,东利机械,XSHE,active,C36汽车制造业,证监会行业分类,2026-09-28,baostock
2026-09-30,301299,卓创资讯,XSHE,active,I64互联网和相关服务,证监会行业分类,2026-09-28,baostock
2026-09-30,301300,远翔新材,XSHE,active,C26化学原料和化学制品制造业,证监会行业分类,2026-09-28,baostock
2026-09-30,301301,川宁生物,XSHE,active,C27医药制造业,证监会行业分类,2026-09-28,baostock
2026-09-30,301302,华如科技,XSHE,active,I65软件和信息技术服务业,证监会行业分类,2026-09-28,baostock
2026-09-30,301303,真兰仪表,XSHE,active,C40仪器仪表制造业,证监会行业分类,2026-09-28,baostock
2026-09-30,301305,朗坤科技,XSHE,active,N77生态保护和环境治理业,证监会行业分类,2026-09-28,baostock
2026-09-30,301306,西测测试,XSHE,active,M74专业技术服务业,证监会行业分类,2026-09-28,baostock
2026-09-30,301307,美利信,XSHE,active,C33金属制品业,证监会行业分类,2026-09-28,baostock
2026-09-30,301308,江波龙,XSHE,active,C39计算机、通信和其他电子设备制造业,证监会行业分类,2026-09-28,baostock
2026-09-30,301309,万得凯,XSHE,active,C34通用设备制造业,证监会行业分类,2026-09-28,baostock
2026-09-30,301310,鑫宏业,XSHE,active,C36汽车制造业,证监会行业分类,2026-09-28,baostock
2026-09-30,301311,昆船智能,XSHE,active,C34通用设备制造业,证监会行业分类,2026-09-28,baostock
2026-09-30,301312,智立方,XSHE,active,C35专用设备制造业,证监会行业分类,2026-09-28,baostock
2026-09-30,301313,凡拓数创,XSHE,active,I65软件和信息技术服务业,证监会行业分类,2026-09-28,baostock
2026-09-30,301314,科瑞思,XSHE,active,C39计算机、通信和其他电子设备制造业,证监会行业分类,2026-09-28,baostock
2026-09-30,301315,威士顿,XSHE,active,I65软件和信息技术服务业,证监会行业分类,2026-09-28,baostock
2026-09-30,301316,慧博云通,XSHE,active,I65软件和信息技术服务业,证监会行业分类,2026-09-28,baostock
2026-09-30,301317,鑫磊股份,XSHE,active,C34通用设备制造业,证监会行业分类,2026-09-28,baostock
2026-09-30,301318,维海德,XSHE,active,C39计算机、通信和其他电子设备制造业,证监会行业分类,2026-09-28,baostock
2026-09-30,301319,唯特偶,XSHE,active,C39计算机、通信和其他电子设备制造业,证监会行业分类,2026-09-28,baostock
2026-09-30,301320,豪江智能,XSHE,active,C38电气机械和器材制造业,证监会行业分类,2026-09-28,baostock
2026-09-30,301321,翰博高新,XSHE,active,C39计算机、通信和其他电子设备制造业,证监会行业分类,2026-09-28,baostock
2026-09-30,301322,绿通科技,XSHE,active,C37铁路、船舶、航空航天和其他运输设备制造业,证监会行业分类,2026-09-28,baostock
2026-09-30,301323,新莱福,XSHE,active,C29橡胶和塑料制品业,证监会行业分类,2026-09-28,baostock
2026-09-30,301325,曼恩斯特,XSHE,active,C35专用设备制造业,证监会行业分类,2026-09-28,baostock
2026-09-30,301326,捷邦科技,XSHE,active,C39计算机、通信和其他电子设备制造业,证监会行业分类,2026-09-28,baostock
2026-09-30,301327,华宝新能,XSHE,active,C38电气机械和器材制造业,证监会行业分类,2026-09-28,baostock
2026-09-30,301328,维峰电子,XSHE,active,C39计算机、通信和其他电子设备制造业,证监会行业分类,2026-09-28,baostock
2026-09-30,301329,信音电子,XSHE,active,C39计算机、通信和其他电子设备制造业,证监会行业分类,2026-09-28,baostock
2026-09-30,301330,熵基科技,XSHE,active,C39计算机、通信和其他电子设备制造业,证监会行业分类,2026-09-28,baostock
2026-09-30,301331,恩威医药,XSHE,active,C27医药制造业,证监会行业分类,2026-09-28,baostock
2026-09-30,301332,德尔玛,XSHE,active,C38电气机械和器材制造业,证监会行业分类,2026-09-28,baostock
2026-09-30,301333,诺思格,XSHE,active,M73研究和试验发展,证监会行业分类,2026-09-28,baostock
2026-09-30,301335,天元宠物,XSHE,active,C41其他制造业,证监会行业分类,2026-09-28,baostock
2026-09-30,301336,趣睡科技,XSHE,active,C21家具制造业,证监会行业分类,2026-09-28,baostock
2026-09-30,301337,亚华电子,XSHE,active,I65软件和信息技术服务业,证监会行业分类,2026-09-28,baostock
2026-09-30,301338,凯格精机,XSHE,active,C35专用设备制造业,证监会行业分类,2026-09-28,baostock
2026-09-30,301339,苏交数智,XSHE,active,I65软件和信息技术服务业,证监会行业分类,2026-09-28,baostock
2026-09-30,301345,涛涛车业,XSHE,active,C37铁路、船舶、航空航天和其他运输设备制造业,证监会行业分类,2026-09-28,baostock
2026-09-30,301348,蓝箭电子,XSHE,active,C39计算机、通信和其他电子设备制造业,证监会行业分类,2026-09-28,baostock
2026-09-30,301349,信德新材,XSHE,active,C26化学原料和化学制品制造业,证监会行业分类,2026-09-28,baostock
2026-09-30,301353,普莱得,XSHE,active,C34通用设备制造业,证监会行业分类,2026-09-28,baostock
2026-09-30,301355,南王科技,XSHE,active,C22造纸和纸制品业,证监会行业分类,2026-09-28,baostock
2026-09-30,301356,天振股份,XSHE,active,C29橡胶和塑料制品业,证监会行业分类,2026-09-28,baostock
2026-09-30,301357,北方长龙,XSHE,active,C41其他制造业,证监会行业分类,2026-09-28,baostock
2026-09-30,301358,湖南裕能,XSHE,active,C39计算机、通信和其他电子设备制造业,证监会行业分类,2026-09-28,baostock
2026-09-30,301359,东南电子,XSHE,active,C38电气机械和器材制造业,证监会行业分类,2026-09-28,baostock
2026-09-30,301360,荣旗科技,XSHE,active,C35专用设备制造业,证监会行业分类,2026-09-28,baostock
2026-09-30,301361,众智科技,XSHE,active,C38电气机械和器材制造业,证监会行业分类,2026-09-28,baostock
2026-09-30,301362,民爆光电,XSHE,active,C38电气机械和器材制造业,证监会行业分类,2026-09-28,baostock
2026-09-30,301363,美好医疗,XSHE,active,C35专用设备制造业,证监会行业分类,2026-09-28,baostock
2026-09-30,301365,矩阵股份,XSHE,active,M74专业技术服务业,证监会行业分类,2026-09-28,baostock
2026-09-30,301366,一博科技,XSHE,active,C39计算机、通信和其他电子设备制造业,证监会行业分类,2026-09-28,baostock
2026-09-30,301367,瑞迈特,XSHE,active,C35专用设备制造业,证监会行业分类,2026-09-28,baostock
2026-09-30,301368,丰立智能,XSHE,active,C34通用设备制造业,证监会行业分类,2026-09-28,baostock
2026-09-30,301369,联动科技,XSHE,active,C35专用设备制造业,证监会行业分类,2026-09-28,baostock
2026-09-30,301370,国科恒泰,XSHE,active,F51批发业,证监会行业分类,2026-09-28,baostock
2026-09-30,301371,敷尔佳,XSHE,active,C26化学原料和化学制品制造业,证监会行业分类,2026-09-28,baostock
2026-09-30,301372,科净源,XSHE,active,N77生态保护和环境治理业,证监会行业分类,2026-09-28,baostock
2026-09-30,301373,凌玮科技,XSHE,active,C26化学原料和化学制品制造业,证监会行业分类,2026-09-28,baostock
2026-09-30,301376,致欧科技,XSHE,active,F52零售业,证监会行业分类,2026-09-28,baostock
2026-09-30,301377,鼎泰高科,XSHE,active,C33金属制品业,证监会行业分类,2026-09-28,baostock
2026-09-30,301378,通达海,XSHE,active,I65软件和信息技术服务业,证监会行业分类,2026-09-28,baostock
2026-09-30,301379,天山电子,XSHE,active,C39计算机、通信和其他电子设备制造业,证监会行业分类,2026-09-28,baostock
2026-09-30,301380,挖金客,XSHE,active,I65软件和信息技术服务业,证监会行业分类,2026-09-28,baostock
2026-09-30,301381,赛维时代,XSHE,active,F52零售业,证监会行业分类,2026-09-28,baostock
2026-09-30,301382,蜂助手,XSHE,active,I64互联网和相关服务,证监会行业分类,2026-09-28,baostock
2026-09-30,301383,天键股份,XSHE,active,C39计算机、通信和其他电子设备制造业,证监会行业分类,2026-09-28,baostock
2026-09-30,301386,未来电器,XSHE,active,C38电气机械和器材制造业,证监会行业分类,2026-09-28,baostock
2026-09-30,301387,光大同创,XSHE,active,C39计算机、通信和其他电子设备制造业,证监会行业分类,2026-09-28,baostock
2026-09-30,301388,欣灵电气,XSHE,active,C38电气机械和器材制造业,证监会行业分类,2026-09-28,baostock
2026-09-30,301389,隆扬电子,XSHE,active,C39计算机、通信和其他电子设备制造业,证监会行业分类,2026-09-28,baostock
2026-09-30,301390,经纬股份,XSHE,active,M74专业技术服务业,证监会行业分类,2026-09-28,baostock
2026-09-30,301391,卡莱特,XSHE,active,C39计算机、通信和其他电子设备制造业,证监会行业分类,2026-09-28,baostock
2026-09-30,301392,汇成真空,XSHE,active,C34通用设备制造业,证监会行业分类,2026-09-28,baostock
2026-09-30,301393,昊帆生物,XSHE,active,C26化学原料和化学制品制造业,证监会行业分类,2026-09-28,baostock
2026-09-30,301395,仁信新材,XSHE,active,C26化学原料和化学制品制造业,证监会行业分类,2026-09-28,baostock
2026-09-30,301396,宏景科技,XSHE,active,I65软件和信息技术服务业,证监会行业分类,2026-09-28,baostock
2026-09-30,301397,溯联股份,XSHE,active,C36汽车制造业,证监会行业分类,2026-09-28,baostock
2026-09-30,301398,星源卓镁,XSHE,active,C33金属制品业,证监会行业分类,2026-09-28,baostock
2026-09-30,301399,英特科技,XSHE,active,C34通用设备制造业,证监会行业分类,2026-09-28,baostock
2026-09-30,301408,华人健康,XSHE,active,F52零售业,证监会行业分类,2026-09-28,baostock
2026-09-30,301413,安培龙,XSHE,active,C39计算机、通信和其他电子设备制造业,证监会行业分类,2026-09-28,baostock
2026-09-30,301418,协昌科技,XSHE,active,C38电气机械和器材制造业,证监会行业分类,2026-09-28,baostock
2026-09-30,301419,阿莱德,XSHE,active,C39计算机、通信和其他电子设备制造业,证监会行业分类,2026-09-28,baostock
2026-09-30,301421,波长光电,XSHE,active,C40仪器仪表制造业,证监会行业分类,2026-09-28,baostock
2026-09-30,301428,世纪恒通,XSHE,active,I64互联网和相关服务,证监会行业分类,2026-09-28,baostock
2026-09-30,301429,森泰股份,XSHE,active,C26化学原料和化学制品制造业,证监会行业分类,2026-09-28,baostock
2026-09-30,301439,泓淋电力,XSHE,active,C38电气机械和器材制造业,证监会行业分类,2026-09-28,baostock
2026-09-30,301446,福事特,XSHE,active,C34通用设备制造业,证监会行业分类,2026-09-28,baostock
2026-09-30,301448,开创电气,XSHE,active,C34通用设备制造业,证监会行业分类,2026-09-28,baostock
2026-09-30,301449,天溯计量,XSHE,active,M74专业技术服务业,证监会行业分类,2026-09-28,baostock
2026-09-30,301456,盘古智能,XSHE,active,C35专用设备制造业,证监会行业分类,2026-09-28,baostock
2026-09-30,301458,钧崴电子,XSHE,active,C39计算机、通信和其他电子设备制造业,证监会行业分类,2026-09-28,baostock
2026-09-30,301459,丰茂股份,XSHE,active,C29橡胶和塑料制品业,证监会行业分类,2026-09-28,baostock
2026-09-30,301468,博盈特焊,XSHE,active,C35专用设备制造业,证监会行业分类,2026-09-28,baostock
2026-09-30,301469,恒达新材,XSHE,active,C22造纸和纸制品业,证监会行业分类,2026-09-28,baostock
2026-09-30,301479,弘景光电,XSHE,active,C39计算机、通信和其他电子设备制造业,证监会行业分类,2026-09-28,baostock
2026-09-30,301486,致尚科技,XSHE,active,C39计算机、通信和其他电子设备制造业,证监会行业分类,2026-09-28,baostock
2026-09-30,301487,盟固利,XSHE,active,C26化学原料和化学制品制造业,证监会行业分类,2026-09-28,baostock
2026-09-30,301488,豪恩汽电,XSHE,active,C39计算机、通信和其他电子设备制造业,证监会行业分类,2026-09-28,baostock
2026-09-30,301489,思泉新材,XSHE,active,C39计算机、通信和其他电子设备制造业,证监会行业分类,2026-09-28,baostock
2026-09-30,301491,汉桑科技,XSHE,active,C39计算机、通信和其他电子设备制造业,证监会行业分类,2026-09-28,baostock
2026-09-30,301498,乖宝宠物,XSHE,active,C13农副食品加工业,证监会行业分类,2026-09-28,baostock
2026-09-30,301499,维科精密,XSHE,active,C36汽车制造业,证监会行业分类,2026-09-28,baostock
2026-09-30,301500,飞南资源,XSHE,active,C42废弃资源综合利用业,证监会行业分类,2026-09-28,baostock
2026-09-30,301501,恒鑫生活,XSHE,active,C22造纸和纸制品业,证监会行业分类,2026-09-28,baostock
2026-09-30,301502,华阳智能,XSHE,active,C38电气机械和器材制造业,证监会行业分类,2026-09-28,baostock
2026-09-30,301503,智迪科技,XSHE,active,C39计算机、通信和其他电子设备制造业,证监会行业分类,2026-09-28,baostock
2026-09-30,301505,苏州规划,XSHE,active,M74专业技术服务业,证监会行业分类,2026-09-28,baostock
2026-09-30,301507,民生健康,XSHE,active,C27医药制造业,证监会行业分类,2026-09-28,baostock
2026-09-30,301508,中机认检,XSHE,active,M74专业技术服务业,证监会行业分类,2026-09-28,baostock
2026-09-30,301509,金凯生科,XSHE,active,C27医药制造业,证监会行业分类,2026-09-28,baostock
2026-09-30,301510,固高科技,XSHE,active,C40仪器仪表制造业,证监会行业分类,2026-09-28,baostock
2026-09-30,301511,德福科技,XSHE,active,C39计算机、通信和其他电子设备制造业,证监会行业分类,2026-09-28,baostock
2026-09-30,301512,智信精密,XSHE,active,C35专用设备制造业,证监会行业分类,2026-09-28,baostock
2026-09-30,301513,尚水智能,XSHE,active,C35专用设备制造业,证监会行业分类,2026-09-28,baostock
2026-09-30,301515,港通医疗,XSHE,active,C35专用设备制造业,证监会行业分类,2026-09-28,baostock
2026-09-30,301516,中远通,XSHE,active,C39计算机、通信和其他电子设备制造业,证监会行业分类,2026-09-28,baostock
2026-09-30,301517,陕西华达,XSHE,active,C39计算机、通信和其他电子设备制造业,证监会行业分类,2026-09-28,baostock
2026-09-30,301518,长华化学,XSHE,active,C26化学原料和化学制品制造业,证监会行业分类,2026-09-28,baostock
2026-09-30,301519,舜禹股份,XSHE,active,N77生态保护和环境治理业,证监会行业分类,2026-09-28,baostock
2026-09-30,301520,万邦医药,XSHE,active,M73研究和试验发展,证监会行业分类,2026-09-28,baostock
2026-09-30,301522,上大股份,XSHE,active,C33金属制品业,证监会行业分类,2026-09-28,baostock
2026-09-30,301525,儒竞科技,XSHE,active,C38电气机械和器材制造业,证监会行业分类,2026-09-28,baostock
2026-09-30,301526,国际复材,XSHE,active,C30非金属矿物制品业,证监会行业分类,2026-09-28,baostock
2026-09-30,301528,多浦乐,XSHE,active,C40仪器仪表制造业,证监会行业分类,2026-09-28,baostock
2026-09-30,301529,福赛科技,XSHE,active,C36汽车制造业,证监会行业分类,2026-09-28,baostock
2026-09-30,301531,春光集团,XSHE,active,C39计算机、通信和其他电子设备制造业,证监会行业分类,2026-09-28,baostock
2026-09-30,301533,威马农机,XSHE,active,C35专用设备制造业,证监会行业分类,2026-09-28,baostock
2026-09-30,301535,浙江华远,XSHE,active,C36汽车制造业,证监会行业分类,2026-09-28,baostock
2026-09-30,301536,星宸科技,XSHE,active,C39计算机、通信和其他电子设备制造业,证监会行业分类,2026-09-28,baostock
2026-09-30,301538,骏鼎达,XSHE,active,C29橡胶和塑料制品业,证监会行业分类,2026-09-28,baostock
2026-09-30,301539,宏鑫科技,XSHE,active,C36汽车制造业,证监会行业分类,2026-09-28,baostock
2026-09-30,301548,崇德科技,XSHE,active,C34通用设备制造业,证监会行业分类,2026-09-28,baostock
2026-09-30,301550,斯菱智驱,XSHE,active,C36汽车制造业,证监会行业分类,2026-09-28,baostock
2026-09-30,301551,无线传媒,XSHE,active,I63电信、广播电视和卫星传输服务,证监会行业分类,2026-09-28,baostock
2026-09-30,301552,科力装备,XSHE,active,C36汽车制造业,证监会行业分类,2026-09-28,baostock
2026-09-30,301555,惠柏新材,XSHE,active,C26化学原料和化学制品制造业,证监会行业分类,2026-09-28,baostock
2026-09-30,301556,托普云农,XSHE,active,I65软件和信息技术服务业,证监会行业分类,2026-09-28,baostock
2026-09-30,301557,常友科技,XSHE,active,C30非金属矿物制品业,证监会行业分类,2026-09-28,baostock
2026-09-30,301558,三态股份,XSHE,active,F52零售业,证监会行业分类,2026-09-28,baostock
2026-09-30,301559,中集环科,XSHE,active,C34通用设备制造业,证监会行业分类,2026-09-28,baostock
2026-09-30,301560,众捷股份,XSHE,active,C36汽车制造业,证监会行业分类,2026-09-28,baostock
2026-09-30,301563,云汉芯城,XSHE,active,F51批发业,证监会行业分类,2026-09-28,baostock
2026-09-30,301565,中仑新材,XSHE,active,C29橡胶和塑料制品业,证监会行业分类,2026-09-28,baostock
2026-09-30,301566,达利凯普,XSHE,active,C39计算机、通信和其他电子设备制造业,证监会行业分类,2026-09-28,baostock
2026-09-30,301567,贝隆精密,XSHE,active,C39计算机、通信和其他电子设备制造业,证监会行业分类,2026-09-28,baostock
2026-09-30,301568,思泰克,XSHE,active,C35专用设备制造业,证监会行业分类,2026-09-28,baostock
2026-09-30,301571,国科天成,XSHE,active,C39计算机、通信和其他电子设备制造业,证监会行业分类,2026-09-28,baostock
2026-09-30,301575,艾芬达,XSHE,active,C33金属制品业,证监会行业分类,2026-09-28,baostock
2026-09-30,301577,美信科技,XSHE,active,C39计算机、通信和其他电子设备制造业,证监会行业分类,2026-09-28,baostock
2026-09-30,301578,辰奕智能,XSHE,active,C39计算机、通信和其他电子设备制造业,证监会行业分类,2026-09-28,baostock
2026-09-30,301580,爱迪特,XSHE,active,C35专用设备制造业,证监会行业分类,2026-09-28,baostock
2026-09-30,301581,黄山谷捷,XSHE,active,C36汽车制造业,证监会行业分类,2026-09-28,baostock
2026-09-30,301583,托伦斯,XSHE,active,C34通用设备制造业,证监会行业分类,2026-09-28,baostock
2026-09-30,301584,建发致新,XSHE,active,F51批发业,证监会行业分类,2026-09-28,baostock
2026-09-30,301585,蓝宇股份,XSHE,active,C26化学原料和化学制品制造业,证监会行业分类,2026-09-28,baostock
2026-09-30,301586,佳力奇,XSHE,active,C37铁路、船舶、航空航天和其他运输设备制造业,证监会行业分类,2026-09-28,baostock
2026-09-30,301587,中瑞股份,XSHE,active,C33金属制品业,证监会行业分类,2026-09-28,baostock
2026-09-30,301588,美新科技,XSHE,active,C29橡胶和塑料制品业,证监会行业分类,2026-09-28,baostock
2026-09-30,301589,诺瓦星云,XSHE,active,C39计算机、通信和其他电子设备制造业,证监会行业分类,2026-09-28,baostock
2026-09-30,301590,优优绿能,XSHE,active,C38电气机械和器材制造业,证监会行业分类,2026-09-28,baostock
2026-09-30,301591,肯特股份,XSHE,active,C29橡胶和塑料制品业,证监会行业分类,2026-09-28,baostock
2026-09-30,301592,六九一二,XSHE,active,I65软件和信息技术服务业,证监会行业分类,2026-09-28,baostock
2026-09-30,301595,太力科技,XSHE,active,C29橡胶和塑料制品业,证监会行业分类,2026-09-28,baostock
2026-09-30,301596,瑞迪智驱,XSHE,active,C34通用设备制造业,证监会行业分类,2026-09-28,baostock
2026-09-30,301598,博科测试,XSHE,active,C35专用设备制造业,证监会行业分类,2026-09-28,baostock
2026-09-30,301599,理奇智能,XSHE,active,C35专用设备制造业,证监会行业分类,2026-09-28,baostock
2026-09-30,301600,慧翰股份,XSHE,active,C39计算机、通信和其他电子设备制造业,证监会行业分类,2026-09-28,baostock
2026-09-30,301601,惠通科技,XSHE,active,M74专业技术服务业,证监会行业分类,2026-09-28,baostock
2026-09-30,301602,超研股份,XSHE,active,C35专用设备制造业,证监会行业分类,2026-09-28,baostock
2026-09-30,301603,乔锋智能,XSHE,active,C34通用设备制造业,证监会行业分类,2026-09-28,baostock
2026-09-30,301606,绿联科技,XSHE,active,C39计算机、通信和其他电子设备制造业,证监会行业分类,2026-09-28,baostock
2026-09-30,301607,富特科技,XSHE,active,C36汽车制造业,证监会行业分类,2026-09-28,baostock
2026-09-30,301608,博实结,XSHE,active,C39计算机、通信和其他电子设备制造业,证监会行业分类,2026-09-28,baostock
2026-09-30,301609,山大电力,XSHE,active,C38电气机械和器材制造业,证监会行业分类,2026-09-28,baostock
2026-09-30,301611,珂玛科技,XSHE,active,C39计算机、通信和其他电子设备制造业,证监会行业分类,2026-09-28,baostock
2026-09-30,301613,新铝时代,XSHE,active,C36汽车制造业,证监会行业分类,2026-09-28,baostock
2026-09-30,301616,浙江华业,XSHE,active,C34通用设备制造业,证监会行业分类,2026-09-28,baostock
2026-09-30,301617,博苑新材,XSHE,active,C26化学原料和化学制品制造业,证监会行业分类,2026-09-28,baostock
2026-09-30,301618,长联科技,XSHE,active,C26化学原料和化学制品制造业,证监会行业分类,2026-09-28,baostock
2026-09-30,301622,英思特,XSHE,active,C39计算机、通信和其他电子设备制造业,证监会行业分类,2026-09-28,baostock
2026-09-30,301626,苏州天脉,XSHE,active,C39计算机、通信和其他电子设备制造业,证监会行业分类,2026-09-28,baostock
2026-09-30,301628,强达电路,XSHE,active,C39计算机、通信和其他电子设备制造业,证监会行业分类,2026-09-28,baostock
2026-09-30,301629,矽电股份,XSHE,active,C35专用设备制造业,证监会行业分类,2026-09-28,baostock
2026-09-30,301630,同宇新材,XSHE,active,C39计算机、通信和其他电子设备制造业,证监会行业分类,2026-09-28,baostock
2026-09-30,301631,壹连科技,XSHE,active,C39计算机、通信和其他电子设备制造业,证监会行业分类,2026-09-28,baostock
2026-09-30,301632,广东建科,XSHE,active,M74专业技术服务业,证监会行业分类,2026-09-28,baostock
2026-09-30,301633,港迪技术,XSHE,active,I65软件和信息技术服务业,证监会行业分类,2026-09-28,baostock
2026-09-30,301636,泽润新能,XSHE,active,C38电气机械和器材制造业,证监会行业分类,2026-09-28,baostock
2026-09-30,301638,南网数字,XSHE,active,I65软件和信息技术服务业,证监会行业分类,2026-09-28,baostock
2026-09-30,301655,绿控传动,XSHE,active,C36汽车制造业,证监会行业分类,2026-09-28,baostock
2026-09-30,301656,联合动力,XSHE,active,C36汽车制造业,证监会行业分类,2026-09-28,baostock
2026-09-30,301658,首航新能,XSHE,active,C38电气机械和器材制造业,证监会行业分类,2026-09-28,baostock
2026-09-30,301662,宏工科技,XSHE,active,C35专用设备制造业,证监会行业分类,2026-09-28,baostock
2026-09-30,301665,泰禾股份,XSHE,active,C26化学原料和化学制品制造业,证监会行业分类,2026-09-28,baostock
2026-09-30,301666,大普微,XSHE,active,C39计算机、通信和其他电子设备制造业,证监会行业分类,2026-09-28,baostock
2026-09-30,301667,纳百川,XSHE,active,C36汽车制造业,证监会行业分类,2026-09-28,baostock
2026-09-30,301668,昊创瑞通,XSHE,active,C38电气机械和器材制造业,证监会行业分类,2026-09-28,baostock
2026-09-30,301669,高特电子,XSHE,active,C38电气机械和器材制造业,证监会行业分类,2026-09-28,baostock
2026-09-30,301677,欣兴工具,XSHE,active,C33金属制品业,证监会行业分类,2026-09-28,baostock
2026-09-30,301678,新恒汇,XSHE,active,C39计算机、通信和其他电子设备制造业,证监会行业分类,2026-09-28,baostock
2026-09-30,301680,固德电材,XSHE,active,C36汽车制造业,证监会行业分类,2026-09-28,baostock
2026-09-30,301682,宏明电子,XSHE,active,C39计算机、通信和其他电子设备制造业,证监会行业分类,2026-09-28,baostock
2026-09-30,301683,慧谷新材,XSHE,active,C26化学原料和化学制品制造业,证监会行业分类,2026-09-28,baostock
2026-09-30,301686,中塑股份,XSHE,active,C29橡胶和塑料制品业,证监会行业分类,2026-09-28,baostock
2026-09-30,301687,新广益,XSHE,active,C39计算机、通信和其他电子设备制造业,证监会行业分类,2026-09-28,baostock
2026-09-30,301688,格林生物,XSHE,active,C26化学原料和化学制品制造业,证监会行业分类,2026-09-28,baostock
2026-09-30,301689,电科思仪,XSHE,active,C40仪器仪表制造业,证监会行业分类,2026-09-28,baostock
2026-09-30,301696,三瑞智能,XSHE,active,C38电气机械和器材制造业,证监会行业分类,2026-09-28,baostock
2026-09-30,301697,贝特利,XSHE,active,C39计算机、通信和其他电子设备制造业,证监会行业分类,2026-09-28,baostock
2026-09-30,301699,洛轴股份,XSHE,active,C34通用设备制造业,证监会行业分类,2026-09-28,baostock
2026-09-30,301707,展芯股份,XSHE,active,C39计算机、通信和其他电子设备制造业,证监会行业分类,2026-09-28,baostock
2026-09-30,301717,超纯应材,XSHE,active,C39计算机、通信和其他电子设备制造业,证监会行业分类,2026-09-28,baostock
2026-09-30,600000,浦发银行,XSHG,active,J66货币金融服务,证监会行业分类,2026-09-28,baostock
2026-09-30,600004,白云机场,XSHG,active,G56航空运输业,证监会行业分类,2026-09-28,baostock
2026-09-30,600006,东风股份,XSHG,active,C36汽车制造业,证监会行业分类,2026-09-28,baostock
2026-09-30,600007,中国国贸,XSHG,active,K70房地产业,证监会行业分类,2026-09-28,baostock
2026-09-30,600008,首创环保,XSHG,active,D46水的生产和供应业,证监会行业分类,2026-09-28,baostock
2026-09-30,600009,上海机场,XSHG,active,G56航空运输业,证监会行业分类,2026-09-28,baostock
2026-09-30,600010,包钢股份,XSHG,active,C31黑色金属冶炼和压延加工业,证监会行业分类,2026-09-28,baostock
2026-09-30,600011,华能国际,XSHG,active,D44电力、热力生产和供应业,证监会行业分类,2026-09-28,baostock
2026-09-30,600012,皖通高速,XSHG,active,G54道路运输业,证监会行业分类,2026-09-28,baostock
2026-09-30,600015,华夏银行,XSHG,active,J66货币金融服务,证监会行业分类,2026-09-28,baostock
2026-09-30,600016,民生银行,XSHG,active,J66货币金融服务,证监会行业分类,2026-09-28,baostock
2026-09-30,600017,日照港,XSHG,active,G55水上运输业,证监会行业分类,2026-09-28,baostock
2026-09-30,600018,上港集团,XSHG,active,G55水上运输业,证监会行业分类,2026-09-28,baostock
2026-09-30,600019,宝钢股份,XSHG,active,C31黑色金属冶炼和压延加工业,证监会行业分类,2026-09-28,baostock
2026-09-30,600020,中原高速,XSHG,active,G54道路运输业,证监会行业分类,2026-09-28,baostock
2026-09-30,600021,上海电力,XSHG,active,D44电力、热力生产和供应业,证监会行业分类,2026-09-28,baostock
2026-09-30,600022,山东钢铁,XSHG,active,C31黑色金属冶炼和压延加工业,证监会行业分类,2026-09-28,baostock
2026-09-30,600023,浙能电力,XSHG,active,D44电力、热力生产和供应业,证监会行业分类,2026-09-28,baostock
2026-09-30,600025,华能水电,XSHG,active,D44电力、热力生产和供应业,证监会行业分类,2026-09-28,baostock
2026-09-30,600026,中远海能,XSHG,active,G55水上运输业,证监会行业分类,2026-09-28,baostock
2026-09-30,600027,华电国际,XSHG,active,D44电力、热力生产和供应业,证监会行业分类,2026-09-28,baostock
2026-09-30,600028,中国石化,XSHG,active,B07石油和天然气开采业,证监会行业分类,2026-09-28,baostock
2026-09-30,600029,南方航空,XSHG,active,G56航空运输业,证监会行业分类,2026-09-28,baostock
2026-09-30,600030,中信证券,XSHG,active,J67资本市场服务,证监会行业分类,2026-09-28,baostock
2026-09-30,600031,三一重工,XSHG,active,C35专用设备制造业,证监会行业分类,2026-09-28,baostock
2026-09-30,600032,浙江新能,XSHG,active,D44电力、热力生产和供应业,证监会行业分类,2026-09-28,baostock
2026-09-30,600033,福建高速,XSHG,active,G54道路运输业,证监会行业分类,2026-09-28,baostock
2026-09-30,600035,楚天高速,XSHG,active,G54道路运输业,证监会行业分类,2026-09-28,baostock
2026-09-30,600036,招商银行,XSHG,active,J66货币金融服务,证监会行业分类,2026-09-28,baostock
2026-09-30,600037,歌华有线,XSHG,active,I63电信、广播电视和卫星传输服务,证监会行业分类,2026-09-28,baostock
2026-09-30,600038,中直股份,XSHG,active,C37铁路、船舶、航空航天和其他运输设备制造业,证监会行业分类,2026-09-28,baostock
2026-09-30,600039,四川路桥,XSHG,active,E48土木工程建筑业,证监会行业分类,2026-09-28,baostock
2026-09-30,600048,保利发展,XSHG,active,K70房地产业,证监会行业分类,2026-09-28,baostock
2026-09-30,600050,中国联通,XSHG,active,I63电信、广播电视和卫星传输服务,证监会行业分类,2026-09-28,baostock
2026-09-30,600051,宁波联合,XSHG,active,F51批发业,证监会行业分类,2026-09-28,baostock
2026-09-30,600052,东望时代,XSHG,active,L72商务服务业,证监会行业分类,2026-09-28,baostock
2026-09-30,600053,*ST九鼎,XSHG,active,J67资本市场服务,证监会行业分类,2026-09-28,baostock
2026-09-30,600054,黄山旅游,XSHG,active,N78公共设施管理业,证监会行业分类,2026-09-28,baostock
2026-09-30,600055,万东医疗,XSHG,active,C35专用设备制造业,证监会行业分类,2026-09-28,baostock
2026-09-30,600056,中国医药,XSHG,active,F51批发业,证监会行业分类,2026-09-28,baostock
2026-09-30,600057,厦门象屿,XSHG,active,L72商务服务业,证监会行业分类,2026-09-28,baostock
2026-09-30,600058,五矿发展,XSHG,active,F51批发业,证监会行业分类,2026-09-28,baostock
2026-09-30,600059,古越龙山,XSHG,active,C15酒、饮料和精制茶制造业,证监会行业分类,2026-09-28,baostock
2026-09-30,600060,海信视像,XSHG,active,C39计算机、通信和其他电子设备制造业,证监会行业分类,2026-09-28,baostock
2026-09-30,600061,国投资本,XSHG,active,J67资本市场服务,证监会行业分类,2026-09-28,baostock
2026-09-30,600062,华润双鹤,XSHG,active,C27医药制造业,证监会行业分类,2026-09-28,baostock
2026-09-30,600063,皖维高新,XSHG,active,C26化学原料和化学制品制造业,证监会行业分类,2026-09-28,baostock
2026-09-30,600064,南京高科,XSHG,active,K70房地产业,证监会行业分类,2026-09-28,baostock
2026-09-30,600066,宇通客车,XSHG,active,C36汽车制造业,证监会行业分类,2026-09-28,baostock
2026-09-30,600067,冠城新材,XSHG,active,C38电气机械和器材制造业,证监会行业分类,2026-09-28,baostock
2026-09-30,600071,凤凰光学,XSHG,active,C40仪器仪表制造业,证监会行业分类,2026-09-28,baostock
2026-09-30,600072,中船科技,XSHG,active,E48土木工程建筑业,证监会行业分类,2026-09-28,baostock
2026-09-30,600073,光明肉业,XSHG,active,C13农副食品加工业,证监会行业分类,2026-09-28,baostock
2026-09-30,600075,新疆天业,XSHG,active,C26化学原料和化学制品制造业,证监会行业分类,2026-09-28,baostock
2026-09-30,600076,康欣新材,XSHG,active,C20木材加工和木、竹、藤、棕、草制品业,证监会行业分类,2026-09-28,baostock
2026-09-30,600078,澄星股份,XSHG,active,C26化学原料和化学制品制造业,证监会行业分类,2026-09-28,baostock
2026-09-30,600079,ST人福,XSHG,active,C27医药制造业,证监会行业分类,2026-09-28,baostock
2026-09-30,600080,ST金花,XSHG,active,C27医药制造业,证监会行业分类,2026-09-28,baostock
2026-09-30,600081,东风科技,XSHG,active,C36汽车制造业,证监会行业分类,2026-09-28,baostock
2026-09-30,600082,ST海泰,XSHG,active,F51批发业,证监会行业分类,2026-09-28,baostock
2026-09-30,600084,*ST尼雅,XSHG,active,C15酒、饮料和精制茶制造业,证监会行业分类,2026-09-28,baostock
2026-09-30,600085,同仁堂,XSHG,active,C27医药制造业,证监会行业分类,2026-09-28,baostock
2026-09-30,600088,中视传媒,XSHG,active,R87广播、电视、电影和录音制作业,证监会行业分类,2026-09-28,baostock
2026-09-30,600089,特变电工,XSHG,active,C38电气机械和器材制造业,证监会行业分类,2026-09-28,baostock
2026-09-30,600094,大名城,XSHG,active,K70房地产业,证监会行业分类,2026-09-28,baostock
2026-09-30,600095,湘财股份,XSHG,active,J67资本市场服务,证监会行业分类,2026-09-28,baostock
2026-09-30,600096,云天化,XSHG,active,C26化学原料和化学制品制造业,证监会行业分类,2026-09-28,baostock
2026-09-30,600097,开创国际,XSHG,active,A04渔业,证监会行业分类,2026-09-28,baostock
2026-09-30,600098,广州发展,XSHG,active,D44电力、热力生产和供应业,证监会行业分类,2026-09-28,baostock
2026-09-30,600099,林海股份,XSHG,active,C37铁路、船舶、航空航天和其他运输设备制造业,证监会行业分类,2026-09-28,baostock
2026-09-30,600100,同方股份,XSHG,active,C39计算机、通信和其他电子设备制造业,证监会行业分类,2026-09-28,baostock
2026-09-30,600101,明星电力,XSHG,active,D44电力、热力生产和供应业,证监会行业分类,2026-09-28,baostock
2026-09-30,600103,青山纸业,XSHG,active,C22造纸和纸制品业,证监会行业分类,2026-09-28,baostock
2026-09-30,600104,上汽集团,XSHG,active,C36汽车制造业,证监会行业分类,2026-09-28,baostock
2026-09-30,600105,永鼎股份,XSHG,active,C38电气机械和器材制造业,证监会行业分类,2026-09-28,baostock
2026-09-30,600106,重庆路桥,XSHG,active,G54道路运输业,证监会行业分类,2026-09-28,baostock
2026-09-30,600107,*ST尔雅,XSHG,active,C18纺织服装、服饰业,证监会行业分类,2026-09-28,baostock
2026-09-30,600108,亚盛集团,XSHG,active,A01农业,证监会行业分类,2026-09-28,baostock
2026-09-30,600109,国金证券,XSHG,active,J67资本市场服务,证监会行业分类,2026-09-28,baostock
2026-09-30,600110,诺德股份,XSHG,active,C39计算机、通信和其他电子设备制造业,证监会行业分类,2026-09-28,baostock
2026-09-30,600111,北方稀土,XSHG,active,C32有色金属冶炼和压延加工业,证监会行业分类,2026-09-28,baostock
2026-09-30,600113,浙江东日,XSHG,active,L72商务服务业,证监会行业分类,2026-09-28,baostock
2026-09-30,600114,东睦股份,XSHG,active,C33金属制品业,证监会行业分类,2026-09-28,baostock
2026-09-30,600115,中国东航,XSHG,active,G56航空运输业,证监会行业分类,2026-09-28,baostock
2026-09-30,600116,三峡水利,XSHG,active,D44电力、热力生产和供应业,证监会行业分类,2026-09-28,baostock
2026-09-30,600117,西宁特钢,XSHG,active,C31黑色金属冶炼和压延加工业,证监会行业分类,2026-09-28,baostock
2026-09-30,600118,中国卫星,XSHG,active,C39计算机、通信和其他电子设备制造业,证监会行业分类,2026-09-28,baostock
2026-09-30,600119,*ST长投,XSHG,active,G54道路运输业,证监会行业分类,2026-09-28,baostock
2026-09-30,600120,浙江东方,XSHG,active,J69其他金融业,证监会行业分类,2026-09-28,baostock
2026-09-30,600121,郑州煤电,XSHG,active,B06煤炭开采和洗选业,证监会行业分类,2026-09-28,baostock
2026-09-30,600123,兰花科创,XSHG,active,B06煤炭开采和洗选业,证监会行业分类,2026-09-28,baostock
2026-09-30,600125,铁龙物流,XSHG,active,G53铁路运输业,证监会行业分类,2026-09-28,baostock
2026-09-30,600126,杭钢股份,XSHG,active,C31黑色金属冶炼和压延加工业,证监会行业分类,2026-09-28,baostock
2026-09-30,600127,金健米业,XSHG,active,C13农副食品加工业,证监会行业分类,2026-09-28,baostock
2026-09-30,600128,苏豪弘业,XSHG,active,F51批发业,证监会行业分类,2026-09-28,baostock
2026-09-30,600129,太极集团,XSHG,active,C27医药制造业,证监会行业分类,2026-09-28,baostock
2026-09-30,600130,波导股份,XSHG,active,C39计算机、通信和其他电子设备制造业,证监会行业分类,2026-09-28,baostock
2026-09-30,600131,国网信通,XSHG,active,I65软件和信息技术服务业,证监会行业分类,2026-09-28,baostock
2026-09-30,600132,重庆啤酒,XSHG,active,C15酒、饮料和精制茶制造业,证监会行业分类,2026-09-28,baostock
2026-09-30,600133,东湖高新,XSHG,active,N77生态保护和环境治理业,证监会行业分类,2026-09-28,baostock
2026-09-30,600135,乐凯胶片,XSHG,active,C26化学原料和化学制品制造业,证监会行业分类,2026-09-28,baostock
2026-09-30,600136,ST明诚,XSHG,active,R87广播、电视、电影和录音制作业,证监会行业分类,2026-09-28,baostock
2026-09-30,600137,浪莎股份,XSHG,active,C18纺织服装、服饰业,证监会行业分类,2026-09-28,baostock
2026-09-30,600138,中青旅,XSHG,active,L72商务服务业,证监会行业分类,2026-09-28,baostock
2026-09-30,600141,兴发集团,XSHG,active,C26化学原料和化学制品制造业,证监会行业分类,2026-09-28,baostock
2026-09-30,600143,金发科技,XSHG,active,C29橡胶和塑料制品业,证监会行业分类,2026-09-28,baostock
2026-09-30,600148,长春一东,XSHG,active,C36汽车制造业,证监会行业分类,2026-09-28,baostock
2026-09-30,600149,廊坊发展,XSHG,active,D44电力、热力生产和供应业,证监会行业分类,2026-09-28,baostock
2026-09-30,600150,中国船舶,XSHG,active,C37铁路、船舶、航空航天和其他运输设备制造业,证监会行业分类,2026-09-28,baostock
2026-09-30,600151,航天机电,XSHG,active,C38电气机械和器材制造业,证监会行业分类,2026-09-28,baostock
2026-09-30,600152,维科技术,XSHG,active,C38电气机械和器材制造业,证监会行业分类,2026-09-28,baostock
2026-09-30,600153,建发股份,XSHG,active,L72商务服务业,证监会行业分类,2026-09-28,baostock
2026-09-30,600155,华创云信,XSHG,active,J67资本市场服务,证监会行业分类,2026-09-28,baostock
2026-09-30,600156,华升股份,XSHG,active,C17纺织业,证监会行业分类,2026-09-28,baostock
2026-09-30,600157,永泰能源,XSHG,active,D44电力、热力生产和供应业,证监会行业分类,2026-09-28,baostock
2026-09-30,600158,中体产业,XSHG,active,R89体育,证监会行业分类,2026-09-28,baostock
2026-09-30,600159,大龙地产,XSHG,active,E47房屋建筑业,证监会行业分类,2026-09-28,baostock
2026-09-30,600160,巨化股份,XSHG,active,C26化学原料和化学制品制造业,证监会行业分类,2026-09-28,baostock
2026-09-30,600161,天坛生物,XSHG,active,C27医药制造业,证监会行业分类,2026-09-28,baostock
2026-09-30,600162,香江控股,XSHG,active,K70房地产业,证监会行业分类,2026-09-28,baostock
2026-09-30,600163,中闽能源,XSHG,active,D44电力、热力生产和供应业,证监会行业分类,2026-09-28,baostock
2026-09-30,600165,宁科生物,XSHG,active,C26化学原料和化学制品制造业,证监会行业分类,2026-09-28,baostock
2026-09-30,600166,福田汽车,XSHG,active,C36汽车制造业,证监会行业分类,2026-09-28,baostock
2026-09-30,600167,联美控股,XSHG,active,D44电力、热力生产和供应业,证监会行业分类,2026-09-28,baostock
2026-09-30,600168,武汉控股,XSHG,active,D46水的生产和供应业,证监会行业分类,2026-09-28,baostock
2026-09-30,600169,ST太重,XSHG,active,C35专用设备制造业,证监会行业分类,2026-09-28,baostock
2026-09-30,600170,上海建工,XSHG,active,E48土木工程建筑业,证监会行业分类,2026-09-28,baostock
2026-09-30,600171,上海贝岭,XSHG,active,C39计算机、通信和其他电子设备制造业,证监会行业分类,2026-09-28,baostock
2026-09-30,600172,黄河旋风,XSHG,active,C30非金属矿物制品业,证监会行业分类,2026-09-28,baostock
2026-09-30,600173,卧龙新能,XSHG,active,K70房地产业,证监会行业分类,2026-09-28,baostock
2026-09-30,600176,中国巨石,XSHG,active,C30非金属矿物制品业,证监会行业分类,2026-09-28,baostock
2026-09-30,600177,雅戈尔,XSHG,active,C18纺织服装、服饰业,证监会行业分类,2026-09-28,baostock
2026-09-30,600178,东安动力,XSHG,active,C36汽车制造业,证监会行业分类,2026-09-28,baostock
2026-09-30,600179,安通控股,XSHG,active,G58多式联运和运输代理业,证监会行业分类,2026-09-28,baostock
2026-09-30,600180,*ST瑞茂,XSHG,active,F51批发业,证监会行业分类,2026-09-28,baostock
2026-09-30,600182,S佳通,XSHG,active,C29橡胶和塑料制品业,证监会行业分类,2026-09-28,baostock
2026-09-30,600183,生益科技,XSHG,active,C39计算机、通信和其他电子设备制造业,证监会行业分类,2026-09-28,baostock
2026-09-30,600184,光电股份,XSHG,active,C35专用设备制造业,证监会行业分类,2026-09-28,baostock
2026-09-30,600185,珠免集团,XSHG,active,L72商务服务业,证监会行业分类,2026-09-28,baostock
2026-09-30,600186,莲花控股,XSHG,active,C14食品制造业,证监会行业分类,2026-09-28,baostock
2026-09-30,600187,*ST国中,XSHG,active,D46水的生产和供应业,证监会行业分类,2026-09-28,baostock
2026-09-30,600188,兖矿能源,XSHG,active,B06煤炭开采和洗选业,证监会行业分类,2026-09-28,baostock
2026-09-30,600189,泉阳泉,XSHG,active,C15酒、饮料和精制茶制造业,证监会行业分类,2026-09-28,baostock
2026-09-30,600191,华资实业,XSHG,active,C13农副食品加工业,证监会行业分类,2026-09-28,baostock
2026-09-30,600192,长城电工,XSHG,active,C38电气机械和器材制造业,证监会行业分类,2026-09-28,baostock
2026-09-30,600195,中牧股份,XSHG,active,C27医药制造业,证监会行业分类,2026-09-28,baostock
2026-09-30,600196,复星医药,XSHG,active,C27医药制造业,证监会行业分类,2026-09-28,baostock
2026-09-30,600197,伊力特,XSHG,active,C15酒、饮料和精制茶制造业,证监会行业分类,2026-09-28,baostock
2026-09-30,600198,大唐电信,XSHG,active,C39计算机、通信和其他电子设备制造业,证监会行业分类,2026-09-28,baostock
2026-09-30,600199,金种子酒,XSHG,active,C15酒、饮料和精制茶制造业,证监会行业分类,2026-09-28,baostock
2026-09-30,600201,生物股份,XSHG,active,C27医药制造业,证监会行业分类,2026-09-28,baostock
2026-09-30,600202,哈空调,XSHG,active,C34通用设备制造业,证监会行业分类,2026-09-28,baostock
2026-09-30,600203,福日电子,XSHG,active,C39计算机、通信和其他电子设备制造业,证监会行业分类,2026-09-28,baostock
2026-09-30,600206,有研新材,XSHG,active,C32有色金属冶炼和压延加工业,证监会行业分类,2026-09-28,baostock
2026-09-30,600207,安彩高科,XSHG,active,C30非金属矿物制品业,证监会行业分类,2026-09-28,baostock
2026-09-30,600208,衢州发展,XSHG,active,K70房地产业,证监会行业分类,2026-09-28,baostock
2026-09-30,600210,紫江企业,XSHG,active,C29橡胶和塑料制品业,证监会行业分类,2026-09-28,baostock
2026-09-30,600211,西藏药业,XSHG,active,C27医药制造业,证监会行业分类,2026-09-28,baostock
2026-09-30,600212,绿能慧充,XSHG,active,C38电气机械和器材制造业,证监会行业分类,2026-09-28,baostock
2026-09-30,600215,派斯林,XSHG,active,C34通用设备制造业,证监会行业分类,2026-09-28,baostock
2026-09-30,600216,浙江医药,XSHG,active,C27医药制造业,证监会行业分类,2026-09-28,baostock
2026-09-30,600217,中再资环,XSHG,active,C42废弃资源综合利用业,证监会行业分类,2026-09-28,baostock
2026-09-30,600218,全柴动力,XSHG,active,C34通用设备制造业,证监会行业分类,2026-09-28,baostock
2026-09-30,600219,南山铝业,XSHG,active,C32有色金属冶炼和压延加工业,证监会行业分类,2026-09-28,baostock
2026-09-30,600221,海航控股,XSHG,active,G56航空运输业,证监会行业分类,2026-09-28,baostock
2026-09-30,600222,太龙药业,XSHG,active,C27医药制造业,证监会行业分类,2026-09-28,baostock
2026-09-30,600223,福瑞达,XSHG,active,C26化学原料和化学制品制造业,证监会行业分类,2026-09-28,baostock
2026-09-30,600226,亨通股份,XSHG,active,D44电力、热力生产和供应业,证监会行业分类,2026-09-28,baostock
2026-09-30,600227,赤天化,XSHG,active,C26化学原料和化学制品制造业,证监会行业分类,2026-09-28,baostock
2026-09-30,600228,返利科技,XSHG,active,I64互联网和相关服务,证监会行业分类,2026-09-28,baostock
2026-09-30,600229,城市传媒,XSHG,active,R86新闻和出版业,证监会行业分类,2026-09-28,baostock
2026-09-30,600230,沧州大化,XSHG,active,C26化学原料和化学制品制造业,证监会行业分类,2026-09-28,baostock
2026-09-30,600231,凌钢股份,XSHG,active,C31黑色金属冶炼和压延加工业,证监会行业分类,2026-09-28,baostock
2026-09-30,600232,金鹰股份,XSHG,active,C17纺织业,证监会行业分类,2026-09-28,baostock
2026-09-30,600233,圆通速递,XSHG,active,G60邮政业,证监会行业分类,2026-09-28,baostock
2026-09-30,600234,科新发展,XSHG,active,E50建筑装饰、装修和其他建筑业,证监会行业分类,2026-09-28,baostock
2026-09-30,600235,民丰特纸,XSHG,active,C22造纸和纸制品业,证监会行业分类,2026-09-28,baostock
2026-09-30,600236,桂冠电力,XSHG,active,D44电力、热力生产和供应业,证监会行业分类,2026-09-28,baostock
2026-09-30,600237,铜峰电子,XSHG,active,C39计算机、通信和其他电子设备制造业,证监会行业分类,2026-09-28,baostock
2026-09-30,600238,ST椰岛,XSHG,active,C15酒、饮料和精制茶制造业,证监会行业分类,2026-09-28,baostock
2026-09-30,600239,ST云城,XSHG,active,K70房地产业,证监会行业分类,2026-09-28,baostock
2026-09-30,600241,时代万恒,XSHG,active,C38电气机械和器材制造业,证监会行业分类,2026-09-28,baostock
2026-09-30,600243,*ST海华,XSHG,active,C34通用设备制造业,证监会行业分类,2026-09-28,baostock
2026-09-30,600246,万通发展,XSHG,active,K70房地产业,证监会行业分类,2026-09-28,baostock
2026-09-30,600248,陕建股份,XSHG,active,E48土木工程建筑业,证监会行业分类,2026-09-28,baostock
2026-09-30,600249,两面针,XSHG,active,C26化学原料和化学制品制造业,证监会行业分类,2026-09-28,baostock
2026-09-30,600250,南京商旅,XSHG,active,N78公共设施管理业,证监会行业分类,2026-09-28,baostock
2026-09-30,600251,冠农股份,XSHG,active,C13农副食品加工业,证监会行业分类,2026-09-28,baostock
2026-09-30,600252,中恒集团,XSHG,active,C27医药制造业,证监会行业分类,2026-09-28,baostock
2026-09-30,600255,鑫科材料,XSHG,active,C32有色金属冶炼和压延加工业,证监会行业分类,2026-09-28,baostock
2026-09-30,600256,广汇能源,XSHG,active,B07石油和天然气开采业,证监会行业分类,2026-09-28,baostock
2026-09-30,600257,大湖股份,XSHG,active,A04渔业,证监会行业分类,2026-09-28,baostock
2026-09-30,600258,首旅酒店,XSHG,active,H61住宿业,证监会行业分类,2026-09-28,baostock
2026-09-30,600259,中稀有色,XSHG,active,B09有色金属矿采选业,证监会行业分类,2026-09-28,baostock
2026-09-30,600261,阳光照明,XSHG,active,C38电气机械和器材制造业,证监会行业分类,2026-09-28,baostock
2026-09-30,600262,北方股份,XSHG,active,C35专用设备制造业,证监会行业分类,2026-09-28,baostock
2026-09-30,600265,*ST景谷,XSHG,active,C20木材加工和木、竹、藤、棕、草制品业,证监会行业分类,2026-09-28,baostock
2026-09-30,600266,城建发展,XSHG,active,K70房地产业,证监会行业分类,2026-09-28,baostock
2026-09-30,600267,海正药业,XSHG,active,C27医药制造业,证监会行业分类,2026-09-28,baostock
2026-09-30,600268,国电南自,XSHG,active,C38电气机械和器材制造业,证监会行业分类,2026-09-28,baostock
2026-09-30,600269,赣粤高速,XSHG,active,G54道路运输业,证监会行业分类,2026-09-28,baostock
2026-09-30,600271,航天信息,XSHG,active,I65软件和信息技术服务业,证监会行业分类,2026-09-28,baostock
2026-09-30,600272,开开实业,XSHG,active,F51批发业,证监会行业分类,2026-09-28,baostock
2026-09-30,600273,嘉化能源,XSHG,active,C26化学原料和化学制品制造业,证监会行业分类,2026-09-28,baostock
2026-09-30,600276,恒瑞医药,XSHG,active,C27医药制造业,证监会行业分类,2026-09-28,baostock
2026-09-30,600278,东方创业,XSHG,active,F51批发业,证监会行业分类,2026-09-28,baostock
2026-09-30,600279,重庆港,XSHG,active,G55水上运输业,证监会行业分类,2026-09-28,baostock
2026-09-30,600280,中央商场,XSHG,active,F52零售业,证监会行业分类,2026-09-28,baostock
2026-09-30,600281,华阳新材,XSHG,active,C32有色金属冶炼和压延加工业,证监会行业分类,2026-09-28,baostock
2026-09-30,600282,南钢股份,XSHG,active,C31黑色金属冶炼和压延加工业,证监会行业分类,2026-09-28,baostock
2026-09-30,600283,钱江水利,XSHG,active,D46水的生产和供应业,证监会行业分类,2026-09-28,baostock
2026-09-30,600284,浦东建设,XSHG,active,E48土木工程建筑业,证监会行业分类,2026-09-28,baostock
2026-09-30,600285,羚锐制药,XSHG,active,C27医药制造业,证监会行业分类,2026-09-28,baostock
2026-09-30,600287,苏豪时尚,XSHG,active,F51批发业,证监会行业分类,2026-09-28,baostock
2026-09-30,600288,大恒科技,XSHG,active,C39计算机、通信和其他电子设备制造业,证监会行业分类,2026-09-28,baostock
2026-09-30,600289,ST信通,XSHG,active,I65软件和信息技术服务业,证监会行业分类,2026-09-28,baostock
2026-09-30,600292,电投水电,XSHG,active,N77生态保护和环境治理业,证监会行业分类,2026-09-28,baostock
2026-09-30,600293,三峡新材,XSHG,suspended,C30非金属矿物制品业,证监会行业分类,2026-09-28,baostock
2026-09-30,600295,鄂尔多斯,XSHG,active,C31黑色金属冶炼和压延加工业,证监会行业分类,2026-09-28,baostock
2026-09-30,600298,安琪酵母,XSHG,active,C14食品制造业,证监会行业分类,2026-09-28,baostock
2026-09-30,600299,安迪苏,XSHG,active,C14食品制造业,证监会行业分类,2026-09-28,baostock
2026-09-30,600300,维维股份,XSHG,active,C15酒、饮料和精制茶制造业,证监会行业分类,2026-09-28,baostock
2026-09-30,600301,华锡有色,XSHG,active,B09有色金属矿采选业,证监会行业分类,2026-09-28,baostock
2026-09-30,600302,ST标准,XSHG,active,C35专用设备制造业,证监会行业分类,2026-09-28,baostock
2026-09-30,600303,曙光股份,XSHG,active,C36汽车制造业,证监会行业分类,2026-09-28,baostock
2026-09-30,600305,恒顺醋业,XSHG,active,C14食品制造业,证监会行业分类,2026-09-28,baostock
2026-09-30,600307,酒钢宏兴,XSHG,active,C31黑色金属冶炼和压延加工业,证监会行业分类,2026-09-28,baostock
2026-09-30,600308,华泰股份,XSHG,active,C22造纸和纸制品业,证监会行业分类,2026-09-28,baostock
2026-09-30,600309,万华化学,XSHG,active,C26化学原料和化学制品制造业,证监会行业分类,2026-09-28,baostock
2026-09-30,600310,广西能源,XSHG,active,D44电力、热力生产和供应业,证监会行业分类,2026-09-28,baostock
2026-09-30,600312,平高电气,XSHG,active,C38电气机械和器材制造业,证监会行业分类,2026-09-28,baostock
2026-09-30,600313,农发种业,XSHG,active,F51批发业,证监会行业分类,2026-09-28,baostock
2026-09-30,600315,上海家化,XSHG,active,C26化学原料和化学制品制造业,证监会行业分类,2026-09-28,baostock
2026-09-30,600316,洪都航空,XSHG,active,C37铁路、船舶、航空航天和其他运输设备制造业,证监会行业分类,2026-09-28,baostock
2026-09-30,600318,新力金融,XSHG,active,J66货币金融服务,证监会行业分类,2026-09-28,baostock
2026-09-30,600319,亚星化学,XSHG,active,C26化学原料和化学制品制造业,证监会行业分类,2026-09-28,baostock
2026-09-30,600320,振华重工,XSHG,active,C34通用设备制造业,证监会行业分类,2026-09-28,baostock
2026-09-30,600322,津投城开,XSHG,active,K70房地产业,证监会行业分类,2026-09-28,baostock
2026-09-30,600323,瀚蓝环境,XSHG,active,N77生态保护和环境治理业,证监会行业分类,2026-09-28,baostock
2026-09-30,600325,华发股份,XSHG,active,K70房地产业,证监会行业分类,2026-09-28,baostock
2026-09-30,600326,西藏天路,XSHG,active,C30非金属矿物制品业,证监会行业分类,2026-09-28,baostock
2026-09-30,600327,大东方,XSHG,active,Q84卫生,证监会行业分类,2026-09-28,baostock
2026-09-30,600328,中盐化工,XSHG,active,C26化学原料和化学制品制造业,证监会行业分类,2026-09-28,baostock
2026-09-30,600329,达仁堂,XSHG,active,C27医药制造业,证监会行业分类,2026-09-28,baostock
2026-09-30,600330,天通股份,XSHG,active,C39计算机、通信和其他电子设备制造业,证监会行业分类,2026-09-28,baostock
2026-09-30,600331,宏达股份,XSHG,active,C26化学原料和化学制品制造业,证监会行业分类,2026-09-28,baostock
2026-09-30,600332,白云山,XSHG,active,C27医药制造业,证监会行业分类,2026-09-28,baostock
2026-09-30,600333,长春燃气,XSHG,active,D45燃气生产和供应业,证监会行业分类,2026-09-28,baostock
2026-09-30,600335,国机汽车,XSHG,active,F51批发业,证监会行业分类,2026-09-28,baostock
2026-09-30,600336,澳柯玛,XSHG,active,C38电气机械和器材制造业,证监会行业分类,2026-09-28,baostock
2026-09-30,600337,ST美克,XSHG,active,F52零售业,证监会行业分类,2026-09-28,baostock
2026-09-30,600338,西藏珠峰,XSHG,active,B09有色金属矿采选业,证监会行业分类,2026-09-28,baostock
2026-09-30,600339,中油工程,XSHG,active,B11开采专业及辅助性活动,证监会行业分类,2026-09-28,baostock
2026-09-30,600340,*ST华幸,XSHG,active,K70房地产业,证监会行业分类,2026-09-28,baostock
2026-09-30,600343,航天动力,XSHG,active,C34通用设备制造业,证监会行业分类,2026-09-28,baostock
2026-09-30,600345,长江通信,XSHG,active,C39计算机、通信和其他电子设备制造业,证监会行业分类,2026-09-28,baostock
2026-09-30,600346,恒力石化,XSHG,active,C26化学原料和化学制品制造业,证监会行业分类,2026-09-28,baostock
2026-09-30,600348,华阳股份,XSHG,active,B06煤炭开采和洗选业,证监会行业分类,2026-09-28,baostock
2026-09-30,600350,山东高速,XSHG,active,G54道路运输业,证监会行业分类,2026-09-28,baostock
2026-09-30,600351,亚宝药业,XSHG,active,C27医药制造业,证监会行业分类,2026-09-28,baostock
2026-09-30,600352,浙江龙盛,XSHG,active,C26化学原料和化学制品制造业,证监会行业分类,2026-09-28,baostock
2026-09-30,600353,旭光电子,XSHG,active,C39计算机、通信和其他电子设备制造业,证监会行业分类,2026-09-28,baostock
2026-09-30,600354,敦煌种业,XSHG,active,A05农、林、牧、渔专业及辅助性活动,证监会行业分类,2026-09-28,baostock
2026-09-30,600356,恒丰纸业,XSHG,active,C22造纸和纸制品业,证监会行业分类,2026-09-28,baostock
2026-09-30,600358,国旅联合,XSHG,active,L72商务服务业,证监会行业分类,2026-09-28,baostock
2026-09-30,600359,新农开发,XSHG,active,A01农业,证监会行业分类,2026-09-28,baostock
2026-09-30,600360,华微电子,XSHG,active,C39计算机、通信和其他电子设备制造业,证监会行业分类,2026-09-28,baostock
2026-09-30,600361,创新新材,XSHG,active,C32有色金属冶炼和压延加工业,证监会行业分类,2026-09-28,baostock
2026-09-30,600362,江西铜业,XSHG,active,C32有色金属冶炼和压延加工业,证监会行业分类,2026-09-28,baostock
2026-09-30,600363,ST联光,XSHG,active,C39计算机、通信和其他电子设备制造业,证监会行业分类,2026-09-28,baostock
2026-09-30,600365,ST通葡,XSHG,active,F52零售业,证监会行业分类,2026-09-28,baostock
2026-09-30,600366,宁波韵升,XSHG,active,C30非金属矿物制品业,证监会行业分类,2026-09-28,baostock
2026-09-30,600367,红星发展,XSHG,active,C26化学原料和化学制品制造业,证监会行业分类,2026-09-28,baostock
2026-09-30,600368,五洲交通,XSHG,active,G54道路运输业,证监会行业分类,2026-09-28,baostock
2026-09-30,600369,西南证券,XSHG,active,J67资本市场服务,证监会行业分类,2026-09-28,baostock
2026-09-30,600370,*ST三房,XSHG,active,C26化学原料和化学制品制造业,证监会行业分类,2026-09-28,baostock
2026-09-30,600371,万向德农,XSHG,active,A05农、林、牧、渔专业及辅助性活动,证监会行业分类,2026-09-28,baostock
2026-09-30,600372,中航机载,XSHG,active,C37铁路、船舶、航空航天和其他运输设备制造业,证监会行业分类,2026-09-28,baostock
2026-09-30,600373,中文传媒,XSHG,active,R86新闻和出版业,证监会行业分类,2026-09-28,baostock
2026-09-30,600375,汉马科技,XSHG,active,C36汽车制造业,证监会行业分类,2026-09-28,baostock
2026-09-30,600376,首开股份,XSHG,active,K70房地产业,证监会行业分类,2026-09-28,baostock
2026-09-30,600377,宁沪高速,XSHG,active,G54道路运输业,证监会行业分类,2026-09-28,baostock
2026-09-30,600378,昊华科技,XSHG,active,C26化学原料和化学制品制造业,证监会行业分类,2026-09-28,baostock
2026-09-30,600379,宝光股份,XSHG,active,C38电气机械和器材制造业,证监会行业分类,2026-09-28,baostock
2026-09-30,600380,健康元,XSHG,active,C27医药制造业,证监会行业分类,2026-09-28,baostock
2026-09-30,600381,*ST春天,XSHG,active,C14食品制造业,证监会行业分类,2026-09-28,baostock
2026-09-30,600382,广东明珠,XSHG,active,B08黑色金属矿采选业,证监会行业分类,2026-09-28,baostock
2026-09-30,600383,金地集团,XSHG,active,K70房地产业,证监会行业分类,2026-09-28,baostock
2026-09-30,600386,北巴传媒,XSHG,active,F52零售业,证监会行业分类,2026-09-28,baostock
2026-09-30,600388,紫金龙净,XSHG,active,C35专用设备制造业,证监会行业分类,2026-09-28,baostock
2026-09-30,600389,江山股份,XSHG,active,C26化学原料和化学制品制造业,证监会行业分类,2026-09-28,baostock
2026-09-30,600390,五矿资本,XSHG,active,J69其他金融业,证监会行业分类,2026-09-28,baostock
2026-09-30,600391,航发科技,XSHG,active,C37铁路、船舶、航空航天和其他运输设备制造业,证监会行业分类,2026-09-28,baostock
2026-09-30,600392,盛和资源,XSHG,active,C32有色金属冶炼和压延加工业,证监会行业分类,2026-09-28,baostock
2026-09-30,600395,盘江股份,XSHG,active,B06煤炭开采和洗选业,证监会行业分类,2026-09-28,baostock
2026-09-30,600396,华电辽能,XSHG,active,D44电力、热力生产和供应业,证监会行业分类,2026-09-28,baostock
2026-09-30,600397,江钨装备,XSHG,active,C35专用设备制造业,证监会行业分类,2026-09-28,baostock
2026-09-30,600398,海澜之家,XSHG,active,C18纺织服装、服饰业,证监会行业分类,2026-09-28,baostock
2026-09-30,600399,抚顺特钢,XSHG,active,C31黑色金属冶炼和压延加工业,证监会行业分类,2026-09-28,baostock
2026-09-30,600400,红豆股份,XSHG,active,C18纺织服装、服饰业,证监会行业分类,2026-09-28,baostock
2026-09-30,600403,大有能源,XSHG,active,B06煤炭开采和洗选业,证监会行业分类,2026-09-28,baostock
2026-09-30,600405,动力源,XSHG,active,C39计算机、通信和其他电子设备制造业,证监会行业分类,2026-09-28,baostock
2026-09-30,600406,国电南瑞,XSHG,active,I65软件和信息技术服务业,证监会行业分类,2026-09-28,baostock
2026-09-30,600408,安泰集团,XSHG,active,C31黑色金属冶炼和压延加工业,证监会行业分类,2026-09-28,baostock
2026-09-30,600409,三友化工,XSHG,active,C26化学原料和化学制品制造业,证监会行业分类,2026-09-28,baostock
2026-09-30,600410,华胜天成,XSHG,active,I65软件和信息技术服务业,证监会行业分类,2026-09-28,baostock
2026-09-30,600415,小商品城,XSHG,active,L72商务服务业,证监会行业分类,2026-09-28,baostock
2026-09-30,600416,湘电股份,XSHG,active,C38电气机械和器材制造业,证监会行业分类,2026-09-28,baostock
2026-09-30,600418,江淮汽车,XSHG,active,C36汽车制造业,证监会行业分类,2026-09-28,baostock
2026-09-30,600419,天润乳业,XSHG,active,C14食品制造业,证监会行业分类,2026-09-28,baostock
2026-09-30,600420,国药现代,XSHG,active,C27医药制造业,证监会行业分类,2026-09-28,baostock
2026-09-30,600422,昆药集团,XSHG,active,C27医药制造业,证监会行业分类,2026-09-28,baostock
2026-09-30,600423,*ST柳化,XSHG,active,C26化学原料和化学制品制造业,证监会行业分类,2026-09-28,baostock
2026-09-30,600425,青松建化,XSHG,active,C30非金属矿物制品业,证监会行业分类,2026-09-28,baostock
2026-09-30,600426,华鲁恒升,XSHG,active,C26化学原料和化学制品制造业,证监会行业分类,2026-09-28,baostock
2026-09-30,600428,中远海特,XSHG,active,G55水上运输业,证监会行业分类,2026-09-28,baostock
2026-09-30,600429,三元股份,XSHG,active,C14食品制造业,证监会行业分类,2026-09-28,baostock
2026-09-30,600433,冠豪高新,XSHG,active,C22造纸和纸制品业,证监会行业分类,2026-09-28,baostock
2026-09-30,600435,北方导航,XSHG,active,C39计算机、通信和其他电子设备制造业,证监会行业分类,2026-09-28,baostock
2026-09-30,600436,片仔癀,XSHG,active,C27医药制造业,证监会行业分类,2026-09-28,baostock
2026-09-30,600438,通威股份,XSHG,active,C38电气机械和器材制造业,证监会行业分类,2026-09-28,baostock
2026-09-30,600439,ST瑞贝卡,XSHG,active,C19皮革、毛皮、羽毛及其制品和制鞋业,证监会行业分类,2026-09-28,baostock
2026-09-30,600444,国机通用,XSHG,active,C35专用设备制造业,证监会行业分类,2026-09-28,baostock
2026-09-30,600446,金证股份,XSHG,active,I65软件和信息技术服务业,证监会行业分类,2026-09-28,baostock
2026-09-30,600448,华纺股份,XSHG,active,C17纺织业,证监会行业分类,2026-09-28,baostock
2026-09-30,600449,宁夏建材,XSHG,active,C30非金属矿物制品业,证监会行业分类,2026-09-28,baostock
2026-09-30,600452,涪陵电力,XSHG,active,D44电力、热力生产和供应业,证监会行业分类,2026-09-28,baostock
2026-09-30,600455,博通股份,XSHG,active,P83教育,证监会行业分类,2026-09-28,baostock
2026-09-30,600456,宝钛股份,XSHG,active,C32有色金属冶炼和压延加工业,证监会行业分类,2026-09-28,baostock
2026-09-30,600458,时代新材,XSHG,active,C29橡胶和塑料制品业,证监会行业分类,2026-09-28,baostock
2026-09-30,600459,贵研铂业,XSHG,active,C32有色金属冶炼和压延加工业,证监会行业分类,2026-09-28,baostock
2026-09-30,600460,士兰微,XSHG,active,C39计算机、通信和其他电子设备制造业,证监会行业分类,2026-09-28,baostock
2026-09-30,600461,洪城环境,XSHG,active,D46水的生产和供应业,证监会行业分类,2026-09-28,baostock
2026-09-30,600463,空港股份,XSHG,active,E48土木工程建筑业,证监会行业分类,2026-09-28,baostock
2026-09-30,600467,好当家,XSHG,active,A04渔业,证监会行业分类,2026-09-28,baostock
2026-09-30,600468,百利电气,XSHG,active,C38电气机械和器材制造业,证监会行业分类,2026-09-28,baostock
2026-09-30,600469,风神股份,XSHG,active,C29橡胶和塑料制品业,证监会行业分类,2026-09-28,baostock
2026-09-30,600470,六国化工,XSHG,active,C26化学原料和化学制品制造业,证监会行业分类,2026-09-28,baostock
2026-09-30,600475,华光环能,XSHG,active,N77生态保护和环境治理业,证监会行业分类,2026-09-28,baostock
2026-09-30,600476,*ST湘邮,XSHG,active,I65软件和信息技术服务业,证监会行业分类,2026-09-28,baostock
2026-09-30,600477,杭萧钢构,XSHG,active,C33金属制品业,证监会行业分类,2026-09-28,baostock
2026-09-30,600478,科力远,XSHG,active,C38电气机械和器材制造业,证监会行业分类,2026-09-28,baostock
2026-09-30,600479,千金药业,XSHG,active,C27医药制造业,证监会行业分类,2026-09-28,baostock
2026-09-30,600480,凌云股份,XSHG,active,C36汽车制造业,证监会行业分类,2026-09-28,baostock
2026-09-30,600481,双良节能,XSHG,active,C34通用设备制造业,证监会行业分类,2026-09-28,baostock
2026-09-30,600482,中国动力,XSHG,active,C37铁路、船舶、航空航天和其他运输设备制造业,证监会行业分类,2026-09-28,baostock
2026-09-30,600483,福能股份,XSHG,active,D44电力、热力生产和供应业,证监会行业分类,2026-09-28,baostock
2026-09-30,600486,扬农化工,XSHG,active,C26化学原料和化学制品制造业,证监会行业分类,2026-09-28,baostock
2026-09-30,600487,亨通光电,XSHG,active,C38电气机械和器材制造业,证监会行业分类,2026-09-28,baostock
2026-09-30,600488,津药药业,XSHG,active,C27医药制造业,证监会行业分类,2026-09-28,baostock
2026-09-30,600489,中金黄金,XSHG,active,B09有色金属矿采选业,证监会行业分类,2026-09-28,baostock
2026-09-30,600490,鹏欣资源,XSHG,active,C32有色金属冶炼和压延加工业,证监会行业分类,2026-09-28,baostock
2026-09-30,600491,ST龙元,XSHG,active,E48土木工程建筑业,证监会行业分类,2026-09-28,baostock
2026-09-30,600493,凤竹纺织,XSHG,active,C17纺织业,证监会行业分类,2026-09-28,baostock
2026-09-30,600495,晋西车轴,XSHG,active,C37铁路、船舶、航空航天和其他运输设备制造业,证监会行业分类,2026-09-28,baostock
2026-09-30,600496,精工钢构,XSHG,active,C33金属制品业,证监会行业分类,2026-09-28,baostock
2026-09-30,600497,驰宏锌锗,XSHG,active,C32有色金属冶炼和压延加工业,证监会行业分类,2026-09-28,baostock
2026-09-30,600498,烽火通信,XSHG,active,C39计算机、通信和其他电子设备制造业,证监会行业分类,2026-09-28,baostock
2026-09-30,600499,科达制造,XSHG,active,C35专用设备制造业,证监会行业分类,2026-09-28,baostock
2026-09-30,600500,中化国际,XSHG,active,C26化学原料和化学制品制造业,证监会行业分类,2026-09-28,baostock
2026-09-30,600501,航天晨光,XSHG,active,C35专用设备制造业,证监会行业分类,2026-09-28,baostock
2026-09-30,600502,安徽建工,XSHG,active,E48土木工程建筑业,证监会行业分类,2026-09-28,baostock
2026-09-30,600503,华丽家族,XSHG,active,K70房地产业,证监会行业分类,2026-09-28,baostock
2026-09-30,600505,西昌电力,XSHG,active,D44电力、热力生产和供应业,证监会行业分类,2026-09-28,baostock
2026-09-30,600506,统一股份,XSHG,active,C25石油、煤炭及其他燃料加工业,证监会行业分类,2026-09-28,baostock
2026-09-30,600507,方大特钢,XSHG,active,C31黑色金属冶炼和压延加工业,证监会行业分类,2026-09-28,baostock
2026-09-30,600508,上海能源,XSHG,active,B06煤炭开采和洗选业,证监会行业分类,2026-09-28,baostock
2026-09-30,600509,天富能源,XSHG,active,D44电力、热力生产和供应业,证监会行业分类,2026-09-28,baostock
2026-09-30,600510,黑牡丹,XSHG,active,K70房地产业,证监会行业分类,2026-09-28,baostock
2026-09-30,600511,国药股份,XSHG,active,F51批发业,证监会行业分类,2026-09-28,baostock
2026-09-30,600512,腾达建设,XSHG,active,E48土木工程建筑业,证监会行业分类,2026-09-28,baostock
2026-09-30,600513,联环药业,XSHG,active,C27医药制造业,证监会行业分类,2026-09-28,baostock
2026-09-30,600515,海南机场,XSHG,active,K70房地产业,证监会行业分类,2026-09-28,baostock
2026-09-30,600516,方大炭素,XSHG,active,C30非金属矿物制品业,证监会行业分类,2026-09-28,baostock
2026-09-30,600517,国网英大,XSHG,active,J69其他金融业,证监会行业分类,2026-09-28,baostock
2026-09-30,600518,康美药业,XSHG,active,C27医药制造业,证监会行业分类,2026-09-28,baostock
2026-09-30,600519,贵州茅台,XSHG,active,C15酒、饮料和精制茶制造业,证监会行业分类,2026-09-28,baostock
2026-09-30,600520,三佳科技,XSHG,active,C35专用设备制造业,证监会行业分类,2026-09-28,baostock
2026-09-30,600521,华海药业,XSHG,active,C27医药制造业,证监会行业分类,2026-09-28,baostock
2026-09-30,600522,中天科技,XSHG,active,C38电气机械和器材制造业,证监会行业分类,2026-09-28,baostock
2026-09-30,600523,贵航股份,XSHG,active,C36汽车制造业,证监会行业分类,2026-09-28,baostock
2026-09-30,600525,长园集团,XSHG,active,C38电气机械和器材制造业,证监会行业分类,2026-09-28,baostock
2026-09-30,600526,菲达环保,XSHG,active,C35专用设备制造业,证监会行业分类,2026-09-28,baostock
2026-09-30,600527,江南高纤,XSHG,active,C28化学纤维制造业,证监会行业分类,2026-09-28,baostock
2026-09-30,600528,中铁工业,XSHG,active,C35专用设备制造业,证监会行业分类,2026-09-28,baostock
2026-09-30,600529,山东药玻,XSHG,active,C30非金属矿物制品业,证监会行业分类,2026-09-28,baostock
2026-09-30,600530,ST交昂,XSHG,active,C14食品制造业,证监会行业分类,2026-09-28,baostock
2026-09-30,600531,豫光金铅,XSHG,active,C32有色金属冶炼和压延加工业,证监会行业分类,2026-09-28,baostock
2026-09-30,600533,栖霞建设,XSHG,active,K70房地产业,证监会行业分类,2026-09-28,baostock
2026-09-30,600535,天士力,XSHG,active,C27医药制造业,证监会行业分类,2026-09-28,baostock
2026-09-30,600536,中国软件,XSHG,active,I65软件和信息技术服务业,证监会行业分类,2026-09-28,baostock
2026-09-30,600537,*ST亿晶,XSHG,active,C38电气机械和器材制造业,证监会行业分类,2026-09-28,baostock
2026-09-30,600538,国发股份,XSHG,active,F51批发业,证监会行业分类,2026-09-28,baostock
2026-09-30,600539,狮头股份,XSHG,active,F52零售业,证监会行业分类,2026-09-28,baostock
2026-09-30,600540,新赛股份,XSHG,active,A01农业,证监会行业分类,2026-09-28,baostock
2026-09-30,600543,*ST莫高,XSHG,active,C15酒、饮料和精制茶制造业,证监会行业分类,2026-09-28,baostock
2026-09-30,600545,卓郎智能,XSHG,active,C35专用设备制造业,证监会行业分类,2026-09-28,baostock
2026-09-30,600546,山煤国际,XSHG,active,B06煤炭开采和洗选业,证监会行业分类,2026-09-28,baostock
2026-09-30,600547,山东黄金,XSHG,active,B09有色金属矿采选业,证监会行业分类,2026-09-28,baostock
2026-09-30,600548,深高速,XSHG,active,G54道路运输业,证监会行业分类,2026-09-28,baostock
2026-09-30,600549,厦门钨业,XSHG,active,C32有色金属冶炼和压延加工业,证监会行业分类,2026-09-28,baostock
2026-09-30,600550,保变电气,XSHG,active,C38电气机械和器材制造业,证监会行业分类,2026-09-28,baostock
2026-09-30,600551,时代出版,XSHG,active,R86新闻和出版业,证监会行业分类,2026-09-28,baostock
2026-09-30,600552,凯盛科技,XSHG,active,C39计算机、通信和其他电子设备制造业,证监会行业分类,2026-09-28,baostock
2026-09-30,600556,天下秀,XSHG,active,I64互联网和相关服务,证监会行业分类,2026-09-28,baostock
2026-09-30,600557,康缘药业,XSHG,active,C27医药制造业,证监会行业分类,2026-09-28,baostock
2026-09-30,600558,大西洋,XSHG,active,C33金属制品业,证监会行业分类,2026-09-28,baostock
2026-09-30,600559,老白干酒,XSHG,active,C15酒、饮料和精制茶制造业,证监会行业分类,2026-09-28,baostock
2026-09-30,600560,金自天正,XSHG,active,C35专用设备制造业,证监会行业分类,2026-09-28,baostock
2026-09-30,600561,江西长运,XSHG,active,G54道路运输业,证监会行业分类,2026-09-28,baostock
2026-09-30,600562,国睿科技,XSHG,active,C39计算机、通信和其他电子设备制造业,证监会行业分类,2026-09-28,baostock
2026-09-30,600563,法拉电子,XSHG,active,C39计算机、通信和其他电子设备制造业,证监会行业分类,2026-09-28,baostock
2026-09-30,600566,济川药业,XSHG,active,C27医药制造业,证监会行业分类,2026-09-28,baostock
2026-09-30,600567,山鹰国际,XSHG,active,C22造纸和纸制品业,证监会行业分类,2026-09-28,baostock
2026-09-30,600568,ST中珠,XSHG,active,Q84卫生,证监会行业分类,2026-09-28,baostock
2026-09-30,600569,安阳钢铁,XSHG,active,C31黑色金属冶炼和压延加工业,证监会行业分类,2026-09-28,baostock
2026-09-30,600570,恒生电子,XSHG,active,I65软件和信息技术服务业,证监会行业分类,2026-09-28,baostock
2026-09-30,600571,信雅达,XSHG,active,I65软件和信息技术服务业,证监会行业分类,2026-09-28,baostock
2026-09-30,600572,康恩贝,XSHG,active,C27医药制造业,证监会行业分类,2026-09-28,baostock
2026-09-30,600573,惠泉啤酒,XSHG,active,C15酒、饮料和精制茶制造业,证监会行业分类,2026-09-28,baostock
2026-09-30,600575,淮河能源,XSHG,active,G55水上运输业,证监会行业分类,2026-09-28,baostock
2026-09-30,600576,祥源文旅,XSHG,active,N78公共设施管理业,证监会行业分类,2026-09-28,baostock
2026-09-30,600577,精达股份,XSHG,active,C38电气机械和器材制造业,证监会行业分类,2026-09-28,baostock
2026-09-30,600578,京能电力,XSHG,active,D44电力、热力生产和供应业,证监会行业分类,2026-09-28,baostock
2026-09-30,600579,中化装备,XSHG,active,C35专用设备制造业,证监会行业分类,2026-09-28,baostock
2026-09-30,600580,卧龙电驱,XSHG,active,C38电气机械和器材制造业,证监会行业分类,2026-09-28,baostock
2026-09-30,600581,*ST八钢,XSHG,active,C31黑色金属冶炼和压延加工业,证监会行业分类,2026-09-28,baostock
2026-09-30,600582,天地科技,XSHG,active,C35专用设备制造业,证监会行业分类,2026-09-28,baostock
2026-09-30,600583,海油工程,XSHG,active,B11开采专业及辅助性活动,证监会行业分类,2026-09-28,baostock
2026-09-30,600584,长电科技,XSHG,active,C39计算机、通信和其他电子设备制造业,证监会行业分类,2026-09-28,baostock
2026-09-30,600585,海螺水泥,XSHG,active,C30非金属矿物制品业,证监会行业分类,2026-09-28,baostock
2026-09-30,600586,金晶科技,XSHG,active,C30非金属矿物制品业,证监会行业分类,2026-09-28,baostock
2026-09-30,600587,新华医疗,XSHG,active,C35专用设备制造业,证监会行业分类,2026-09-28,baostock
2026-09-30,600588,用友网络,XSHG,active,I65软件和信息技术服务业,证监会行业分类,2026-09-28,baostock
2026-09-30,600589,大位科技,XSHG,active,I65软件和信息技术服务业,证监会行业分类,2026-09-28,baostock
2026-09-30,600590,泰豪科技,XSHG,active,C38电气机械和器材制造业,证监会行业分类,2026-09-28,baostock
2026-09-30,600592,龙溪股份,XSHG,active,C34通用设备制造业,证监会行业分类,2026-09-28,baostock
2026-09-30,600593,大连圣亚,XSHG,active,N78公共设施管理业,证监会行业分类,2026-09-28,baostock
2026-09-30,600594,益佰制药,XSHG,active,C27医药制造业,证监会行业分类,2026-09-28,baostock
2026-09-30,600595,中孚实业,XSHG,active,C32有色金属冶炼和压延加工业,证监会行业分类,2026-09-28,baostock
2026-09-30,600596,新安股份,XSHG,active,C26化学原料和化学制品制造业,证监会行业分类,2026-09-28,baostock
2026-09-30,600597,光明乳业,XSHG,active,C14食品制造业,证监会行业分类,2026-09-28,baostock
2026-09-30,600598,北大荒,XSHG,active,A01农业,证监会行业分类,2026-09-28,baostock
2026-09-30,600600,青岛啤酒,XSHG,active,C15酒、饮料和精制茶制造业,证监会行业分类,2026-09-28,baostock
2026-09-30,600601,方正科技,XSHG,active,C39计算机、通信和其他电子设备制造业,证监会行业分类,2026-09-28,baostock
2026-09-30,600602,云赛智联,XSHG,active,I65软件和信息技术服务业,证监会行业分类,2026-09-28,baostock
2026-09-30,600603,广汇物流,XSHG,active,G53铁路运输业,证监会行业分类,2026-09-28,baostock
2026-09-30,600604,市北高新,XSHG,active,K70房地产业,证监会行业分类,2026-09-28,baostock
2026-09-30,600605,汇通能源,XSHG,active,K70房地产业,证监会行业分类,2026-09-28,baostock
2026-09-30,600606,绿地控股,XSHG,active,E48土木工程建筑业,证监会行业分类,2026-09-28,baostock
2026-09-30,600609,金杯汽车,XSHG,active,C36汽车制造业,证监会行业分类,2026-09-28,baostock
2026-09-30,600610,中毅达,XSHG,active,C26化学原料和化学制品制造业,证监会行业分类,2026-09-28,baostock
2026-09-30,600611,大众交通,XSHG,active,G54道路运输业,证监会行业分类,2026-09-28,baostock
2026-09-30,600612,老凤祥,XSHG,active,C24文教、工美、体育和娱乐用品制造业,证监会行业分类,2026-09-28,baostock
2026-09-30,600613,神奇制药,XSHG,active,C27医药制造业,证监会行业分类,2026-09-28,baostock
2026-09-30,600615,鑫源智造,XSHG,active,C33金属制品业,证监会行业分类,2026-09-28,baostock
2026-09-30,600616,金枫酒业,XSHG,active,C15酒、饮料和精制茶制造业,证监会行业分类,2026-09-28,baostock
2026-09-30,600617,国新能源,XSHG,active,D45燃气生产和供应业,证监会行业分类,2026-09-28,baostock
2026-09-30,600618,氯碱化工,XSHG,active,C26化学原料和化学制品制造业,证监会行业分类,2026-09-28,baostock
2026-09-30,600619,海立股份,XSHG,active,C34通用设备制造业,证监会行业分类,2026-09-28,baostock
2026-09-30,600620,天宸股份,XSHG,active,S91综合,证监会行业分类,2026-09-28,baostock
2026-09-30,600621,华鑫股份,XSHG,active,J67资本市场服务,证监会行业分类,2026-09-28,baostock
2026-09-30,600622,光大嘉宝,XSHG,active,K70房地产业,证监会行业分类,2026-09-28,baostock
2026-09-30,600623,华谊集团,XSHG,active,C26化学原料和化学制品制造业,证监会行业分类,2026-09-28,baostock
2026-09-30,600624,ST复华,XSHG,active,C27医药制造业,证监会行业分类,2026-09-28,baostock
2026-09-30,600626,申达股份,XSHG,active,C17纺织业,证监会行业分类,2026-09-28,baostock
2026-09-30,600628,新世界,XSHG,active,F52零售业,证监会行业分类,2026-09-28,baostock
2026-09-30,600629,华建集团,XSHG,active,M74专业技术服务业,证监会行业分类,2026-09-28,baostock
2026-09-30,600630,龙头股份,XSHG,active,C18纺织服装、服饰业,证监会行业分类,2026-09-28,baostock
2026-09-30,600633,浙数文化,XSHG,active,I64互联网和相关服务,证监会行业分类,2026-09-28,baostock
2026-09-30,600635,大众公用,XSHG,active,D45燃气生产和供应业,证监会行业分类,2026-09-28,baostock
2026-09-30,600637,东方明珠,XSHG,active,I63电信、广播电视和卫星传输服务,证监会行业分类,2026-09-28,baostock
2026-09-30,600638,新黄浦,XSHG,active,K70房地产业,证监会行业分类,2026-09-28,baostock
2026-09-30,600639,浦东金桥,XSHG,active,K70房地产业,证监会行业分类,2026-09-28,baostock
2026-09-30,600640,国脉文化,XSHG,active,I64互联网和相关服务,证监会行业分类,2026-09-28,baostock
2026-09-30,600641,先导基电,XSHG,active,K70房地产业,证监会行业分类,2026-09-28,baostock
2026-09-30,600642,申能股份,XSHG,active,D44电力、热力生产和供应业,证监会行业分类,2026-09-28,baostock
2026-09-30,600643,爱建集团,XSHG,active,J69其他金融业,证监会行业分类,2026-09-28,baostock
2026-09-30,600644,乐山电力,XSHG,active,D44电力、热力生产和供应业,证监会行业分类,2026-09-28,baostock
2026-09-30,600645,中源协和,XSHG,active,C27医药制造业,证监会行业分类,2026-09-28,baostock
2026-09-30,600648,外高桥,XSHG,active,F51批发业,证监会行业分类,2026-09-28,baostock
2026-09-30,600649,城投控股,XSHG,active,K70房地产业,证监会行业分类,2026-09-28,baostock
2026-09-30,600650,锦江在线,XSHG,active,G54道路运输业,证监会行业分类,2026-09-28,baostock
2026-09-30,600651,飞乐音响,XSHG,active,C38电气机械和器材制造业,证监会行业分类,2026-09-28,baostock
2026-09-30,600653,申华控股,XSHG,active,F52零售业,证监会行业分类,2026-09-28,baostock
2026-09-30,600654,中安科,XSHG,active,L72商务服务业,证监会行业分类,2026-09-28,baostock
2026-09-30,600655,豫园股份,XSHG,active,F52零售业,证监会行业分类,2026-09-28,baostock
2026-09-30,600657,信达地产,XSHG,active,K70房地产业,证监会行业分类,2026-09-28,baostock
2026-09-30,600658,电子城,XSHG,active,K70房地产业,证监会行业分类,2026-09-28,baostock
2026-09-30,600660,福耀玻璃,XSHG,active,C30非金属矿物制品业,证监会行业分类,2026-09-28,baostock
2026-09-30,600661,昂立教育,XSHG,active,P83教育,证监会行业分类,2026-09-28,baostock
2026-09-30,600662,外服控股,XSHG,active,L72商务服务业,证监会行业分类,2026-09-28,baostock
2026-09-30,600663,陆家嘴,XSHG,active,K70房地产业,证监会行业分类,2026-09-28,baostock
2026-09-30,600664,哈药股份,XSHG,active,C27医药制造业,证监会行业分类,2026-09-28,baostock
2026-09-30,600665,天地源,XSHG,active,K70房地产业,证监会行业分类,2026-09-28,baostock
2026-09-30,600666,奥瑞德,XSHG,active,C30非金属矿物制品业,证监会行业分类,2026-09-28,baostock
2026-09-30,600667,太极实业,XSHG,active,E48土木工程建筑业,证监会行业分类,2026-09-28,baostock
2026-09-30,600668,尖峰集团,XSHG,active,C30非金属矿物制品业,证监会行业分类,2026-09-28,baostock
2026-09-30,600671,天目药业,XSHG,active,C27医药制造业,证监会行业分类,2026-09-28,baostock
2026-09-30,600673,东阳光,XSHG,active,S91综合,证监会行业分类,2026-09-28,baostock
2026-09-30,600674,川投能源,XSHG,active,D44电力、热力生产和供应业,证监会行业分类,2026-09-28,baostock
2026-09-30,600675,中华企业,XSHG,active,K70房地产业,证监会行业分类,2026-09-28,baostock
2026-09-30,600676,久事动娱,XSHG,active,G54道路运输业,证监会行业分类,2026-09-28,baostock
2026-09-30,600678,ST金顶,XSHG,active,C30非金属矿物制品业,证监会行业分类,2026-09-28,baostock
2026-09-30,600679,上海凤凰,XSHG,active,C37铁路、船舶、航空航天和其他运输设备制造业,证监会行业分类,2026-09-28,baostock
2026-09-30,600681,百川能源,XSHG,active,D45燃气生产和供应业,证监会行业分类,2026-09-28,baostock
2026-09-30,600682,南京新百,XSHG,active,C27医药制造业,证监会行业分类,2026-09-28,baostock
2026-09-30,600683,京投发展,XSHG,active,K70房地产业,证监会行业分类,2026-09-28,baostock
2026-09-30,600684,珠江股份,XSHG,active,K70房地产业,证监会行业分类,2026-09-28,baostock
2026-09-30,600685,中船防务,XSHG,active,C37铁路、船舶、航空航天和其他运输设备制造业,证监会行业分类,2026-09-28,baostock
2026-09-30,600686,金龙汽车,XSHG,active,C36汽车制造业,证监会行业分类,2026-09-28,baostock
2026-09-30,600688,上海石化,XSHG,active,C25石油、煤炭及其他燃料加工业,证监会行业分类,2026-09-28,baostock
2026-09-30,600689,上海三毛,XSHG,active,F51批发业,证监会行业分类,2026-09-28,baostock
2026-09-30,600690,海尔智家,XSHG,active,C38电气机械和器材制造业,证监会行业分类,2026-09-28,baostock
2026-09-30,600691,潞化科技,XSHG,active,C26化学原料和化学制品制造业,证监会行业分类,2026-09-28,baostock
2026-09-30,600692,亚通股份,XSHG,active,K70房地产业,证监会行业分类,2026-09-28,baostock
2026-09-30,600693,东百集团,XSHG,active,F52零售业,证监会行业分类,2026-09-28,baostock
2026-09-30,600694,大商股份,XSHG,active,F52零售业,证监会行业分类,2026-09-28,baostock
2026-09-30,600697,欧亚集团,XSHG,active,F52零售业,证监会行业分类,2026-09-28,baostock
2026-09-30,600698,湖南天雁,XSHG,active,C36汽车制造业,证监会行业分类,2026-09-28,baostock
2026-09-30,600699,均胜电子,XSHG,active,C39计算机、通信和其他电子设备制造业,证监会行业分类,2026-09-28,baostock
2026-09-30,600702,舍得酒业,XSHG,active,C15酒、饮料和精制茶制造业,证监会行业分类,2026-09-28,baostock
2026-09-30,600703,三安光电,XSHG,active,C39计算机、通信和其他电子设备制造业,证监会行业分类,2026-09-28,baostock
2026-09-30,600704,物产中大,XSHG,active,F51批发业,证监会行业分类,2026-09-28,baostock
2026-09-30,600706,曲江文旅,XSHG,active,N78公共设施管理业,证监会行业分类,2026-09-28,baostock
2026-09-30,600707,彩虹股份,XSHG,active,C39计算机、通信和其他电子设备制造业,证监会行业分类,2026-09-28,baostock
2026-09-30,600708,光明地产,XSHG,active,K70房地产业,证监会行业分类,2026-09-28,baostock
2026-09-30,600710,苏美达,XSHG,active,F51批发业,证监会行业分类,2026-09-28,baostock
2026-09-30,600711,盛屯矿业,XSHG,active,B09有色金属矿采选业,证监会行业分类,2026-09-28,baostock
2026-09-30,600712,南宁百货,XSHG,active,F52零售业,证监会行业分类,2026-09-28,baostock
2026-09-30,600713,南京医药,XSHG,active,F51批发业,证监会行业分类,2026-09-28,baostock
2026-09-30,600714,金瑞矿业,XSHG,active,C26化学原料和化学制品制造业,证监会行业分类,2026-09-28,baostock
2026-09-30,600715,文投控股,XSHG,active,R87广播、电视、电影和录音制作业,证监会行业分类,2026-09-28,baostock
2026-09-30,600716,凤凰股份,XSHG,active,K70房地产业,证监会行业分类,2026-09-28,baostock
2026-09-30,600717,天津港,XSHG,active,G55水上运输业,证监会行业分类,2026-09-28,baostock
2026-09-30,600718,东软集团,XSHG,active,I65软件和信息技术服务业,证监会行业分类,2026-09-28,baostock
2026-09-30,600719,大连热电,XSHG,active,D44电力、热力生产和供应业,证监会行业分类,2026-09-28,baostock
2026-09-30,600720,中交设计,XSHG,active,M74专业技术服务业,证监会行业分类,2026-09-28,baostock
2026-09-30,600721,百花医药,XSHG,active,M73研究和试验发展,证监会行业分类,2026-09-28,baostock
2026-09-30,600722,金牛化工,XSHG,active,C26化学原料和化学制品制造业,证监会行业分类,2026-09-28,baostock
2026-09-30,600724,宁波富达,XSHG,active,C30非金属矿物制品业,证监会行业分类,2026-09-28,baostock
2026-09-30,600725,云维股份,XSHG,active,F51批发业,证监会行业分类,2026-09-28,baostock
2026-09-30,600726,华电能源,XSHG,active,D44电力、热力生产和供应业,证监会行业分类,2026-09-28,baostock
2026-09-30,600727,鲁北化工,XSHG,active,C26化学原料和化学制品制造业,证监会行业分类,2026-09-28,baostock
2026-09-30,600728,佳都科技,XSHG,active,I65软件和信息技术服务业,证监会行业分类,2026-09-28,baostock
2026-09-30,600729,重百集团,XSHG,active,F52零售业,证监会行业分类,2026-09-28,baostock
2026-09-30,600730,*ST高科,XSHG,active,P83教育,证监会行业分类,2026-09-28,baostock
2026-09-30,600731,湖南海利,XSHG,active,C26化学原料和化学制品制造业,证监会行业分类,2026-09-28,baostock
2026-09-30,600732,爱旭股份,XSHG,active,C38电气机械和器材制造业,证监会行业分类,2026-09-28,baostock
2026-09-30,600733,北汽蓝谷,XSHG,active,C36汽车制造业,证监会行业分类,2026-09-28,baostock
2026-09-30,600734,*ST实达,XSHG,active,I65软件和信息技术服务业,证监会行业分类,2026-09-28,baostock
2026-09-30,600735,ST新华锦,XSHG,active,C41其他制造业,证监会行业分类,2026-09-28,baostock
2026-09-30,600736,苏州高新,XSHG,active,K70房地产业,证监会行业分类,2026-09-28,baostock
2026-09-30,600737,中粮糖业,XSHG,active,C13农副食品加工业,证监会行业分类,2026-09-28,baostock
2026-09-30,600738,丽尚国潮,XSHG,active,F52零售业,证监会行业分类,2026-09-28,baostock
2026-09-30,600739,辽宁成大,XSHG,active,F51批发业,证监会行业分类,2026-09-28,baostock
2026-09-30,600740,山西焦化,XSHG,active,C25石油、煤炭及其他燃料加工业,证监会行业分类,2026-09-28,baostock
2026-09-30,600741,华域汽车,XSHG,active,C36汽车制造业,证监会行业分类,2026-09-28,baostock
2026-09-30,600742,富维股份,XSHG,active,C36汽车制造业,证监会行业分类,2026-09-28,baostock
2026-09-30,600743,华远控股,XSHG,active,K70房地产业,证监会行业分类,2026-09-28,baostock
2026-09-30,600744,华银电力,XSHG,active,D44电力、热力生产和供应业,证监会行业分类,2026-09-28,baostock
2026-09-30,600745,*ST闻泰,XSHG,active,C39计算机、通信和其他电子设备制造业,证监会行业分类,2026-09-28,baostock
2026-09-30,600746,江苏索普,XSHG,active,C26化学原料和化学制品制造业,证监会行业分类,2026-09-28,baostock
2026-09-30,600748,上实发展,XSHG,active,K70房地产业,证监会行业分类,2026-09-28,baostock
2026-09-30,600749,西藏旅游,XSHG,active,N78公共设施管理业,证监会行业分类,2026-09-28,baostock
2026-09-30,600750,华润江中,XSHG,active,C27医药制造业,证监会行业分类,2026-09-28,baostock
2026-09-30,600751,海航科技,XSHG,active,G55水上运输业,证监会行业分类,2026-09-28,baostock
2026-09-30,600753,ST海钦,XSHG,active,F51批发业,证监会行业分类,2026-09-28,baostock
2026-09-30,600754,锦江酒店,XSHG,active,H61住宿业,证监会行业分类,2026-09-28,baostock
2026-09-30,600755,厦门国贸,XSHG,active,L72商务服务业,证监会行业分类,2026-09-28,baostock
2026-09-30,600756,浪潮软件,XSHG,active,I65软件和信息技术服务业,证监会行业分类,2026-09-28,baostock
2026-09-30,600757,长江传媒,XSHG,active,R86新闻和出版业,证监会行业分类,2026-09-28,baostock
2026-09-30,600758,辽宁能源,XSHG,active,B06煤炭开采和洗选业,证监会行业分类,2026-09-28,baostock
2026-09-30,600759,ST洲际,XSHG,active,B07石油和天然气开采业,证监会行业分类,2026-09-28,baostock
2026-09-30,600760,中航沈飞,XSHG,active,C37铁路、船舶、航空航天和其他运输设备制造业,证监会行业分类,2026-09-28,baostock
2026-09-30,600761,安徽合力,XSHG,active,C34通用设备制造业,证监会行业分类,2026-09-28,baostock
2026-09-30,600763,通策医疗,XSHG,active,Q84卫生,证监会行业分类,2026-09-28,baostock
2026-09-30,600764,中国海防,XSHG,active,C39计算机、通信和其他电子设备制造业,证监会行业分类,2026-09-28,baostock
2026-09-30,600765,中航重机,XSHG,active,C37铁路、船舶、航空航天和其他运输设备制造业,证监会行业分类,2026-09-28,baostock
2026-09-30,600768,富邦新材,XSHG,active,C32有色金属冶炼和压延加工业,证监会行业分类,2026-09-28,baostock
2026-09-30,600769,祥龙电业,XSHG,active,D46水的生产和供应业,证监会行业分类,2026-09-28,baostock
2026-09-30,600770,综艺股份,XSHG,active,D44电力、热力生产和供应业,证监会行业分类,2026-09-28,baostock
2026-09-30,600771,广誉远,XSHG,active,C27医药制造业,证监会行业分类,2026-09-28,baostock
2026-09-30,600773,西藏城投,XSHG,active,K70房地产业,证监会行业分类,2026-09-28,baostock
2026-09-30,600774,汉商集团,XSHG,active,C27医药制造业,证监会行业分类,2026-09-28,baostock
2026-09-30,600775,南京熊猫,XSHG,active,C39计算机、通信和其他电子设备制造业,证监会行业分类,2026-09-28,baostock
2026-09-30,600776,东方通信,XSHG,active,C39计算机、通信和其他电子设备制造业,证监会行业分类,2026-09-28,baostock
2026-09-30,600777,新潮能源,XSHG,active,B07石油和天然气开采业,证监会行业分类,2026-09-28,baostock
2026-09-30,600778,友好集团,XSHG,active,F52零售业,证监会行业分类,2026-09-28,baostock
2026-09-30,600779,水井坊,XSHG,active,C15酒、饮料和精制茶制造业,证监会行业分类,2026-09-28,baostock
2026-09-30,600780,通宝能源,XSHG,active,D44电力、热力生产和供应业,证监会行业分类,2026-09-28,baostock
2026-09-30,600782,新钢股份,XSHG,active,C31黑色金属冶炼和压延加工业,证监会行业分类,2026-09-28,baostock
2026-09-30,600783,鲁信创投,XSHG,active,J67资本市场服务,证监会行业分类,2026-09-28,baostock
2026-09-30,600784,鲁银投资,XSHG,active,C14食品制造业,证监会行业分类,2026-09-28,baostock
2026-09-30,600785,新华百货,XSHG,active,F52零售业,证监会行业分类,2026-09-28,baostock
2026-09-30,600787,中储股份,XSHG,active,G59装卸搬运和仓储业,证监会行业分类,2026-09-28,baostock
2026-09-30,600789,鲁抗医药,XSHG,active,C27医药制造业,证监会行业分类,2026-09-28,baostock
2026-09-30,600790,轻纺城,XSHG,active,L72商务服务业,证监会行业分类,2026-09-28,baostock
2026-09-30,600791,京能置业,XSHG,active,K70房地产业,证监会行业分类,2026-09-28,baostock
2026-09-30,600792,云煤能源,XSHG,active,C25石油、煤炭及其他燃料加工业,证监会行业分类,2026-09-28,baostock
2026-09-30,600793,宜宾纸业,XSHG,active,C22造纸和纸制品业,证监会行业分类,2026-09-28,baostock
2026-09-30,600794,保税科技,XSHG,active,G59装卸搬运和仓储业,证监会行业分类,2026-09-28,baostock
2026-09-30,600795,国电电力,XSHG,active,D44电力、热力生产和供应业,证监会行业分类,2026-09-28,baostock
2026-09-30,600796,钱江生化,XSHG,active,D46水的生产和供应业,证监会行业分类,2026-09-28,baostock
2026-09-30,600797,浙大网新,XSHG,active,I65软件和信息技术服务业,证监会行业分类,2026-09-28,baostock
2026-09-30,600798,宁波海运,XSHG,active,G55水上运输业,证监会行业分类,2026-09-28,baostock
2026-09-30,600800,渤海化学,XSHG,active,C26化学原料和化学制品制造业,证监会行业分类,2026-09-28,baostock
2026-09-30,600801,华新建材,XSHG,active,C30非金属矿物制品业,证监会行业分类,2026-09-28,baostock
2026-09-30,600802,福建水泥,XSHG,active,C30非金属矿物制品业,证监会行业分类,2026-09-28,baostock
2026-09-30,600803,新奥股份,XSHG,active,D45燃气生产和供应业,证监会行业分类,2026-09-28,baostock
2026-09-30,600805,悦达投资,XSHG,active,S91综合,证监会行业分类,2026-09-28,baostock
2026-09-30,600807,济高发展,XSHG,active,C27医药制造业,证监会行业分类,2026-09-28,baostock
2026-09-30,600808,马钢股份,XSHG,active,C31黑色金属冶炼和压延加工业,证监会行业分类,2026-09-28,baostock
2026-09-30,600809,山西汾酒,XSHG,active,C15酒、饮料和精制茶制造业,证监会行业分类,2026-09-28,baostock
2026-09-30,600810,神马股份,XSHG,active,C28化学纤维制造业,证监会行业分类,2026-09-28,baostock
2026-09-30,600812,华北制药,XSHG,active,C27医药制造业,证监会行业分类,2026-09-28,baostock
2026-09-30,600814,杭州解百,XSHG,active,F52零售业,证监会行业分类,2026-09-28,baostock
2026-09-30,600815,厦工股份,XSHG,active,C35专用设备制造业,证监会行业分类,2026-09-28,baostock
2026-09-30,600816,建元信托,XSHG,active,J69其他金融业,证监会行业分类,2026-09-28,baostock
2026-09-30,600817,宇通重工,XSHG,active,C35专用设备制造业,证监会行业分类,2026-09-28,baostock
2026-09-30,600818,ST中路,XSHG,active,C37铁路、船舶、航空航天和其他运输设备制造业,证监会行业分类,2026-09-28,baostock
2026-09-30,600819,耀皮玻璃,XSHG,active,C30非金属矿物制品业,证监会行业分类,2026-09-28,baostock
2026-09-30,600820,隧道股份,XSHG,active,E48土木工程建筑业,证监会行业分类,2026-09-28,baostock
2026-09-30,600821,金开新能,XSHG,active,D44电力、热力生产和供应业,证监会行业分类,2026-09-28,baostock
2026-09-30,600822,上海物贸,XSHG,active,F51批发业,证监会行业分类,2026-09-28,baostock
2026-09-30,600824,益民集团,XSHG,active,F52零售业,证监会行业分类,2026-09-28,baostock
2026-09-30,600825,新华传媒,XSHG,active,R86新闻和出版业,证监会行业分类,2026-09-28,baostock
2026-09-30,600826,兰生股份,XSHG,active,L72商务服务业,证监会行业分类,2026-09-28,baostock
2026-09-30,600827,百联股份,XSHG,active,F52零售业,证监会行业分类,2026-09-28,baostock
2026-09-30,600828,茂业商业,XSHG,active,F52零售业,证监会行业分类,2026-09-28,baostock
2026-09-30,600829,人民同泰,XSHG,active,F51批发业,证监会行业分类,2026-09-28,baostock
2026-09-30,600830,香溢融通,XSHG,active,J69其他金融业,证监会行业分类,2026-09-28,baostock
2026-09-30,600831,广电网络,XSHG,active,I63电信、广播电视和卫星传输服务,证监会行业分类,2026-09-28,baostock
2026-09-30,600833,第一医药,XSHG,active,F52零售业,证监会行业分类,2026-09-28,baostock
2026-09-30,600834,申通地铁,XSHG,active,S91综合,证监会行业分类,2026-09-28,baostock
2026-09-30,600835,上海机电,XSHG,active,C34通用设备制造业,证监会行业分类,2026-09-28,baostock
2026-09-30,600838,上海九百,XSHG,active,F52零售业,证监会行业分类,2026-09-28,baostock
2026-09-30,600839,四川长虹,XSHG,active,C39计算机、通信和其他电子设备制造业,证监会行业分类,2026-09-28,baostock
2026-09-30,600841,动力新科,XSHG,active,C34通用设备制造业,证监会行业分类,2026-09-28,baostock
2026-09-30,600843,上工申贝,XSHG,active,C35专用设备制造业,证监会行业分类,2026-09-28,baostock
2026-09-30,600844,金煤科技,XSHG,active,C26化学原料和化学制品制造业,证监会行业分类,2026-09-28,baostock
2026-09-30,600845,宝信软件,XSHG,active,I65软件和信息技术服务业,证监会行业分类,2026-09-28,baostock
2026-09-30,600846,同济科技,XSHG,active,E48土木工程建筑业,证监会行业分类,2026-09-28,baostock
2026-09-30,600847,万里股份,XSHG,active,C38电气机械和器材制造业,证监会行业分类,2026-09-28,baostock
2026-09-30,600848,上海临港,XSHG,active,K70房地产业,证监会行业分类,2026-09-28,baostock
2026-09-30,600850,电科数字,XSHG,active,I65软件和信息技术服务业,证监会行业分类,2026-09-28,baostock
2026-09-30,600851,海欣股份,XSHG,active,C27医药制造业,证监会行业分类,2026-09-28,baostock
2026-09-30,600853,龙建股份,XSHG,active,E48土木工程建筑业,证监会行业分类,2026-09-28,baostock
2026-09-30,600854,春兰股份,XSHG,active,C38电气机械和器材制造业,证监会行业分类,2026-09-28,baostock
2026-09-30,600855,航天长峰,XSHG,active,C35专用设备制造业,证监会行业分类,2026-09-28,baostock
2026-09-30,600857,宁波中百,XSHG,active,F52零售业,证监会行业分类,2026-09-28,baostock
2026-09-30,600858,银座股份,XSHG,active,F52零售业,证监会行业分类,2026-09-28,baostock
2026-09-30,600859,王府井,XSHG,active,F52零售业,证监会行业分类,2026-09-28,baostock
2026-09-30,600860,京城股份,XSHG,active,C35专用设备制造业,证监会行业分类,2026-09-28,baostock
2026-09-30,600861,北京人力,XSHG,active,L72商务服务业,证监会行业分类,2026-09-28,baostock
2026-09-30,600862,中航高科,XSHG,active,C37铁路、船舶、航空航天和其他运输设备制造业,证监会行业分类,2026-09-28,baostock
2026-09-30,600863,华能蒙电,XSHG,active,D44电力、热力生产和供应业,证监会行业分类,2026-09-28,baostock
2026-09-30,600864,哈投股份,XSHG,active,J67资本市场服务,证监会行业分类,2026-09-28,baostock
2026-09-30,600865,百大集团,XSHG,active,F52零售业,证监会行业分类,2026-09-28,baostock
2026-09-30,600866,星湖科技,XSHG,active,C14食品制造业,证监会行业分类,2026-09-28,baostock
2026-09-30,600867,通化东宝,XSHG,active,C27医药制造业,证监会行业分类,2026-09-28,baostock
2026-09-30,600868,梅雁吉祥,XSHG,active,D44电力、热力生产和供应业,证监会行业分类,2026-09-28,baostock
2026-09-30,600869,远东股份,XSHG,active,C38电气机械和器材制造业,证监会行业分类,2026-09-28,baostock
2026-09-30,600871,石化油服,XSHG,active,B11开采专业及辅助性活动,证监会行业分类,2026-09-28,baostock
2026-09-30,600872,中炬高新,XSHG,active,C14食品制造业,证监会行业分类,2026-09-28,baostock
2026-09-30,600873,梅花生物,XSHG,active,C14食品制造业,证监会行业分类,2026-09-28,baostock
2026-09-30,600874,创业环保,XSHG,active,D46水的生产和供应业,证监会行业分类,2026-09-28,baostock
2026-09-30,600875,东方电气,XSHG,active,C34通用设备制造业,证监会行业分类,2026-09-28,baostock
2026-09-30,600876,凯盛新能,XSHG,active,C30非金属矿物制品业,证监会行业分类,2026-09-28,baostock
2026-09-30,600877,电科芯片,XSHG,active,C39计算机、通信和其他电子设备制造业,证监会行业分类,2026-09-28,baostock
2026-09-30,600879,航天电子,XSHG,active,C37铁路、船舶、航空航天和其他运输设备制造业,证监会行业分类,2026-09-28,baostock
2026-09-30,600880,博瑞传播,XSHG,active,R86新闻和出版业,证监会行业分类,2026-09-28,baostock
2026-09-30,600881,亚泰集团,XSHG,active,C30非金属矿物制品业,证监会行业分类,2026-09-28,baostock
2026-09-30,600882,妙可蓝多,XSHG,active,C14食品制造业,证监会行业分类,2026-09-28,baostock
2026-09-30,600883,博闻科技,XSHG,active,C13农副食品加工业,证监会行业分类,2026-09-28,baostock
2026-09-30,600884,杉杉股份,XSHG,active,C39计算机、通信和其他电子设备制造业,证监会行业分类,2026-09-28,baostock
2026-09-30,600885,宏发股份,XSHG,active,C38电气机械和器材制造业,证监会行业分类,2026-09-28,baostock
2026-09-30,600886,国投电力,XSHG,active,D44电力、热力生产和供应业,证监会行业分类,2026-09-28,baostock
2026-09-30,600887,伊利股份,XSHG,active,C14食品制造业,证监会行业分类,2026-09-28,baostock
2026-09-30,600888,新疆众和,XSHG,active,C39计算机、通信和其他电子设备制造业,证监会行业分类,2026-09-28,baostock
2026-09-30,600889,*ST京化,XSHG,active,C28化学纤维制造业,证监会行业分类,2026-09-28,baostock
2026-09-30,600892,大晟文化,XSHG,active,I64互联网和相关服务,证监会行业分类,2026-09-28,baostock
2026-09-30,600893,航发动力,XSHG,active,C37铁路、船舶、航空航天和其他运输设备制造业,证监会行业分类,2026-09-28,baostock
2026-09-30,600894,广日股份,XSHG,active,C34通用设备制造业,证监会行业分类,2026-09-28,baostock
2026-09-30,600895,张江高科,XSHG,active,K70房地产业,证监会行业分类,2026-09-28,baostock
2026-09-30,600897,厦门空港,XSHG,active,G56航空运输业,证监会行业分类,2026-09-28,baostock
2026-09-30,600900,长江电力,XSHG,active,D44电力、热力生产和供应业,证监会行业分类,2026-09-28,baostock
2026-09-30,600901,江苏金租,XSHG,active,J66货币金融服务,证监会行业分类,2026-09-28,baostock
2026-09-30,600903,贵州燃气,XSHG,active,D45燃气生产和供应业,证监会行业分类,2026-09-28,baostock
2026-09-30,600905,三峡能源,XSHG,active,D44电力、热力生产和供应业,证监会行业分类,2026-09-28,baostock
2026-09-30,600906,财达证券,XSHG,active,J67资本市场服务,证监会行业分类,2026-09-28,baostock
2026-09-30,600908,无锡银行,XSHG,active,J66货币金融服务,证监会行业分类,2026-09-28,baostock
2026-09-30,600909,华安证券,XSHG,active,J67资本市场服务,证监会行业分类,2026-09-28,baostock
2026-09-30,600916,中国黄金,XSHG,active,F52零售业,证监会行业分类,2026-09-28,baostock
2026-09-30,600917,重庆燃气,XSHG,active,D45燃气生产和供应业,证监会行业分类,2026-09-28,baostock
2026-09-30,600918,中泰证券,XSHG,active,J67资本市场服务,证监会行业分类,2026-09-28,baostock
2026-09-30,600919,江苏银行,XSHG,active,J66货币金融服务,证监会行业分类,2026-09-28,baostock
2026-09-30,600925,苏能股份,XSHG,active,B06煤炭开采和洗选业,证监会行业分类,2026-09-28,baostock
2026-09-30,600926,杭州银行,XSHG,active,J66货币金融服务,证监会行业分类,2026-09-28,baostock
2026-09-30,600927,永安期货,XSHG,active,J67资本市场服务,证监会行业分类,2026-09-28,baostock
2026-09-30,600928,西安银行,XSHG,active,J66货币金融服务,证监会行业分类,2026-09-28,baostock
2026-09-30,600929,雪天盐业,XSHG,active,C14食品制造业,证监会行业分类,2026-09-28,baostock
2026-09-30,600930,华电新能,XSHG,active,D44电力、热力生产和供应业,证监会行业分类,2026-09-28,baostock
2026-09-30,600933,爱柯迪,XSHG,active,C36汽车制造业,证监会行业分类,2026-09-28,baostock
2026-09-30,600935,华塑股份,XSHG,active,C26化学原料和化学制品制造业,证监会行业分类,2026-09-28,baostock
2026-09-30,600936,北投科技,XSHG,active,I63电信、广播电视和卫星传输服务,证监会行业分类,2026-09-28,baostock
2026-09-30,600938,中国海油,XSHG,active,B07石油和天然气开采业,证监会行业分类,2026-09-28,baostock
2026-09-30,600939,重庆建工,XSHG,active,E47房屋建筑业,证监会行业分类,2026-09-28,baostock
2026-09-30,600941,中国移动,XSHG,active,I63电信、广播电视和卫星传输服务,证监会行业分类,2026-09-28,baostock
2026-09-30,600955,维远股份,XSHG,active,C26化学原料和化学制品制造业,证监会行业分类,2026-09-28,baostock
2026-09-30,600956,新天绿能,XSHG,active,D45燃气生产和供应业,证监会行业分类,2026-09-28,baostock
2026-09-30,600958,东方证券,XSHG,active,J67资本市场服务,证监会行业分类,2026-09-28,baostock
2026-09-30,600959,江苏有线,XSHG,active,I63电信、广播电视和卫星传输服务,证监会行业分类,2026-09-28,baostock
2026-09-30,600960,渤海汽车,XSHG,active,C36汽车制造业,证监会行业分类,2026-09-28,baostock
2026-09-30,600961,株冶集团,XSHG,active,C32有色金属冶炼和压延加工业,证监会行业分类,2026-09-28,baostock
2026-09-30,600962,国投中鲁,XSHG,active,C15酒、饮料和精制茶制造业,证监会行业分类,2026-09-28,baostock
2026-09-30,600963,岳阳林纸,XSHG,active,C22造纸和纸制品业,证监会行业分类,2026-09-28,baostock
2026-09-30,600965,*ST福成,XSHG,active,C13农副食品加工业,证监会行业分类,2026-09-28,baostock
2026-09-30,600966,博汇纸业,XSHG,active,C22造纸和纸制品业,证监会行业分类,2026-09-28,baostock
2026-09-30,600967,内蒙一机,XSHG,active,C37铁路、船舶、航空航天和其他运输设备制造业,证监会行业分类,2026-09-28,baostock
2026-09-30,600968,海油发展,XSHG,active,B11开采专业及辅助性活动,证监会行业分类,2026-09-28,baostock
2026-09-30,600969,郴电国际,XSHG,active,D44电力、热力生产和供应业,证监会行业分类,2026-09-28,baostock
2026-09-30,600970,中材国际,XSHG,active,E48土木工程建筑业,证监会行业分类,2026-09-28,baostock
2026-09-30,600971,恒源煤电,XSHG,active,B06煤炭开采和洗选业,证监会行业分类,2026-09-28,baostock
2026-09-30,600973,宝胜股份,XSHG,active,C38电气机械和器材制造业,证监会行业分类,2026-09-28,baostock
2026-09-30,600975,新五丰,XSHG,active,A03畜牧业,证监会行业分类,2026-09-28,baostock
2026-09-30,600976,健民集团,XSHG,active,F51批发业,证监会行业分类,2026-09-28,baostock
2026-09-30,600977,中国电影,XSHG,active,R87广播、电视、电影和录音制作业,证监会行业分类,2026-09-28,baostock
2026-09-30,600979,广安爱众,XSHG,active,D44电力、热力生产和供应业,证监会行业分类,2026-09-28,baostock
2026-09-30,600980,北矿科技,XSHG,active,C35专用设备制造业,证监会行业分类,2026-09-28,baostock
2026-09-30,600981,苏豪汇鸿,XSHG,active,F51批发业,证监会行业分类,2026-09-28,baostock
2026-09-30,600982,宁波能源,XSHG,active,D44电力、热力生产和供应业,证监会行业分类,2026-09-28,baostock
2026-09-30,600983,惠而浦,XSHG,active,C38电气机械和器材制造业,证监会行业分类,2026-09-28,baostock
2026-09-30,600984,建设机械,XSHG,active,L71租赁业,证监会行业分类,2026-09-28,baostock
2026-09-30,600985,淮北矿业,XSHG,active,B06煤炭开采和洗选业,证监会行业分类,2026-09-28,baostock
2026-09-30,600986,浙文互联,XSHG,active,I64互联网和相关服务,证监会行业分类,2026-09-28,baostock
2026-09-30,600987,航民股份,XSHG,active,C17纺织业,证监会行业分类,2026-09-28,baostock
2026-09-30,600988,赤峰黄金,XSHG,active,B09有色金属矿采选业,证监会行业分类,2026-09-28,baostock
2026-09-30,600989,宝丰能源,XSHG,active,C26化学原料和化学制品制造业,证监会行业分类,2026-09-28,baostock
2026-09-30,600990,四创电子,XSHG,active,C39计算机、通信和其他电子设备制造业,证监会行业分类,2026-09-28,baostock
2026-09-30,600992,贵绳股份,XSHG,active,C33金属制品业,证监会行业分类,2026-09-28,baostock
2026-09-30,600993,马应龙,XSHG,active,C27医药制造业,证监会行业分类,2026-09-28,baostock
2026-09-30,600995,南网储能,XSHG,active,D44电力、热力生产和供应业,证监会行业分类,2026-09-28,baostock
2026-09-30,600996,贵广网络,XSHG,active,I63电信、广播电视和卫星传输服务,证监会行业分类,2026-09-28,baostock
2026-09-30,600997,开滦股份,XSHG,active,C25石油、煤炭及其他燃料加工业,证监会行业分类,2026-09-28,baostock
2026-09-30,600998,九州通,XSHG,active,F51批发业,证监会行业分类,2026-09-28,baostock
2026-09-30,600999,招商证券,XSHG,active,J67资本市场服务,证监会行业分类,2026-09-28,baostock
2026-09-30,601000,唐山港,XSHG,active,G55水上运输业,证监会行业分类,2026-09-28,baostock
2026-09-30,601001,晋控煤业,XSHG,active,B06煤炭开采和洗选业,证监会行业分类,2026-09-28,baostock
2026-09-30,601002,晋亿实业,XSHG,active,C34通用设备制造业,证监会行业分类,2026-09-28,baostock
2026-09-30,601003,柳钢股份,XSHG,active,C31黑色金属冶炼和压延加工业,证监会行业分类,2026-09-28,baostock
2026-09-30,601005,重庆钢铁,XSHG,active,C31黑色金属冶炼和压延加工业,证监会行业分类,2026-09-28,baostock
2026-09-30,601006,大秦铁路,XSHG,active,G53铁路运输业,证监会行业分类,2026-09-28,baostock
2026-09-30,601007,金陵饭店,XSHG,active,H61住宿业,证监会行业分类,2026-09-28,baostock
2026-09-30,601008,连云港,XSHG,active,G55水上运输业,证监会行业分类,2026-09-28,baostock
2026-09-30,601009,南京银行,XSHG,active,J66货币金融服务,证监会行业分类,2026-09-28,baostock
2026-09-30,601010,ST文峰,XSHG,active,F52零售业,证监会行业分类,2026-09-28,baostock
2026-09-30,601011,宝泰隆,XSHG,active,C25石油、煤炭及其他燃料加工业,证监会行业分类,2026-09-28,baostock
2026-09-30,601012,隆基绿能,XSHG,active,C38电气机械和器材制造业,证监会行业分类,2026-09-28,baostock
2026-09-30,601015,陕西黑猫,XSHG,active,C25石油、煤炭及其他燃料加工业,证监会行业分类,2026-09-28,baostock
2026-09-30,601016,节能风电,XSHG,active,D44电力、热力生产和供应业,证监会行业分类,2026-09-28,baostock
2026-09-30,601018,宁波港,XSHG,active,G55水上运输业,证监会行业分类,2026-09-28,baostock
2026-09-30,601019,山东出版,XSHG,active,R86新闻和出版业,证监会行业分类,2026-09-28,baostock
2026-09-30,601020,华钰矿业,XSHG,active,B09有色金属矿采选业,证监会行业分类,2026-09-28,baostock
2026-09-30,601021,春秋航空,XSHG,active,G56航空运输业,证监会行业分类,2026-09-28,baostock
2026-09-30,601022,宁波远洋,XSHG,active,G55水上运输业,证监会行业分类,2026-09-28,baostock
2026-09-30,601026,道生天合,XSHG,active,C26化学原料和化学制品制造业,证监会行业分类,2026-09-28,baostock
2026-09-30,601033,永兴股份,XSHG,active,N77生态保护和环境治理业,证监会行业分类,2026-09-28,baostock
2026-09-30,601038,一拖股份,XSHG,active,C35专用设备制造业,证监会行业分类,2026-09-28,baostock
2026-09-30,601058,赛轮轮胎,XSHG,active,C29橡胶和塑料制品业,证监会行业分类,2026-09-28,baostock
2026-09-30,601059,信达证券,XSHG,suspended,J67资本市场服务,证监会行业分类,2026-09-28,baostock
2026-09-30,601061,中信金属,XSHG,active,F51批发业,证监会行业分类,2026-09-28,baostock
2026-09-30,601065,江盐集团,XSHG,active,C26化学原料和化学制品制造业,证监会行业分类,2026-09-28,baostock
2026-09-30,601066,中信建投,XSHG,active,J67资本市场服务,证监会行业分类,2026-09-28,baostock
2026-09-30,601068,中铝国际,XSHG,active,E48土木工程建筑业,证监会行业分类,2026-09-28,baostock
2026-09-30,601069,西部黄金,XSHG,active,B09有色金属矿采选业,证监会行业分类,2026-09-28,baostock
2026-09-30,601077,渝农商行,XSHG,active,J66货币金融服务,证监会行业分类,2026-09-28,baostock
2026-09-30,601083,锦江航运,XSHG,active,G55水上运输业,证监会行业分类,2026-09-28,baostock
2026-09-30,601086,国芳集团,XSHG,active,F52零售业,证监会行业分类,2026-09-28,baostock
2026-09-30,601088,中国神华,XSHG,active,B06煤炭开采和洗选业,证监会行业分类,2026-09-28,baostock
2026-09-30,601089,福元医药,XSHG,active,C27医药制造业,证监会行业分类,2026-09-28,baostock
2026-09-30,601091,沈鼓集团,XSHG,active,C34通用设备制造业,证监会行业分类,2026-09-28,baostock
2026-09-30,601096,宏盛华源,XSHG,active,C33金属制品业,证监会行业分类,2026-09-28,baostock
2026-09-30,601098,中南传媒,XSHG,active,R86新闻和出版业,证监会行业分类,2026-09-28,baostock
2026-09-30,601099,太平洋,XSHG,active,J67资本市场服务,证监会行业分类,2026-09-28,baostock
2026-09-30,601100,恒立液压,XSHG,active,C34通用设备制造业,证监会行业分类,2026-09-28,baostock
2026-09-30,601101,昊华能源,XSHG,active,B06煤炭开采和洗选业,证监会行业分类,2026-09-28,baostock
2026-09-30,601106,中国一重,XSHG,active,C35专用设备制造业,证监会行业分类,2026-09-28,baostock
2026-09-30,601107,四川成渝,XSHG,active,G54道路运输业,证监会行业分类,2026-09-28,baostock
2026-09-30,601108,财通证券,XSHG,active,J67资本市场服务,证监会行业分类,2026-09-28,baostock
2026-09-30,601111,中国国航,XSHG,active,G56航空运输业,证监会行业分类,2026-09-28,baostock
2026-09-30,601112,振石股份,XSHG,active,C30非金属矿物制品业,证监会行业分类,2026-09-28,baostock
2026-09-30,601113,华鼎股份,XSHG,active,F52零售业,证监会行业分类,2026-09-28,baostock
2026-09-30,601116,三江购物,XSHG,active,F52零售业,证监会行业分类,2026-09-28,baostock
2026-09-30,601117,中国化学,XSHG,active,E48土木工程建筑业,证监会行业分类,2026-09-28,baostock
2026-09-30,601118,海南橡胶,XSHG,active,A01农业,证监会行业分类,2026-09-28,baostock
2026-09-30,601121,宝地矿业,XSHG,active,B08黑色金属矿采选业,证监会行业分类,2026-09-28,baostock
2026-09-30,601123,马矿股份,XSHG,active,B08黑色金属矿采选业,证监会行业分类,2026-09-28,baostock
2026-09-30,601126,四方股份,XSHG,active,C38电气机械和器材制造业,证监会行业分类,2026-09-28,baostock
2026-09-30,601127,赛力斯,XSHG,active,C36汽车制造业,证监会行业分类,2026-09-28,baostock
2026-09-30,601128,常熟银行,XSHG,active,J66货币金融服务,证监会行业分类,2026-09-28,baostock
2026-09-30,601133,柏诚股份,XSHG,active,E49建筑安装业,证监会行业分类,2026-09-28,baostock
2026-09-30,601136,首创证券,XSHG,active,J67资本市场服务,证监会行业分类,2026-09-28,baostock
2026-09-30,601137,博威合金,XSHG,active,C32有色金属冶炼和压延加工业,证监会行业分类,2026-09-28,baostock
2026-09-30,601138,工业富联,XSHG,active,C39计算机、通信和其他电子设备制造业,证监会行业分类,2026-09-28,baostock
2026-09-30,601139,深圳燃气,XSHG,active,D45燃气生产和供应业,证监会行业分类,2026-09-28,baostock
2026-09-30,601155,新城控股,XSHG,active,K70房地产业,证监会行业分类,2026-09-28,baostock
2026-09-30,601156,东航物流,XSHG,active,G56航空运输业,证监会行业分类,2026-09-28,baostock
2026-09-30,601158,重庆水务,XSHG,active,D46水的生产和供应业,证监会行业分类,2026-09-28,baostock
2026-09-30,601162,天风证券,XSHG,active,J67资本市场服务,证监会行业分类,2026-09-28,baostock
2026-09-30,601163,三角轮胎,XSHG,active,C29橡胶和塑料制品业,证监会行业分类,2026-09-28,baostock
2026-09-30,601166,兴业银行,XSHG,active,J66货币金融服务,证监会行业分类,2026-09-28,baostock
2026-09-30,601168,西部矿业,XSHG,active,B09有色金属矿采选业,证监会行业分类,2026-09-28,baostock
2026-09-30,601169,北京银行,XSHG,active,J66货币金融服务,证监会行业分类,2026-09-28,baostock
2026-09-30,601177,杭齿前进,XSHG,active,C34通用设备制造业,证监会行业分类,2026-09-28,baostock
2026-09-30,601179,中国西电,XSHG,active,C38电气机械和器材制造业,证监会行业分类,2026-09-28,baostock
2026-09-30,601186,中国铁建,XSHG,active,E48土木工程建筑业,证监会行业分类,2026-09-28,baostock
2026-09-30,601187,厦门银行,XSHG,active,J66货币金融服务,证监会行业分类,2026-09-28,baostock
2026-09-30,601188,龙江交通,XSHG,active,G54道路运输业,证监会行业分类,2026-09-28,baostock
2026-09-30,601198,东兴证券,XSHG,suspended,J67资本市场服务,证监会行业分类,2026-09-28,baostock
2026-09-30,601199,江南水务,XSHG,active,D46水的生产和供应业,证监会行业分类,2026-09-28,baostock
2026-09-30,601200,上海环境,XSHG,active,N77生态保护和环境治理业,证监会行业分类,2026-09-28,baostock
2026-09-30,601208,东材科技,XSHG,active,C26化学原料和化学制品制造业,证监会行业分类,2026-09-28,baostock
2026-09-30,601211,国泰海通,XSHG,active,J67资本市场服务,证监会行业分类,2026-09-28,baostock
2026-09-30,601212,白银有色,XSHG,active,C32有色金属冶炼和压延加工业,证监会行业分类,2026-09-28,baostock
2026-09-30,601216,君正集团,XSHG,active,C26化学原料和化学制品制造业,证监会行业分类,2026-09-28,baostock
2026-09-30,601218,吉鑫科技,XSHG,active,C33金属制品业,证监会行业分类,2026-09-28,baostock
2026-09-30,601222,林洋能源,XSHG,active,C38电气机械和器材制造业,证监会行业分类,2026-09-28,baostock
2026-09-30,601225,陕西煤业,XSHG,active,B06煤炭开采和洗选业,证监会行业分类,2026-09-28,baostock
2026-09-30,601226,华电科工,XSHG,active,M74专业技术服务业,证监会行业分类,2026-09-28,baostock
2026-09-30,601228,广州港,XSHG,active,G55水上运输业,证监会行业分类,2026-09-28,baostock
2026-09-30,601229,上海银行,XSHG,active,J66货币金融服务,证监会行业分类,2026-09-28,baostock
2026-09-30,601231,环旭电子,XSHG,active,C39计算机、通信和其他电子设备制造业,证监会行业分类,2026-09-28,baostock
2026-09-30,601233,桐昆股份,XSHG,active,C28化学纤维制造业,证监会行业分类,2026-09-28,baostock
2026-09-30,601236,红塔证券,XSHG,active,J67资本市场服务,证监会行业分类,2026-09-28,baostock
2026-09-30,601238,广汽集团,XSHG,active,C36汽车制造业,证监会行业分类,2026-09-28,baostock
2026-09-30,601279,英利汽车,XSHG,active,C36汽车制造业,证监会行业分类,2026-09-28,baostock
2026-09-30,601288,农业银行,XSHG,active,J66货币金融服务,证监会行业分类,2026-09-28,baostock
2026-09-30,601298,青岛港,XSHG,active,G55水上运输业,证监会行业分类,2026-09-28,baostock
2026-09-30,601311,骆驼股份,XSHG,active,C38电气机械和器材制造业,证监会行业分类,2026-09-28,baostock
2026-09-30,601318,中国平安,XSHG,active,J68保险业,证监会行业分类,2026-09-28,baostock
2026-09-30,601319,中国人保,XSHG,active,J68保险业,证监会行业分类,2026-09-28,baostock
2026-09-30,601326,秦港股份,XSHG,active,G55水上运输业,证监会行业分类,2026-09-28,baostock
2026-09-30,601328,交通银行,XSHG,active,J66货币金融服务,证监会行业分类,2026-09-28,baostock
2026-09-30,601330,绿色动力,XSHG,active,N77生态保护和环境治理业,证监会行业分类,2026-09-28,baostock
2026-09-30,601333,广深铁路,XSHG,active,G53铁路运输业,证监会行业分类,2026-09-28,baostock
2026-09-30,601336,新华保险,XSHG,active,J68保险业,证监会行业分类,2026-09-28,baostock
2026-09-30,601339,百隆东方,XSHG,active,C17纺织业,证监会行业分类,2026-09-28,baostock
2026-09-30,601360,三六零,XSHG,active,I64互联网和相关服务,证监会行业分类,2026-09-28,baostock
2026-09-30,601366,利群股份,XSHG,active,F52零售业,证监会行业分类,2026-09-28,baostock
2026-09-30,601368,绿城水务,XSHG,active,D46水的生产和供应业,证监会行业分类,2026-09-28,baostock
2026-09-30,601369,陕鼓动力,XSHG,active,C34通用设备制造业,证监会行业分类,2026-09-28,baostock
2026-09-30,601375,中原证券,XSHG,active,J67资本市场服务,证监会行业分类,2026-09-28,baostock
2026-09-30,601377,兴业证券,XSHG,active,J67资本市场服务,证监会行业分类,2026-09-28,baostock
2026-09-30,601388,怡球资源,XSHG,active,C42废弃资源综合利用业,证监会行业分类,2026-09-28,baostock
2026-09-30,601390,中国中铁,XSHG,active,E48土木工程建筑业,证监会行业分类,2026-09-28,baostock
2026-09-30,601398,工商银行,XSHG,active,J66货币金融服务,证监会行业分类,2026-09-28,baostock
2026-09-30,601399,国机重装,XSHG,active,C35专用设备制造业,证监会行业分类,2026-09-28,baostock
2026-09-30,601456,国联民生,XSHG,active,J67资本市场服务,证监会行业分类,2026-09-28,baostock
2026-09-30,601500,通用股份,XSHG,active,C29橡胶和塑料制品业,证监会行业分类,2026-09-28,baostock
2026-09-30,601512,中新集团,XSHG,active,K70房地产业,证监会行业分类,2026-09-28,baostock
2026-09-30,601515,衢州东峰,XSHG,active,C27医药制造业,证监会行业分类,2026-09-28,baostock
2026-09-30,601518,吉林高速,XSHG,active,G54道路运输业,证监会行业分类,2026-09-28,baostock
2026-09-30,601519,大智慧,XSHG,active,J69其他金融业,证监会行业分类,2026-09-28,baostock
2026-09-30,601528,瑞丰银行,XSHG,active,J66货币金融服务,证监会行业分类,2026-09-28,baostock
2026-09-30,601555,东吴证券,XSHG,active,J67资本市场服务,证监会行业分类,2026-09-28,baostock
2026-09-30,601566,九牧王,XSHG,active,C18纺织服装、服饰业,证监会行业分类,2026-09-28,baostock
2026-09-30,601567,三星电气,XSHG,active,C40仪器仪表制造业,证监会行业分类,2026-09-28,baostock
2026-09-30,601568,北元化工,XSHG,active,C26化学原料和化学制品制造业,证监会行业分类,2026-09-28,baostock
2026-09-30,601577,长沙银行,XSHG,active,J66货币金融服务,证监会行业分类,2026-09-28,baostock
2026-09-30,601579,会稽山,XSHG,active,C15酒、饮料和精制茶制造业,证监会行业分类,2026-09-28,baostock
2026-09-30,601588,北辰实业,XSHG,active,K70房地产业,证监会行业分类,2026-09-28,baostock
2026-09-30,601595,上海电影,XSHG,active,R87广播、电视、电影和录音制作业,证监会行业分类,2026-09-28,baostock
2026-09-30,601598,中国外运,XSHG,active,G58多式联运和运输代理业,证监会行业分类,2026-09-28,baostock
2026-09-30,601599,浙文影业,XSHG,active,C17纺织业,证监会行业分类,2026-09-28,baostock
2026-09-30,601600,中国铝业,XSHG,active,C32有色金属冶炼和压延加工业,证监会行业分类,2026-09-28,baostock
2026-09-30,601601,中国太保,XSHG,active,J68保险业,证监会行业分类,2026-09-28,baostock
2026-09-30,601606,长城军工,XSHG,active,C33金属制品业,证监会行业分类,2026-09-28,baostock
2026-09-30,601607,上海医药,XSHG,active,F52零售业,证监会行业分类,2026-09-28,baostock
2026-09-30,601608,中信重工,XSHG,active,C35专用设备制造业,证监会行业分类,2026-09-28,baostock
2026-09-30,601609,金田股份,XSHG,active,C32有色金属冶炼和压延加工业,证监会行业分类,2026-09-28,baostock
2026-09-30,601611,中国核建,XSHG,active,E48土木工程建筑业,证监会行业分类,2026-09-28,baostock
2026-09-30,601615,明阳智能,XSHG,active,C34通用设备制造业,证监会行业分类,2026-09-28,baostock
2026-09-30,601616,广电电气,XSHG,active,C38电气机械和器材制造业,证监会行业分类,2026-09-28,baostock
2026-09-30,601618,中国中冶,XSHG,active,E48土木工程建筑业,证监会行业分类,2026-09-28,baostock
2026-09-30,601619,嘉泽新能,XSHG,active,D44电力、热力生产和供应业,证监会行业分类,2026-09-28,baostock
2026-09-30,601628,中国人寿,XSHG,active,J68保险业,证监会行业分类,2026-09-28,baostock
2026-09-30,601633,长城汽车,XSHG,active,C36汽车制造业,证监会行业分类,2026-09-28,baostock
2026-09-30,601636,旗滨集团,XSHG,active,C30非金属矿物制品业,证监会行业分类,2026-09-28,baostock
2026-09-30,601658,邮储银行,XSHG,active,J66货币金融服务,证监会行业分类,2026-09-28,baostock
2026-09-30,601665,齐鲁银行,XSHG,active,J66货币金融服务,证监会行业分类,2026-09-28,baostock
2026-09-30,601666,平煤股份,XSHG,active,B06煤炭开采和洗选业,证监会行业分类,2026-09-28,baostock
2026-09-30,601668,中国建筑,XSHG,active,E48土木工程建筑业,证监会行业分类,2026-09-28,baostock
2026-09-30,601669,中国电建,XSHG,active,E48土木工程建筑业,证监会行业分类,2026-09-28,baostock
2026-09-30,601677,明泰铝业,XSHG,active,C32有色金属冶炼和压延加工业,证监会行业分类,2026-09-28,baostock
2026-09-30,601678,滨化股份,XSHG,active,C26化学原料和化学制品制造业,证监会行业分类,2026-09-28,baostock
2026-09-30,601686,友发集团,XSHG,active,C33金属制品业,证监会行业分类,2026-09-28,baostock
2026-09-30,601688,华泰证券,XSHG,active,J67资本市场服务,证监会行业分类,2026-09-28,baostock
2026-09-30,601689,拓普集团,XSHG,active,C36汽车制造业,证监会行业分类,2026-09-28,baostock
2026-09-30,601696,中银证券,XSHG,active,J67资本市场服务,证监会行业分类,2026-09-28,baostock
2026-09-30,601698,中国卫通,XSHG,active,I63电信、广播电视和卫星传输服务,证监会行业分类,2026-09-28,baostock
2026-09-30,601699,潞安环能,XSHG,active,B06煤炭开采和洗选业,证监会行业分类,2026-09-28,baostock
2026-09-30,601700,风范股份,XSHG,active,C33金属制品业,证监会行业分类,2026-09-28,baostock
2026-09-30,601702,华峰铝业,XSHG,active,C32有色金属冶炼和压延加工业,证监会行业分类,2026-09-28,baostock
2026-09-30,601717,中创智领,XSHG,active,C35专用设备制造业,证监会行业分类,2026-09-28,baostock
2026-09-30,601718,ST际华,XSHG,active,C18纺织服装、服饰业,证监会行业分类,2026-09-28,baostock
2026-09-30,601727,上海电气,XSHG,active,C34通用设备制造业,证监会行业分类,2026-09-28,baostock
2026-09-30,601728,中国电信,XSHG,active,I63电信、广播电视和卫星传输服务,证监会行业分类,2026-09-28,baostock
2026-09-30,601766,中国中车,XSHG,active,C37铁路、船舶、航空航天和其他运输设备制造业,证监会行业分类,2026-09-28,baostock
2026-09-30,601777,千里科技,XSHG,active,C36汽车制造业,证监会行业分类,2026-09-28,baostock
2026-09-30,601778,晶科科技,XSHG,active,D44电力、热力生产和供应业,证监会行业分类,2026-09-28,baostock
2026-09-30,601788,光大证券,XSHG,active,J67资本市场服务,证监会行业分类,2026-09-28,baostock
2026-09-30,601789,宁波建工,XSHG,active,E48土木工程建筑业,证监会行业分类,2026-09-28,baostock
2026-09-30,601798,蓝科高新,XSHG,active,C35专用设备制造业,证监会行业分类,2026-09-28,baostock
2026-09-30,601799,星宇股份,XSHG,active,C36汽车制造业,证监会行业分类,2026-09-28,baostock
2026-09-30,601800,中国交建,XSHG,active,E48土木工程建筑业,证监会行业分类,2026-09-28,baostock
2026-09-30,601801,皖新传媒,XSHG,active,R86新闻和出版业,证监会行业分类,2026-09-28,baostock
2026-09-30,601808,中海油服,XSHG,active,B11开采专业及辅助性活动,证监会行业分类,2026-09-28,baostock
2026-09-30,601811,新华文轩,XSHG,active,R86新闻和出版业,证监会行业分类,2026-09-28,baostock
2026-09-30,601816,京沪高铁,XSHG,active,G53铁路运输业,证监会行业分类,2026-09-28,baostock
2026-09-30,601818,光大银行,XSHG,active,J66货币金融服务,证监会行业分类,2026-09-28,baostock
2026-09-30,601825,沪农商行,XSHG,active,J66货币金融服务,证监会行业分类,2026-09-28,baostock
2026-09-30,601827,三峰环境,XSHG,active,N77生态保护和环境治理业,证监会行业分类,2026-09-28,baostock
2026-09-30,601828,美凯龙,XSHG,active,L72商务服务业,证监会行业分类,2026-09-28,baostock
2026-09-30,601838,成都银行,XSHG,active,J66货币金融服务,证监会行业分类,2026-09-28,baostock
2026-09-30,601857,中国石油,XSHG,active,B07石油和天然气开采业,证监会行业分类,2026-09-28,baostock
2026-09-30,601858,中国科传,XSHG,active,R86新闻和出版业,证监会行业分类,2026-09-28,baostock
2026-09-30,601860,紫金银行,XSHG,active,J66货币金融服务,证监会行业分类,2026-09-28,baostock
2026-09-30,601865,福莱特,XSHG,active,C30非金属矿物制品业,证监会行业分类,2026-09-28,baostock
2026-09-30,601866,中远海发,XSHG,active,G55水上运输业,证监会行业分类,2026-09-28,baostock
2026-09-30,601868,中国能建,XSHG,active,E48土木工程建筑业,证监会行业分类,2026-09-28,baostock
2026-09-30,601869,长飞光纤,XSHG,active,C39计算机、通信和其他电子设备制造业,证监会行业分类,2026-09-28,baostock
2026-09-30,601872,招商轮船,XSHG,active,G55水上运输业,证监会行业分类,2026-09-28,baostock
2026-09-30,601877,正泰电器,XSHG,active,C38电气机械和器材制造业,证监会行业分类,2026-09-28,baostock
2026-09-30,601878,浙商证券,XSHG,active,J67资本市场服务,证监会行业分类,2026-09-28,baostock
2026-09-30,601880,辽港股份,XSHG,active,G55水上运输业,证监会行业分类,2026-09-28,baostock
2026-09-30,601881,中国银河,XSHG,active,J67资本市场服务,证监会行业分类,2026-09-28,baostock
2026-09-30,601882,海天精工,XSHG,active,C34通用设备制造业,证监会行业分类,2026-09-28,baostock
2026-09-30,601886,江河集团,XSHG,active,E50建筑装饰、装修和其他建筑业,证监会行业分类,2026-09-28,baostock
2026-09-30,601888,中国中免,XSHG,active,L72商务服务业,证监会行业分类,2026-09-28,baostock
2026-09-30,601890,亚星锚链,XSHG,active,C37铁路、船舶、航空航天和其他运输设备制造业,证监会行业分类,2026-09-28,baostock
2026-09-30,601898,中煤能源,XSHG,active,B06煤炭开采和洗选业,证监会行业分类,2026-09-28,baostock
2026-09-30,601899,紫金矿业,XSHG,active,B09有色金属矿采选业,证监会行业分类,2026-09-28,baostock
2026-09-30,601900,南方传媒,XSHG,active,R86新闻和出版业,证监会行业分类,2026-09-28,baostock
2026-09-30,601901,方正证券,XSHG,active,J67资本市场服务,证监会行业分类,2026-09-28,baostock
2026-09-30,601908,京运通,XSHG,active,C38电气机械和器材制造业,证监会行业分类,2026-09-28,baostock
2026-09-30,601916,浙商银行,XSHG,active,J66货币金融服务,证监会行业分类,2026-09-28,baostock
2026-09-30,601918,新集能源,XSHG,active,B06煤炭开采和洗选业,证监会行业分类,2026-09-28,baostock
2026-09-30,601919,中远海控,XSHG,active,G55水上运输业,证监会行业分类,2026-09-28,baostock
2026-09-30,601921,浙版传媒,XSHG,active,R86新闻和出版业,证监会行业分类,2026-09-28,baostock
2026-09-30,601928,凤凰传媒,XSHG,active,R86新闻和出版业,证监会行业分类,2026-09-28,baostock
2026-09-30,601929,吉视传媒,XSHG,active,I63电信、广播电视和卫星传输服务,证监会行业分类,2026-09-28,baostock
2026-09-30,601933,永辉超市,XSHG,active,F52零售业,证监会行业分类,2026-09-28,baostock
2026-09-30,601939,建设银行,XSHG,active,J66货币金融服务,证监会行业分类,2026-09-28,baostock
2026-09-30,601949,中国出版,XSHG,active,R86新闻和出版业,证监会行业分类,2026-09-28,baostock
2026-09-30,601952,苏垦农发,XSHG,active,C13农副食品加工业,证监会行业分类,2026-09-28,baostock
2026-09-30,601956,东贝集团,XSHG,active,C34通用设备制造业,证监会行业分类,2026-09-28,baostock
2026-09-30,601958,金钼股份,XSHG,active,B09有色金属矿采选业,证监会行业分类,2026-09-28,baostock
2026-09-30,601963,重庆银行,XSHG,active,J66货币金融服务,证监会行业分类,2026-09-28,baostock
2026-09-30,601965,中国汽研,XSHG,active,M74专业技术服务业,证监会行业分类,2026-09-28,baostock
2026-09-30,601966,玲珑轮胎,XSHG,active,C29橡胶和塑料制品业,证监会行业分类,2026-09-28,baostock
2026-09-30,601968,宝钢包装,XSHG,active,C33金属制品业,证监会行业分类,2026-09-28,baostock
2026-09-30,601969,海南矿业,XSHG,active,B08黑色金属矿采选业,证监会行业分类,2026-09-28,baostock
2026-09-30,601975,招商南油,XSHG,active,G55水上运输业,证监会行业分类,2026-09-28,baostock
2026-09-30,601985,中国核电,XSHG,active,D44电力、热力生产和供应业,证监会行业分类,2026-09-28,baostock
2026-09-30,601988,中国银行,XSHG,active,J66货币金融服务,证监会行业分类,2026-09-28,baostock
2026-09-30,601990,南京证券,XSHG,active,J67资本市场服务,证监会行业分类,2026-09-28,baostock
2026-09-30,601991,大唐发电,XSHG,active,D44电力、热力生产和供应业,证监会行业分类,2026-09-28,baostock
2026-09-30,601992,金隅集团,XSHG,active,C30非金属矿物制品业,证监会行业分类,2026-09-28,baostock
2026-09-30,601995,中金公司,XSHG,active,J67资本市场服务,证监会行业分类,2026-09-28,baostock
2026-09-30,601996,丰林集团,XSHG,active,C20木材加工和木、竹、藤、棕、草制品业,证监会行业分类,2026-09-28,baostock
2026-09-30,601997,贵阳银行,XSHG,active,J66货币金融服务,证监会行业分类,2026-09-28,baostock
2026-09-30,601998,中信银行,XSHG,active,J66货币金融服务,证监会行业分类,2026-09-28,baostock
2026-09-30,601999,出版传媒,XSHG,active,R86新闻和出版业,证监会行业分类,2026-09-28,baostock
2026-09-30,603000,人民网,XSHG,active,I64互联网和相关服务,证监会行业分类,2026-09-28,baostock
2026-09-30,603001,奥康国际,XSHG,active,C19皮革、毛皮、羽毛及其制品和制鞋业,证监会行业分类,2026-09-28,baostock
2026-09-30,603002,宏昌电子,XSHG,active,C39计算机、通信和其他电子设备制造业,证监会行业分类,2026-09-28,baostock
2026-09-30,603004,鼎龙科技,XSHG,active,C26化学原料和化学制品制造业,证监会行业分类,2026-09-28,baostock
2026-09-30,603005,晶方科技,XSHG,active,C39计算机、通信和其他电子设备制造业,证监会行业分类,2026-09-28,baostock
2026-09-30,603006,联明股份,XSHG,active,C36汽车制造业,证监会行业分类,2026-09-28,baostock
2026-09-30,603007,顺景科技,XSHG,active,E48土木工程建筑业,证监会行业分类,2026-09-28,baostock
2026-09-30,603008,ST喜临门,XSHG,active,C21家具制造业,证监会行业分类,2026-09-28,baostock
2026-09-30,603009,北特科技,XSHG,active,C36汽车制造业,证监会行业分类,2026-09-28,baostock
2026-09-30,603010,万盛股份,XSHG,active,C26化学原料和化学制品制造业,证监会行业分类,2026-09-28,baostock
2026-09-30,603011,合锻智能,XSHG,active,C34通用设备制造业,证监会行业分类,2026-09-28,baostock
2026-09-30,603012,创力集团,XSHG,active,C35专用设备制造业,证监会行业分类,2026-09-28,baostock
2026-09-30,603013,亚普股份,XSHG,active,C36汽车制造业,证监会行业分类,2026-09-28,baostock
2026-09-30,603014,威高血净,XSHG,active,C35专用设备制造业,证监会行业分类,2026-09-28,baostock
2026-09-30,603015,弘讯科技,XSHG,active,C40仪器仪表制造业,证监会行业分类,2026-09-28,baostock
2026-09-30,603016,新宏泰,XSHG,active,C38电气机械和器材制造业,证监会行业分类,2026-09-28,baostock
2026-09-30,603017,中衡设计,XSHG,active,M74专业技术服务业,证监会行业分类,2026-09-28,baostock
2026-09-30,603018,华设集团,XSHG,active,M74专业技术服务业,证监会行业分类,2026-09-28,baostock
2026-09-30,603019,中科曙光,XSHG,active,C39计算机、通信和其他电子设备制造业,证监会行业分类,2026-09-28,baostock
2026-09-30,603020,爱普股份,XSHG,active,C14食品制造业,证监会行业分类,2026-09-28,baostock
2026-09-30,603021,*ST华鹏,XSHG,active,C30非金属矿物制品业,证监会行业分类,2026-09-28,baostock
2026-09-30,603022,新通联,XSHG,active,C20木材加工和木、竹、藤、棕、草制品业,证监会行业分类,2026-09-28,baostock
2026-09-30,603023,威帝股份,XSHG,active,C39计算机、通信和其他电子设备制造业,证监会行业分类,2026-09-28,baostock
2026-09-30,603025,大豪科技,XSHG,active,C39计算机、通信和其他电子设备制造业,证监会行业分类,2026-09-28,baostock
2026-09-30,603026,石大胜华,XSHG,active,C26化学原料和化学制品制造业,证监会行业分类,2026-09-28,baostock
2026-09-30,603027,千禾味业,XSHG,active,C14食品制造业,证监会行业分类,2026-09-28,baostock
2026-09-30,603028,赛福天,XSHG,active,C33金属制品业,证监会行业分类,2026-09-28,baostock
2026-09-30,603029,天鹅股份,XSHG,active,C35专用设备制造业,证监会行业分类,2026-09-28,baostock
2026-09-30,603030,全筑股份,XSHG,active,E50建筑装饰、装修和其他建筑业,证监会行业分类,2026-09-28,baostock
2026-09-30,603031,安孚科技,XSHG,active,C38电气机械和器材制造业,证监会行业分类,2026-09-28,baostock
2026-09-30,603032,德新科技,XSHG,active,C35专用设备制造业,证监会行业分类,2026-09-28,baostock
2026-09-30,603033,三维股份,XSHG,active,C29橡胶和塑料制品业,证监会行业分类,2026-09-28,baostock
2026-09-30,603035,常熟汽饰,XSHG,active,C36汽车制造业,证监会行业分类,2026-09-28,baostock
2026-09-30,603036,如通股份,XSHG,active,C35专用设备制造业,证监会行业分类,2026-09-28,baostock
2026-09-30,603037,凯众股份,XSHG,active,C36汽车制造业,证监会行业分类,2026-09-28,baostock
2026-09-30,603038,华立股份,XSHG,active,C41其他制造业,证监会行业分类,2026-09-28,baostock
2026-09-30,603039,泛微网络,XSHG,active,I65软件和信息技术服务业,证监会行业分类,2026-09-28,baostock
2026-09-30,603040,新坐标,XSHG,active,C36汽车制造业,证监会行业分类,2026-09-28,baostock
2026-09-30,603041,美思德,XSHG,active,C26化学原料和化学制品制造业,证监会行业分类,2026-09-28,baostock
2026-09-30,603042,华脉科技,XSHG,active,C39计算机、通信和其他电子设备制造业,证监会行业分类,2026-09-28,baostock
2026-09-30,603043,广州酒家,XSHG,active,C14食品制造业,证监会行业分类,2026-09-28,baostock
2026-09-30,603045,福达合金,XSHG,active,C38电气机械和器材制造业,证监会行业分类,2026-09-28,baostock
2026-09-30,603048,浙江黎明,XSHG,active,C36汽车制造业,证监会行业分类,2026-09-28,baostock
2026-09-30,603049,中策橡胶,XSHG,active,C29橡胶和塑料制品业,证监会行业分类,2026-09-28,baostock
2026-09-30,603050,科林电气,XSHG,active,C38电气机械和器材制造业,证监会行业分类,2026-09-28,baostock
2026-09-30,603051,鹿山新材,XSHG,active,C29橡胶和塑料制品业,证监会行业分类,2026-09-28,baostock
2026-09-30,603052,可川科技,XSHG,active,C39计算机、通信和其他电子设备制造业,证监会行业分类,2026-09-28,baostock
2026-09-30,603053,成都燃气,XSHG,active,D45燃气生产和供应业,证监会行业分类,2026-09-28,baostock
2026-09-30,603055,台华新材,XSHG,active,C17纺织业,证监会行业分类,2026-09-28,baostock
2026-09-30,603057,紫燕食品,XSHG,active,C13农副食品加工业,证监会行业分类,2026-09-28,baostock
2026-09-30,603058,永吉股份,XSHG,active,C23印刷和记录媒介复制业,证监会行业分类,2026-09-28,baostock
2026-09-30,603059,倍加洁,XSHG,active,C41其他制造业,证监会行业分类,2026-09-28,baostock
2026-09-30,603060,国检集团,XSHG,active,M74专业技术服务业,证监会行业分类,2026-09-28,baostock
2026-09-30,603061,金海通,XSHG,active,C35专用设备制造业,证监会行业分类,2026-09-28,baostock
2026-09-30,603062,麦加芯彩,XSHG,active,C26化学原料和化学制品制造业,证监会行业分类,2026-09-28,baostock
2026-09-30,603063,禾望电气,XSHG,active,C38电气机械和器材制造业,证监会行业分类,2026-09-28,baostock
2026-09-30,603065,宿迁联盛,XSHG,active,C26化学原料和化学制品制造业,证监会行业分类,2026-09-28,baostock
2026-09-30,603066,音飞储存,XSHG,active,G59装卸搬运和仓储业,证监会行业分类,2026-09-28,baostock
2026-09-30,603067,振华股份,XSHG,active,C26化学原料和化学制品制造业,证监会行业分类,2026-09-28,baostock
2026-09-30,603068,博通集成,XSHG,active,C39计算机、通信和其他电子设备制造业,证监会行业分类,2026-09-28,baostock
2026-09-30,603069,海汽集团,XSHG,active,G54道路运输业,证监会行业分类,2026-09-28,baostock
2026-09-30,603070,万控智造,XSHG,active,C38电气机械和器材制造业,证监会行业分类,2026-09-28,baostock
2026-09-30,603071,物产环能,XSHG,active,F51批发业,证监会行业分类,2026-09-28,baostock
2026-09-30,603072,天和磁材,XSHG,active,C39计算机、通信和其他电子设备制造业,证监会行业分类,2026-09-28,baostock
2026-09-30,603073,彩蝶实业,XSHG,active,C17纺织业,证监会行业分类,2026-09-28,baostock
2026-09-30,603075,热威股份,XSHG,active,C38电气机械和器材制造业,证监会行业分类,2026-09-28,baostock
2026-09-30,603076,乐惠国际,XSHG,active,C35专用设备制造业,证监会行业分类,2026-09-28,baostock
2026-09-30,603077,和邦生物,XSHG,active,C26化学原料和化学制品制造业,证监会行业分类,2026-09-28,baostock
2026-09-30,603078,江化微,XSHG,active,C26化学原料和化学制品制造业,证监会行业分类,2026-09-28,baostock
2026-09-30,603079,圣达生物,XSHG,active,C14食品制造业,证监会行业分类,2026-09-28,baostock
2026-09-30,603080,新疆火炬,XSHG,active,D45燃气生产和供应业,证监会行业分类,2026-09-28,baostock
2026-09-30,603081,大丰实业,XSHG,active,C35专用设备制造业,证监会行业分类,2026-09-28,baostock
2026-09-30,603082,北自科技,XSHG,active,C34通用设备制造业,证监会行业分类,2026-09-28,baostock
2026-09-30,603083,剑桥科技,XSHG,active,C39计算机、通信和其他电子设备制造业,证监会行业分类,2026-09-28,baostock
2026-09-30,603085,天成自控,XSHG,active,C36汽车制造业,证监会行业分类,2026-09-28,baostock
2026-09-30,603086,先达股份,XSHG,active,C26化学原料和化学制品制造业,证监会行业分类,2026-09-28,baostock
2026-09-30,603087,甘李药业,XSHG,active,C27医药制造业,证监会行业分类,2026-09-28,baostock
2026-09-30,603088,宁波精达,XSHG,active,C34通用设备制造业,证监会行业分类,2026-09-28,baostock
2026-09-30,603089,正裕工业,XSHG,active,C36汽车制造业,证监会行业分类,2026-09-28,baostock
2026-09-30,603090,宏盛股份,XSHG,active,C34通用设备制造业,证监会行业分类,2026-09-28,baostock
2026-09-30,603091,众鑫股份,XSHG,active,C22造纸和纸制品业,证监会行业分类,2026-09-28,baostock
2026-09-30,603092,德力佳,XSHG,active,C34通用设备制造业,证监会行业分类,2026-09-28,baostock
2026-09-30,603093,南华期货,XSHG,active,J67资本市场服务,证监会行业分类,2026-09-28,baostock
2026-09-30,603095,越剑智能,XSHG,active,C35专用设备制造业,证监会行业分类,2026-09-28,baostock
2026-09-30,603096,新经典,XSHG,active,R86新闻和出版业,证监会行业分类,2026-09-28,baostock
2026-09-30,603097,江苏华辰,XSHG,active,C38电气机械和器材制造业,证监会行业分类,2026-09-28,baostock
2026-09-30,603098,森特股份,XSHG,active,E50建筑装饰、装修和其他建筑业,证监会行业分类,2026-09-28,baostock
2026-09-30,603099,长白山,XSHG,active,N78公共设施管理业,证监会行业分类,2026-09-28,baostock
2026-09-30,603100,川仪股份,XSHG,active,C40仪器仪表制造业,证监会行业分类,2026-09-28,baostock
2026-09-30,603101,汇嘉时代,XSHG,active,F52零售业,证监会行业分类,2026-09-28,baostock
2026-09-30,603102,百合股份,XSHG,active,C14食品制造业,证监会行业分类,2026-09-28,baostock
2026-09-30,603103,横店影视,XSHG,active,R87广播、电视、电影和录音制作业,证监会行业分类,2026-09-28,baostock
2026-09-30,603105,芯能科技,XSHG,active,D44电力、热力生产和供应业,证监会行业分类,2026-09-28,baostock
2026-09-30,603106,恒银科技,XSHG,active,C39计算机、通信和其他电子设备制造业,证监会行业分类,2026-09-28,baostock
2026-09-30,603107,上海汽配,XSHG,active,C36汽车制造业,证监会行业分类,2026-09-28,baostock
2026-09-30,603108,润达医疗,XSHG,active,F51批发业,证监会行业分类,2026-09-28,baostock
2026-09-30,603109,神驰机电,XSHG,active,C38电气机械和器材制造业,证监会行业分类,2026-09-28,baostock
2026-09-30,603110,东方材料,XSHG,active,C26化学原料和化学制品制造业,证监会行业分类,2026-09-28,baostock
2026-09-30,603111,康尼机电,XSHG,active,C37铁路、船舶、航空航天和其他运输设备制造业,证监会行业分类,2026-09-28,baostock
2026-09-30,603112,华翔股份,XSHG,active,C33金属制品业,证监会行业分类,2026-09-28,baostock
2026-09-30,603113,金能科技,XSHG,active,C26化学原料和化学制品制造业,证监会行业分类,2026-09-28,baostock
2026-09-30,603115,海星股份,XSHG,active,C39计算机、通信和其他电子设备制造业,证监会行业分类,2026-09-28,baostock
2026-09-30,603116,红蜻蜓,XSHG,active,C19皮革、毛皮、羽毛及其制品和制鞋业,证监会行业分类,2026-09-28,baostock
2026-09-30,603117,万林物流,XSHG,active,G55水上运输业,证监会行业分类,2026-09-28,baostock
2026-09-30,603118,共进股份,XSHG,active,C39计算机、通信和其他电子设备制造业,证监会行业分类,2026-09-28,baostock
2026-09-30,603119,浙江荣泰,XSHG,active,C30非金属矿物制品业,证监会行业分类,2026-09-28,baostock
2026-09-30,603120,肯特催化,XSHG,active,C26化学原料和化学制品制造业,证监会行业分类,2026-09-28,baostock
2026-09-30,603121,华培动力,XSHG,active,C36汽车制造业,证监会行业分类,2026-09-28,baostock
2026-09-30,603122,合富中国,XSHG,active,F51批发业,证监会行业分类,2026-09-28,baostock
2026-09-30,603123,翠微股份,XSHG,active,F52零售业,证监会行业分类,2026-09-28,baostock
2026-09-30,603124,江南新材,XSHG,active,C39计算机、通信和其他电子设备制造业,证监会行业分类,2026-09-28,baostock
2026-09-30,603125,常青科技,XSHG,active,C26化学原料和化学制品制造业,证监会行业分类,2026-09-28,baostock
2026-09-30,603126,中材节能,XSHG,active,M74专业技术服务业,证监会行业分类,2026-09-28,baostock
2026-09-30,603127,昭衍新药,XSHG,active,M73研究和试验发展,证监会行业分类,2026-09-28,baostock
2026-09-30,603128,华贸物流,XSHG,active,G58多式联运和运输代理业,证监会行业分类,2026-09-28,baostock
2026-09-30,603129,春风动力,XSHG,active,C37铁路、船舶、航空航天和其他运输设备制造业,证监会行业分类,2026-09-28,baostock
2026-09-30,603130,云中马,XSHG,active,C17纺织业,证监会行业分类,2026-09-28,baostock
2026-09-30,603131,上海沪工,XSHG,active,C34通用设备制造业,证监会行业分类,2026-09-28,baostock
2026-09-30,603132,金徽股份,XSHG,active,B09有色金属矿采选业,证监会行业分类,2026-09-28,baostock
2026-09-30,603135,中重科技,XSHG,active,C35专用设备制造业,证监会行业分类,2026-09-28,baostock
2026-09-30,603136,天目湖,XSHG,active,N78公共设施管理业,证监会行业分类,2026-09-28,baostock
2026-09-30,603137,恒尚节能,XSHG,active,E50建筑装饰、装修和其他建筑业,证监会行业分类,2026-09-28,baostock
2026-09-30,603138,海量数据,XSHG,active,I65软件和信息技术服务业,证监会行业分类,2026-09-28,baostock
2026-09-30,603139,康惠股份,XSHG,active,C27医药制造业,证监会行业分类,2026-09-28,baostock
2026-09-30,603150,万朗磁塑,XSHG,active,C38电气机械和器材制造业,证监会行业分类,2026-09-28,baostock
2026-09-30,603151,邦基科技,XSHG,active,C13农副食品加工业,证监会行业分类,2026-09-28,baostock
2026-09-30,603153,上海建科,XSHG,active,M74专业技术服务业,证监会行业分类,2026-09-28,baostock
2026-09-30,603155,新亚强,XSHG,active,C26化学原料和化学制品制造业,证监会行业分类,2026-09-28,baostock
2026-09-30,603156,养元饮品,XSHG,active,C15酒、饮料和精制茶制造业,证监会行业分类,2026-09-28,baostock
2026-09-30,603158,腾龙股份,XSHG,active,C36汽车制造业,证监会行业分类,2026-09-28,baostock
2026-09-30,603159,上海亚虹,XSHG,active,C29橡胶和塑料制品业,证监会行业分类,2026-09-28,baostock
2026-09-30,603160,汇顶科技,XSHG,active,C39计算机、通信和其他电子设备制造业,证监会行业分类,2026-09-28,baostock
2026-09-30,603161,科华控股,XSHG,active,C36汽车制造业,证监会行业分类,2026-09-28,baostock
2026-09-30,603162,海通发展,XSHG,active,G55水上运输业,证监会行业分类,2026-09-28,baostock
2026-09-30,603163,圣晖集成,XSHG,active,E49建筑安装业,证监会行业分类,2026-09-28,baostock
2026-09-30,603165,荣晟环保,XSHG,active,C22造纸和纸制品业,证监会行业分类,2026-09-28,baostock
2026-09-30,603166,福达股份,XSHG,active,C36汽车制造业,证监会行业分类,2026-09-28,baostock
2026-09-30,603167,渤海轮渡,XSHG,active,G55水上运输业,证监会行业分类,2026-09-28,baostock
2026-09-30,603168,莎普爱思,XSHG,active,C27医药制造业,证监会行业分类,2026-09-28,baostock
2026-09-30,603169,兰石重装,XSHG,active,C35专用设备制造业,证监会行业分类,2026-09-28,baostock
2026-09-30,603170,宝立食品,XSHG,active,C14食品制造业,证监会行业分类,2026-09-28,baostock
2026-09-30,603171,税友股份,XSHG,active,I64互联网和相关服务,证监会行业分类,2026-09-28,baostock
2026-09-30,603172,万丰股份,XSHG,active,C26化学原料和化学制品制造业,证监会行业分类,2026-09-28,baostock
2026-09-30,603173,福斯达,XSHG,active,C34通用设备制造业,证监会行业分类,2026-09-28,baostock
2026-09-30,603175,超颖电子,XSHG,active,C39计算机、通信和其他电子设备制造业,证监会行业分类,2026-09-28,baostock
2026-09-30,603176,汇通集团,XSHG,active,E48土木工程建筑业,证监会行业分类,2026-09-28,baostock
2026-09-30,603177,德创环保,XSHG,active,N77生态保护和环境治理业,证监会行业分类,2026-09-28,baostock
2026-09-30,603178,圣龙股份,XSHG,active,C36汽车制造业,证监会行业分类,2026-09-28,baostock
2026-09-30,603179,新泉股份,XSHG,active,C36汽车制造业,证监会行业分类,2026-09-28,baostock
2026-09-30,603180,金牌家居,XSHG,active,C21家具制造业,证监会行业分类,2026-09-28,baostock
2026-09-30,603181,皇马科技,XSHG,active,C26化学原料和化学制品制造业,证监会行业分类,2026-09-28,baostock
2026-09-30,603182,嘉华股份,XSHG,active,C13农副食品加工业,证监会行业分类,2026-09-28,baostock
2026-09-30,603183,建研院,XSHG,suspended,M74专业技术服务业,证监会行业分类,2026-09-28,baostock
2026-09-30,603185,弘元绿能,XSHG,active,C38电气机械和器材制造业,证监会行业分类,2026-09-28,baostock
2026-09-30,603186,华正新材,XSHG,active,C39计算机、通信和其他电子设备制造业,证监会行业分类,2026-09-28,baostock
2026-09-30,603187,海容冷链,XSHG,active,C34通用设备制造业,证监会行业分类,2026-09-28,baostock
2026-09-30,603188,亚邦股份,XSHG,active,C26化学原料和化学制品制造业,证监会行业分类,2026-09-28,baostock
2026-09-30,603189,*ST网达,XSHG,active,I65软件和信息技术服务业,证监会行业分类,2026-09-28,baostock
2026-09-30,603190,亚通精工,XSHG,active,C36汽车制造业,证监会行业分类,2026-09-28,baostock
2026-09-30,603191,望变电气,XSHG,active,C38电气机械和器材制造业,证监会行业分类,2026-09-28,baostock
2026-09-30,603192,汇得科技,XSHG,active,C26化学原料和化学制品制造业,证监会行业分类,2026-09-28,baostock
2026-09-30,603193,润本股份,XSHG,active,C26化学原料和化学制品制造业,证监会行业分类,2026-09-28,baostock
2026-09-30,603194,中力股份,XSHG,active,C34通用设备制造业,证监会行业分类,2026-09-28,baostock
2026-09-30,603195,公牛集团,XSHG,active,C38电气机械和器材制造业,证监会行业分类,2026-09-28,baostock
2026-09-30,603196,璞源材料,XSHG,active,C18纺织服装、服饰业,证监会行业分类,2026-09-28,baostock
2026-09-30,603197,保隆科技,XSHG,active,C36汽车制造业,证监会行业分类,2026-09-28,baostock
2026-09-30,603198,迎驾贡酒,XSHG,active,C15酒、饮料和精制茶制造业,证监会行业分类,2026-09-28,baostock
2026-09-30,603199,九华旅游,XSHG,active,N78公共设施管理业,证监会行业分类,2026-09-28,baostock
2026-09-30,603200,上海洗霸,XSHG,active,N77生态保护和环境治理业,证监会行业分类,2026-09-28,baostock
2026-09-30,603201,常润股份,XSHG,active,C34通用设备制造业,证监会行业分类,2026-09-28,baostock
2026-09-30,603202,天有为,XSHG,active,C36汽车制造业,证监会行业分类,2026-09-28,baostock
2026-09-30,603203,快克智能,XSHG,active,C35专用设备制造业,证监会行业分类,2026-09-28,baostock
2026-09-30,603205,健尔康,XSHG,active,C35专用设备制造业,证监会行业分类,2026-09-28,baostock
2026-09-30,603206,嘉环科技,XSHG,active,I65软件和信息技术服务业,证监会行业分类,2026-09-28,baostock
2026-09-30,603207,小方制药,XSHG,active,C27医药制造业,证监会行业分类,2026-09-28,baostock
2026-09-30,603208,江山欧派,XSHG,active,C20木材加工和木、竹、藤、棕、草制品业,证监会行业分类,2026-09-28,baostock
2026-09-30,603209,兴通股份,XSHG,active,G55水上运输业,证监会行业分类,2026-09-28,baostock
2026-09-30,603210,泰鸿万立,XSHG,active,C36汽车制造业,证监会行业分类,2026-09-28,baostock
2026-09-30,603211,晋拓股份,XSHG,active,C36汽车制造业,证监会行业分类,2026-09-28,baostock
2026-09-30,603212,赛伍技术,XSHG,active,C29橡胶和塑料制品业,证监会行业分类,2026-09-28,baostock
2026-09-30,603213,镇洋发展,XSHG,active,C26化学原料和化学制品制造业,证监会行业分类,2026-09-28,baostock
2026-09-30,603214,爱婴室,XSHG,active,F52零售业,证监会行业分类,2026-09-28,baostock
2026-09-30,603215,比依股份,XSHG,active,C38电气机械和器材制造业,证监会行业分类,2026-09-28,baostock
2026-09-30,603216,梦天家居,XSHG,active,C20木材加工和木、竹、藤、棕、草制品业,证监会行业分类,2026-09-28,baostock
2026-09-30,603217,元利科技,XSHG,active,C26化学原料和化学制品制造业,证监会行业分类,2026-09-28,baostock
2026-09-30,603218,日月股份,XSHG,active,C34通用设备制造业,证监会行业分类,2026-09-28,baostock
2026-09-30,603219,富佳股份,XSHG,active,C38电气机械和器材制造业,证监会行业分类,2026-09-28,baostock
2026-09-30,603220,中贝通信,XSHG,active,I65软件和信息技术服务业,证监会行业分类,2026-09-28,baostock
2026-09-30,603221,爱丽家居,XSHG,active,C29橡胶和塑料制品业,证监会行业分类,2026-09-28,baostock
2026-09-30,603222,济民健康,XSHG,active,C35专用设备制造业,证监会行业分类,2026-09-28,baostock
2026-09-30,603223,恒通股份,XSHG,active,D45燃气生产和供应业,证监会行业分类,2026-09-28,baostock
2026-09-30,603225,新凤鸣,XSHG,active,C28化学纤维制造业,证监会行业分类,2026-09-28,baostock
2026-09-30,603226,菲林格尔,XSHG,active,C20木材加工和木、竹、藤、棕、草制品业,证监会行业分类,2026-09-28,baostock
2026-09-30,603227,雪峰科技,XSHG,active,C26化学原料和化学制品制造业,证监会行业分类,2026-09-28,baostock
2026-09-30,603228,景旺电子,XSHG,active,C39计算机、通信和其他电子设备制造业,证监会行业分类,2026-09-28,baostock
2026-09-30,603229,奥翔药业,XSHG,active,C27医药制造业,证监会行业分类,2026-09-28,baostock
2026-09-30,603230,内蒙新华,XSHG,active,R86新闻和出版业,证监会行业分类,2026-09-28,baostock
2026-09-30,603231,索宝蛋白,XSHG,active,C13农副食品加工业,证监会行业分类,2026-09-28,baostock
2026-09-30,603232,格尔软件,XSHG,active,I65软件和信息技术服务业,证监会行业分类,2026-09-28,baostock
2026-09-30,603233,大参林,XSHG,active,F52零售业,证监会行业分类,2026-09-28,baostock
2026-09-30,603235,天新药业,XSHG,active,C14食品制造业,证监会行业分类,2026-09-28,baostock
2026-09-30,603236,移远通信,XSHG,active,C39计算机、通信和其他电子设备制造业,证监会行业分类,2026-09-28,baostock
2026-09-30,603237,五芳斋,XSHG,active,C14食品制造业,证监会行业分类,2026-09-28,baostock
2026-09-30,603238,诺邦股份,XSHG,active,C17纺织业,证监会行业分类,2026-09-28,baostock
2026-09-30,603239,浙江仙通,XSHG,active,C36汽车制造业,证监会行业分类,2026-09-28,baostock
2026-09-30,603248,锡华科技,XSHG,active,C34通用设备制造业,证监会行业分类,2026-09-28,baostock
2026-09-30,603255,鼎际得,XSHG,active,C26化学原料和化学制品制造业,证监会行业分类,2026-09-28,baostock
2026-09-30,603256,宏和科技,XSHG,active,C30非金属矿物制品业,证监会行业分类,2026-09-28,baostock
2026-09-30,603257,中国瑞林,XSHG,active,M74专业技术服务业,证监会行业分类,2026-09-28,baostock
2026-09-30,603258,电魂网络,XSHG,active,I64互联网和相关服务,证监会行业分类,2026-09-28,baostock
2026-09-30,603259,药明康德,XSHG,active,M73研究和试验发展,证监会行业分类,2026-09-28,baostock
2026-09-30,603260,合盛硅业,XSHG,active,C26化学原料和化学制品制造业,证监会行业分类,2026-09-28,baostock
2026-09-30,603261,立航科技,XSHG,active,C37铁路、船舶、航空航天和其他运输设备制造业,证监会行业分类,2026-09-28,baostock
2026-09-30,603262,技源集团,XSHG,active,C14食品制造业,证监会行业分类,2026-09-28,baostock
2026-09-30,603266,天龙股份,XSHG,active,C29橡胶和塑料制品业,证监会行业分类,2026-09-28,baostock
2026-09-30,603267,鸿远电子,XSHG,active,C39计算机、通信和其他电子设备制造业,证监会行业分类,2026-09-28,baostock
2026-09-30,603268,松发股份,XSHG,active,C37铁路、船舶、航空航天和其他运输设备制造业,证监会行业分类,2026-09-28,baostock
2026-09-30,603269,海鸥股份,XSHG,active,C34通用设备制造业,证监会行业分类,2026-09-28,baostock
2026-09-30,603270,金帝股份,XSHG,active,C34通用设备制造业,证监会行业分类,2026-09-28,baostock
2026-09-30,603271,永杰新材,XSHG,active,C32有色金属冶炼和压延加工业,证监会行业分类,2026-09-28,baostock
2026-09-30,603272,*ST联翔,XSHG,active,C24文教、工美、体育和娱乐用品制造业,证监会行业分类,2026-09-28,baostock
2026-09-30,603273,天元智能,XSHG,active,C35专用设备制造业,证监会行业分类,2026-09-28,baostock
2026-09-30,603275,众辰科技,XSHG,active,C40仪器仪表制造业,证监会行业分类,2026-09-28,baostock
2026-09-30,603276,恒兴新材,XSHG,active,C26化学原料和化学制品制造业,证监会行业分类,2026-09-28,baostock
2026-09-30,603277,银都股份,XSHG,active,C34通用设备制造业,证监会行业分类,2026-09-28,baostock
2026-09-30,603278,大业股份,XSHG,active,C33金属制品业,证监会行业分类,2026-09-28,baostock
2026-09-30,603279,景津装备,XSHG,active,C34通用设备制造业,证监会行业分类,2026-09-28,baostock
2026-09-30,603280,南方路机,XSHG,active,C35专用设备制造业,证监会行业分类,2026-09-28,baostock
2026-09-30,603281,江瀚新材,XSHG,active,C26化学原料和化学制品制造业,证监会行业分类,2026-09-28,baostock
2026-09-30,603282,亚光股份,XSHG,active,C35专用设备制造业,证监会行业分类,2026-09-28,baostock
2026-09-30,603283,赛腾股份,XSHG,active,C35专用设备制造业,证监会行业分类,2026-09-28,baostock
2026-09-30,603284,林平发展,XSHG,active,C22造纸和纸制品业,证监会行业分类,2026-09-28,baostock
2026-09-30,603285,键邦股份,XSHG,active,C26化学原料和化学制品制造业,证监会行业分类,2026-09-28,baostock
2026-09-30,603286,日盈电子,XSHG,active,C36汽车制造业,证监会行业分类,2026-09-28,baostock
2026-09-30,603288,海天味业,XSHG,active,C14食品制造业,证监会行业分类,2026-09-28,baostock
2026-09-30,603289,泰瑞机器,XSHG,active,C35专用设备制造业,证监会行业分类,2026-09-28,baostock
2026-09-30,603290,斯达半导,XSHG,active,C39计算机、通信和其他电子设备制造业,证监会行业分类,2026-09-28,baostock
2026-09-30,603291,联合水务,XSHG,active,D46水的生产和供应业,证监会行业分类,2026-09-28,baostock
2026-09-30,603293,埃泰克,XSHG,active,C39计算机、通信和其他电子设备制造业,证监会行业分类,2026-09-28,baostock
2026-09-30,603296,华勤技术,XSHG,active,C39计算机、通信和其他电子设备制造业,证监会行业分类,2026-09-28,baostock
2026-09-30,603297,永新光学,XSHG,active,C40仪器仪表制造业,证监会行业分类,2026-09-28,baostock
2026-09-30,603298,杭叉集团,XSHG,active,C34通用设备制造业,证监会行业分类,2026-09-28,baostock
2026-09-30,603299,苏盐井神,XSHG,active,C26化学原料和化学制品制造业,证监会行业分类,2026-09-28,baostock
2026-09-30,603300,海南华铁,XSHG,active,L71租赁业,证监会行业分类,2026-09-28,baostock
2026-09-30,603301,振德医疗,XSHG,active,C27医药制造业,证监会行业分类,2026-09-28,baostock
2026-09-30,603303,得邦照明,XSHG,active,C38电气机械和器材制造业,证监会行业分类,2026-09-28,baostock
2026-09-30,603305,旭升集团,XSHG,active,C36汽车制造业,证监会行业分类,2026-09-28,baostock
2026-09-30,603306,华懋科技,XSHG,active,C36汽车制造业,证监会行业分类,2026-09-28,baostock
2026-09-30,603307,扬州金泉,XSHG,active,C17纺织业,证监会行业分类,2026-09-28,baostock
2026-09-30,603308,应流股份,XSHG,active,C34通用设备制造业,证监会行业分类,2026-09-28,baostock
2026-09-30,603309,维力医疗,XSHG,active,C35专用设备制造业,证监会行业分类,2026-09-28,baostock
2026-09-30,603310,巍华新材,XSHG,active,C26化学原料和化学制品制造业,证监会行业分类,2026-09-28,baostock
2026-09-30,603311,金海高科,XSHG,active,C35专用设备制造业,证监会行业分类,2026-09-28,baostock
2026-09-30,603312,西典新能,XSHG,active,C38电气机械和器材制造业,证监会行业分类,2026-09-28,baostock
2026-09-30,603313,梦百合,XSHG,active,C21家具制造业,证监会行业分类,2026-09-28,baostock
2026-09-30,603315,福鞍股份,XSHG,active,N77生态保护和环境治理业,证监会行业分类,2026-09-28,baostock
2026-09-30,603316,诚邦股份,XSHG,active,E48土木工程建筑业,证监会行业分类,2026-09-28,baostock
2026-09-30,603317,天味食品,XSHG,active,C14食品制造业,证监会行业分类,2026-09-28,baostock
2026-09-30,603318,水发燃气,XSHG,active,D45燃气生产和供应业,证监会行业分类,2026-09-28,baostock
2026-09-30,603319,美湖股份,XSHG,active,C36汽车制造业,证监会行业分类,2026-09-28,baostock
2026-09-30,603320,迪贝电气,XSHG,active,C34通用设备制造业,证监会行业分类,2026-09-28,baostock
2026-09-30,603321,梅轮电梯,XSHG,active,C34通用设备制造业,证监会行业分类,2026-09-28,baostock
2026-09-30,603322,超讯科技,XSHG,active,I65软件和信息技术服务业,证监会行业分类,2026-09-28,baostock
2026-09-30,603323,苏农银行,XSHG,active,J66货币金融服务,证监会行业分类,2026-09-28,baostock
2026-09-30,603324,盛剑科技,XSHG,active,C35专用设备制造业,证监会行业分类,2026-09-28,baostock
2026-09-30,603325,博隆技术,XSHG,active,C34通用设备制造业,证监会行业分类,2026-09-28,baostock
2026-09-30,603326,我乐家居,XSHG,active,C21家具制造业,证监会行业分类,2026-09-28,baostock
2026-09-30,603327,福蓉科技,XSHG,active,C39计算机、通信和其他电子设备制造业,证监会行业分类,2026-09-28,baostock
2026-09-30,603328,依顿电子,XSHG,active,C39计算机、通信和其他电子设备制造业,证监会行业分类,2026-09-28,baostock
2026-09-30,603329,上海雅仕,XSHG,active,L72商务服务业,证监会行业分类,2026-09-28,baostock
2026-09-30,603330,天洋新材,XSHG,active,C29橡胶和塑料制品业,证监会行业分类,2026-09-28,baostock
2026-09-30,603331,百达精工,XSHG,active,C34通用设备制造业,证监会行业分类,2026-09-28,baostock
2026-09-30,603332,苏州龙杰,XSHG,active,C28化学纤维制造业,证监会行业分类,2026-09-28,baostock
2026-09-30,603333,福华尚纬,XSHG,active,C38电气机械和器材制造业,证监会行业分类,2026-09-28,baostock
2026-09-30,603334,丰倍生物,XSHG,active,C42废弃资源综合利用业,证监会行业分类,2026-09-28,baostock
2026-09-30,603335,迪生力,XSHG,active,C36汽车制造业,证监会行业分类,2026-09-28,baostock
2026-09-30,603336,宏辉果蔬,XSHG,active,C13农副食品加工业,证监会行业分类,2026-09-28,baostock
2026-09-30,603337,杰克科技,XSHG,active,C35专用设备制造业,证监会行业分类,2026-09-28,baostock
2026-09-30,603338,浙江鼎力,XSHG,active,C35专用设备制造业,证监会行业分类,2026-09-28,baostock
2026-09-30,603339,四方科技,XSHG,active,C33金属制品业,证监会行业分类,2026-09-28,baostock
2026-09-30,603341,龙旗科技,XSHG,active,C39计算机、通信和其他电子设备制造业,证监会行业分类,2026-09-28,baostock
2026-09-30,603344,星德胜,XSHG,active,C38电气机械和器材制造业,证监会行业分类,2026-09-28,baostock
2026-09-30,603345,安井食品,XSHG,active,C13农副食品加工业,证监会行业分类,2026-09-28,baostock
2026-09-30,603348,文灿股份,XSHG,active,C36汽车制造业,证监会行业分类,2026-09-28,baostock
2026-09-30,603350,安乃达,XSHG,active,C38电气机械和器材制造业,证监会行业分类,2026-09-28,baostock
2026-09-30,603351,威尔药业,XSHG,active,C25石油、煤炭及其他燃料加工业,证监会行业分类,2026-09-28,baostock
2026-09-30,603352,至信股份,XSHG,active,C36汽车制造业,证监会行业分类,2026-09-28,baostock
2026-09-30,603353,和顺石油,XSHG,active,F52零售业,证监会行业分类,2026-09-28,baostock
2026-09-30,603355,莱克电气,XSHG,active,C38电气机械和器材制造业,证监会行业分类,2026-09-28,baostock
2026-09-30,603356,华菱精工,XSHG,active,C34通用设备制造业,证监会行业分类,2026-09-28,baostock
2026-09-30,603357,设计总院,XSHG,active,M74专业技术服务业,证监会行业分类,2026-09-28,baostock
2026-09-30,603358,华达科技,XSHG,active,C36汽车制造业,证监会行业分类,2026-09-28,baostock
2026-09-30,603359,*ST东珠,XSHG,active,E48土木工程建筑业,证监会行业分类,2026-09-28,baostock
2026-09-30,603360,百傲化学,XSHG,active,C26化学原料和化学制品制造业,证监会行业分类,2026-09-28,baostock
2026-09-30,603363,傲农生物,XSHG,active,C13农副食品加工业,证监会行业分类,2026-09-28,baostock
2026-09-30,603365,水星家纺,XSHG,active,C17纺织业,证监会行业分类,2026-09-28,baostock
2026-09-30,603366,日出东方,XSHG,active,C38电气机械和器材制造业,证监会行业分类,2026-09-28,baostock
2026-09-30,603367,辰欣药业,XSHG,active,C27医药制造业,证监会行业分类,2026-09-28,baostock
2026-09-30,603368,柳药集团,XSHG,active,F51批发业,证监会行业分类,2026-09-28,baostock
2026-09-30,603369,今世缘,XSHG,active,C15酒、饮料和精制茶制造业,证监会行业分类,2026-09-28,baostock
2026-09-30,603370,华新精科,XSHG,active,C38电气机械和器材制造业,证监会行业分类,2026-09-28,baostock
2026-09-30,603373,安邦护卫,XSHG,active,L72商务服务业,证监会行业分类,2026-09-28,baostock
2026-09-30,603375,盛景微,XSHG,active,C39计算机、通信和其他电子设备制造业,证监会行业分类,2026-09-28,baostock
2026-09-30,603376,大明电子,XSHG,active,C36汽车制造业,证监会行业分类,2026-09-28,baostock
2026-09-30,603377,ST东时,XSHG,active,P83教育,证监会行业分类,2026-09-28,baostock
2026-09-30,603378,*ST亚士,XSHG,active,C26化学原料和化学制品制造业,证监会行业分类,2026-09-28,baostock
2026-09-30,603379,三美股份,XSHG,active,C26化学原料和化学制品制造业,证监会行业分类,2026-09-28,baostock
2026-09-30,603380,易德龙,XSHG,active,C39计算机、通信和其他电子设备制造业,证监会行业分类,2026-09-28,baostock
2026-09-30,603381,永臻股份,XSHG,active,C38电气机械和器材制造业,证监会行业分类,2026-09-28,baostock
2026-09-30,603382,海阳科技,XSHG,active,C26化学原料和化学制品制造业,证监会行业分类,2026-09-28,baostock
2026-09-30,603383,顶点软件,XSHG,active,I65软件和信息技术服务业,证监会行业分类,2026-09-28,baostock
2026-09-30,603385,惠达卫浴,XSHG,active,C30非金属矿物制品业,证监会行业分类,2026-09-28,baostock
2026-09-30,603386,骏亚科技,XSHG,active,C39计算机、通信和其他电子设备制造业,证监会行业分类,2026-09-28,baostock
2026-09-30,603387,基蛋生物,XSHG,active,C27医药制造业,证监会行业分类,2026-09-28,baostock
2026-09-30,603389,亚振家居,XSHG,active,C21家具制造业,证监会行业分类,2026-09-28,baostock
2026-09-30,603390,通达电气,XSHG,active,C39计算机、通信和其他电子设备制造业,证监会行业分类,2026-09-28,baostock
2026-09-30,603391,力聚热能,XSHG,active,C34通用设备制造业,证监会行业分类,2026-09-28,baostock
2026-09-30,603392,万泰生物,XSHG,active,C27医药制造业,证监会行业分类,2026-09-28,baostock
2026-09-30,603393,新天然气,XSHG,active,D45燃气生产和供应业,证监会行业分类,2026-09-28,baostock
2026-09-30,603395,红四方,XSHG,active,C26化学原料和化学制品制造业,证监会行业分类,2026-09-28,baostock
2026-09-30,603396,金辰股份,XSHG,active,C35专用设备制造业,证监会行业分类,2026-09-28,baostock
2026-09-30,603398,*ST沐邦,XSHG,active,C38电气机械和器材制造业,证监会行业分类,2026-09-28,baostock
2026-09-30,603399,永杉锂业,XSHG,active,C32有色金属冶炼和压延加工业,证监会行业分类,2026-09-28,baostock
2026-09-30,603400,华之杰,XSHG,active,C34通用设备制造业,证监会行业分类,2026-09-28,baostock
2026-09-30,603402,陕西旅游,XSHG,active,R88文化艺术业,证监会行业分类,2026-09-28,baostock
2026-09-30,603406,天富龙,XSHG,active,C28化学纤维制造业,证监会行业分类,2026-09-28,baostock
2026-09-30,603407,长裕集团,XSHG,active,C26化学原料和化学制品制造业,证监会行业分类,2026-09-28,baostock
2026-09-30,603408,建霖家居,XSHG,active,C29橡胶和塑料制品业,证监会行业分类,2026-09-28,baostock
2026-09-30,603409,汇通控股,XSHG,active,C36汽车制造业,证监会行业分类,2026-09-28,baostock
2026-09-30,603416,信捷电气,XSHG,active,C40仪器仪表制造业,证监会行业分类,2026-09-28,baostock
2026-09-30,603418,友升股份,XSHG,active,C36汽车制造业,证监会行业分类,2026-09-28,baostock
2026-09-30,603421,鼎信通讯,XSHG,active,C40仪器仪表制造业,证监会行业分类,2026-09-28,baostock
2026-09-30,603429,*ST集友,XSHG,active,C23印刷和记录媒介复制业,证监会行业分类,2026-09-28,baostock
2026-09-30,603435,嘉德利,XSHG,active,C39计算机、通信和其他电子设备制造业,证监会行业分类,2026-09-28,baostock
2026-09-30,603439,三力制药,XSHG,active,C27医药制造业,证监会行业分类,2026-09-28,baostock
2026-09-30,603444,吉比特,XSHG,active,I64互联网和相关服务,证监会行业分类,2026-09-28,baostock
2026-09-30,603448,天博智能,XSHG,active,C36汽车制造业,证监会行业分类,2026-09-28,baostock
2026-09-30,603456,九洲药业,XSHG,active,C27医药制造业,证监会行业分类,2026-09-28,baostock
2026-09-30,603458,勘设股份,XSHG,active,M74专业技术服务业,证监会行业分类,2026-09-28,baostock
2026-09-30,603459,红板科技,XSHG,active,C39计算机、通信和其他电子设备制造业,证监会行业分类,2026-09-28,baostock
2026-09-30,603466,风语筑,XSHG,active,R88文化艺术业,证监会行业分类,2026-09-28,baostock
2026-09-30,603468,津富士达,XSHG,active,C37铁路、船舶、航空航天和其他运输设备制造业,证监会行业分类,2026-09-28,baostock
2026-09-30,603477,巨星农牧,XSHG,active,A03畜牧业,证监会行业分类,2026-09-28,baostock
2026-09-30,603486,科沃斯,XSHG,active,C39计算机、通信和其他电子设备制造业,证监会行业分类,2026-09-28,baostock
2026-09-30,603488,展鹏科技,XSHG,active,C34通用设备制造业,证监会行业分类,2026-09-28,baostock
2026-09-30,603489,八方股份,XSHG,active,C38电气机械和器材制造业,证监会行业分类,2026-09-28,baostock
2026-09-30,603496,恒为科技,XSHG,active,C39计算机、通信和其他电子设备制造业,证监会行业分类,2026-09-28,baostock
2026-09-30,603499,翔港科技,XSHG,active,C23印刷和记录媒介复制业,证监会行业分类,2026-09-28,baostock
2026-09-30,603500,祥和实业,XSHG,active,C37铁路、船舶、航空航天和其他运输设备制造业,证监会行业分类,2026-09-28,baostock
2026-09-30,603501,豪威集团,XSHG,active,C39计算机、通信和其他电子设备制造业,证监会行业分类,2026-09-28,baostock
2026-09-30,603505,金石资源,XSHG,active,B10非金属矿采选业,证监会行业分类,2026-09-28,baostock
2026-09-30,603506,南都物业,XSHG,active,K70房地产业,证监会行业分类,2026-09-28,baostock
2026-09-30,603507,振江股份,XSHG,active,C38电气机械和器材制造业,证监会行业分类,2026-09-28,baostock
2026-09-30,603508,思维列控,XSHG,active,C37铁路、船舶、航空航天和其他运输设备制造业,证监会行业分类,2026-09-28,baostock
2026-09-30,603511,爱慕股份,XSHG,active,C18纺织服装、服饰业,证监会行业分类,2026-09-28,baostock
2026-09-30,603515,欧普照明,XSHG,active,C38电气机械和器材制造业,证监会行业分类,2026-09-28,baostock
2026-09-30,603516,淳中科技,XSHG,active,C39计算机、通信和其他电子设备制造业,证监会行业分类,2026-09-28,baostock
2026-09-30,603517,ST绝味,XSHG,active,C13农副食品加工业,证监会行业分类,2026-09-28,baostock
2026-09-30,603518,锦泓集团,XSHG,active,C18纺织服装、服饰业,证监会行业分类,2026-09-28,baostock
2026-09-30,603519,立霸股份,XSHG,active,C38电气机械和器材制造业,证监会行业分类,2026-09-28,baostock
2026-09-30,603520,司太立,XSHG,active,C27医药制造业,证监会行业分类,2026-09-28,baostock
2026-09-30,603527,众源新材,XSHG,active,C32有色金属冶炼和压延加工业,证监会行业分类,2026-09-28,baostock
2026-09-30,603528,多伦科技,XSHG,active,I65软件和信息技术服务业,证监会行业分类,2026-09-28,baostock
2026-09-30,603529,爱玛科技,XSHG,active,C37铁路、船舶、航空航天和其他运输设备制造业,证监会行业分类,2026-09-28,baostock
2026-09-30,603530,神马电力,XSHG,active,C38电气机械和器材制造业,证监会行业分类,2026-09-28,baostock
2026-09-30,603533,掌阅科技,XSHG,active,I64互联网和相关服务,证监会行业分类,2026-09-28,baostock
2026-09-30,603535,嘉诚国际,XSHG,active,G59装卸搬运和仓储业,证监会行业分类,2026-09-28,baostock
2026-09-30,603536,惠发食品,XSHG,active,C13农副食品加工业,证监会行业分类,2026-09-28,baostock
2026-09-30,603538,美诺华,XSHG,active,C27医药制造业,证监会行业分类,2026-09-28,baostock
2026-09-30,603551,奥普科技,XSHG,active,C38电气机械和器材制造业,证监会行业分类,2026-09-28,baostock
2026-09-30,603556,海兴电力,XSHG,active,C40仪器仪表制造业,证监会行业分类,2026-09-28,baostock
2026-09-30,603557,*ST起步,XSHG,active,C19皮革、毛皮、羽毛及其制品和制鞋业,证监会行业分类,2026-09-28,baostock
2026-09-30,603558,健盛集团,XSHG,active,C18纺织服装、服饰业,证监会行业分类,2026-09-28,baostock
2026-09-30,603559,中通国脉,XSHG,active,I63电信、广播电视和卫星传输服务,证监会行业分类,2026-09-28,baostock
2026-09-30,603565,中谷物流,XSHG,active,G55水上运输业,证监会行业分类,2026-09-28,baostock
2026-09-30,603566,普莱柯,XSHG,active,C27医药制造业,证监会行业分类,2026-09-28,baostock
2026-09-30,603567,珍宝岛,XSHG,active,C27医药制造业,证监会行业分类,2026-09-28,baostock
2026-09-30,603568,伟明环保,XSHG,active,N77生态保护和环境治理业,证监会行业分类,2026-09-28,baostock
2026-09-30,603569,长久物流,XSHG,active,G54道路运输业,证监会行业分类,2026-09-28,baostock
2026-09-30,603577,汇金通,XSHG,active,C33金属制品业,证监会行业分类,2026-09-28,baostock
2026-09-30,603578,三星新材,XSHG,active,C30非金属矿物制品业,证监会行业分类,2026-09-28,baostock
2026-09-30,603579,荣泰健康,XSHG,active,C38电气机械和器材制造业,证监会行业分类,2026-09-28,baostock
2026-09-30,603580,艾艾精工,XSHG,active,C29橡胶和塑料制品业,证监会行业分类,2026-09-28,baostock
2026-09-30,603583,捷昌驱动,XSHG,active,C38电气机械和器材制造业,证监会行业分类,2026-09-28,baostock
2026-09-30,603585,苏利股份,XSHG,active,C26化学原料和化学制品制造业,证监会行业分类,2026-09-28,baostock
2026-09-30,603586,金麒麟,XSHG,active,C36汽车制造业,证监会行业分类,2026-09-28,baostock
2026-09-30,603587,地素时尚,XSHG,active,C18纺织服装、服饰业,证监会行业分类,2026-09-28,baostock
2026-09-30,603588,高能环境,XSHG,active,N77生态保护和环境治理业,证监会行业分类,2026-09-28,baostock
2026-09-30,603589,口子窖,XSHG,active,C15酒、饮料和精制茶制造业,证监会行业分类,2026-09-28,baostock
2026-09-30,603590,康辰药业,XSHG,active,C27医药制造业,证监会行业分类,2026-09-28,baostock
2026-09-30,603595,ST东尼,XSHG,active,C39计算机、通信和其他电子设备制造业,证监会行业分类,2026-09-28,baostock
2026-09-30,603596,伯特利,XSHG,active,C36汽车制造业,证监会行业分类,2026-09-28,baostock
2026-09-30,603598,引力传媒,XSHG,active,L72商务服务业,证监会行业分类,2026-09-28,baostock
2026-09-30,603599,广信股份,XSHG,active,C26化学原料和化学制品制造业,证监会行业分类,2026-09-28,baostock
2026-09-30,603600,永艺股份,XSHG,active,C21家具制造业,证监会行业分类,2026-09-28,baostock
2026-09-30,603601,再升科技,XSHG,active,C30非金属矿物制品业,证监会行业分类,2026-09-28,baostock
2026-09-30,603602,纵横通信,XSHG,active,I65软件和信息技术服务业,证监会行业分类,2026-09-28,baostock
2026-09-30,603605,珀莱雅,XSHG,active,C26化学原料和化学制品制造业,证监会行业分类,2026-09-28,baostock
2026-09-30,603606,东方电缆,XSHG,active,C38电气机械和器材制造业,证监会行业分类,2026-09-28,baostock
2026-09-30,603607,京华激光,XSHG,active,C22造纸和纸制品业,证监会行业分类,2026-09-28,baostock
2026-09-30,603608,天创时尚,XSHG,active,C19皮革、毛皮、羽毛及其制品和制鞋业,证监会行业分类,2026-09-28,baostock
2026-09-30,603609,禾丰股份,XSHG,active,C13农副食品加工业,证监会行业分类,2026-09-28,baostock
2026-09-30,603610,麒盛科技,XSHG,active,C21家具制造业,证监会行业分类,2026-09-28,baostock
2026-09-30,603611,诺力股份,XSHG,active,C34通用设备制造业,证监会行业分类,2026-09-28,baostock
2026-09-30,603612,索通发展,XSHG,active,C30非金属矿物制品业,证监会行业分类,2026-09-28,baostock
2026-09-30,603613,国联股份,XSHG,active,I64互联网和相关服务,证监会行业分类,2026-09-28,baostock
2026-09-30,603615,茶花股份,XSHG,active,C29橡胶和塑料制品业,证监会行业分类,2026-09-28,baostock
2026-09-30,603616,韩建河山,XSHG,active,C30非金属矿物制品业,证监会行业分类,2026-09-28,baostock
2026-09-30,603617,君禾股份,XSHG,active,C34通用设备制造业,证监会行业分类,2026-09-28,baostock
2026-09-30,603618,杭电股份,XSHG,active,C38电气机械和器材制造业,证监会行业分类,2026-09-28,baostock
2026-09-30,603619,中曼石油,XSHG,active,B07石油和天然气开采业,证监会行业分类,2026-09-28,baostock
2026-09-30,603626,科森科技,XSHG,active,C33金属制品业,证监会行业分类,2026-09-28,baostock
2026-09-30,603628,清源股份,XSHG,active,C38电气机械和器材制造业,证监会行业分类,2026-09-28,baostock
2026-09-30,603629,利通电子,XSHG,active,C33金属制品业,证监会行业分类,2026-09-28,baostock
2026-09-30,603630,拉芳家化,XSHG,active,C26化学原料和化学制品制造业,证监会行业分类,2026-09-28,baostock
2026-09-30,603633,徕木股份,XSHG,active,C39计算机、通信和其他电子设备制造业,证监会行业分类,2026-09-28,baostock
2026-09-30,603636,南威软件,XSHG,active,I65软件和信息技术服务业,证监会行业分类,2026-09-28,baostock
2026-09-30,603637,镇海股份,XSHG,active,E48土木工程建筑业,证监会行业分类,2026-09-28,baostock
2026-09-30,603638,艾迪精密,XSHG,active,C35专用设备制造业,证监会行业分类,2026-09-28,baostock
2026-09-30,603639,海利尔,XSHG,active,C26化学原料和化学制品制造业,证监会行业分类,2026-09-28,baostock
2026-09-30,603648,畅联股份,XSHG,active,L72商务服务业,证监会行业分类,2026-09-28,baostock
2026-09-30,603650,彤程新材,XSHG,active,C26化学原料和化学制品制造业,证监会行业分类,2026-09-28,baostock
2026-09-30,603655,朗博科技,XSHG,active,C29橡胶和塑料制品业,证监会行业分类,2026-09-28,baostock
2026-09-30,603656,泰禾智能,XSHG,active,C35专用设备制造业,证监会行业分类,2026-09-28,baostock
2026-09-30,603657,春光科技,XSHG,active,C29橡胶和塑料制品业,证监会行业分类,2026-09-28,baostock
2026-09-30,603658,安图生物,XSHG,active,C27医药制造业,证监会行业分类,2026-09-28,baostock
2026-09-30,603659,璞泰来,XSHG,active,C39计算机、通信和其他电子设备制造业,证监会行业分类,2026-09-28,baostock
2026-09-30,603660,苏州科达,XSHG,active,C39计算机、通信和其他电子设备制造业,证监会行业分类,2026-09-28,baostock
2026-09-30,603661,恒林股份,XSHG,active,C21家具制造业,证监会行业分类,2026-09-28,baostock
2026-09-30,603662,柯力传感,XSHG,active,C39计算机、通信和其他电子设备制造业,证监会行业分类,2026-09-28,baostock
2026-09-30,603663,三祥新材,XSHG,active,C30非金属矿物制品业,证监会行业分类,2026-09-28,baostock
2026-09-30,603665,康隆达,XSHG,active,C17纺织业,证监会行业分类,2026-09-28,baostock
2026-09-30,603666,亿嘉和,XSHG,active,C34通用设备制造业,证监会行业分类,2026-09-28,baostock
2026-09-30,603667,五洲新春,XSHG,active,C34通用设备制造业,证监会行业分类,2026-09-28,baostock
2026-09-30,603668,天马科技,XSHG,active,C13农副食品加工业,证监会行业分类,2026-09-28,baostock
2026-09-30,603669,灵康药业,XSHG,active,C27医药制造业,证监会行业分类,2026-09-28,baostock
2026-09-30,603676,卫信康,XSHG,active,C27医药制造业,证监会行业分类,2026-09-28,baostock
2026-09-30,603677,奇精机械,XSHG,active,C38电气机械和器材制造业,证监会行业分类,2026-09-28,baostock
2026-09-30,603678,火炬电子,XSHG,active,C39计算机、通信和其他电子设备制造业,证监会行业分类,2026-09-28,baostock
2026-09-30,603679,华体科技,XSHG,active,C38电气机械和器材制造业,证监会行业分类,2026-09-28,baostock
2026-09-30,603680,今创集团,XSHG,active,C37铁路、船舶、航空航天和其他运输设备制造业,证监会行业分类,2026-09-28,baostock
2026-09-30,603681,永冠新材,XSHG,active,C26化学原料和化学制品制造业,证监会行业分类,2026-09-28,baostock
2026-09-30,603682,锦和商管,XSHG,active,L72商务服务业,证监会行业分类,2026-09-28,baostock
2026-09-30,603683,晶华新材,XSHG,active,C26化学原料和化学制品制造业,证监会行业分类,2026-09-28,baostock
2026-09-30,603685,晨丰科技,XSHG,active,C38电气机械和器材制造业,证监会行业分类,2026-09-28,baostock
2026-09-30,603686,福龙马,XSHG,active,N78公共设施管理业,证监会行业分类,2026-09-28,baostock
2026-09-30,603687,大胜达,XSHG,active,C22造纸和纸制品业,证监会行业分类,2026-09-28,baostock
2026-09-30,603688,石英股份,XSHG,active,C30非金属矿物制品业,证监会行业分类,2026-09-28,baostock
2026-09-30,603689,皖天然气,XSHG,active,D45燃气生产和供应业,证监会行业分类,2026-09-28,baostock
2026-09-30,603690,至纯科技,XSHG,active,C35专用设备制造业,证监会行业分类,2026-09-28,baostock
2026-09-30,603693,江苏新能,XSHG,active,D44电力、热力生产和供应业,证监会行业分类,2026-09-28,baostock
2026-09-30,603696,安记食品,XSHG,active,C14食品制造业,证监会行业分类,2026-09-28,baostock
2026-09-30,603697,有友食品,XSHG,active,C13农副食品加工业,证监会行业分类,2026-09-28,baostock
2026-09-30,603698,航天工程,XSHG,active,C35专用设备制造业,证监会行业分类,2026-09-28,baostock
2026-09-30,603699,纽威股份,XSHG,active,C34通用设备制造业,证监会行业分类,2026-09-28,baostock
2026-09-30,603700,宁水集团,XSHG,active,C40仪器仪表制造业,证监会行业分类,2026-09-28,baostock
2026-09-30,603701,德宏股份,XSHG,active,C38电气机械和器材制造业,证监会行业分类,2026-09-28,baostock
2026-09-30,603703,盛洋科技,XSHG,active,C38电气机械和器材制造业,证监会行业分类,2026-09-28,baostock
2026-09-30,603706,东方环宇,XSHG,active,D45燃气生产和供应业,证监会行业分类,2026-09-28,baostock
2026-09-30,603707,健友股份,XSHG,active,C27医药制造业,证监会行业分类,2026-09-28,baostock
2026-09-30,603708,家家悦,XSHG,active,F52零售业,证监会行业分类,2026-09-28,baostock
2026-09-30,603709,中源家居,XSHG,active,C21家具制造业,证监会行业分类,2026-09-28,baostock
2026-09-30,603711,香飘飘,XSHG,active,C15酒、饮料和精制茶制造业,证监会行业分类,2026-09-28,baostock
2026-09-30,603712,七一二,XSHG,active,C39计算机、通信和其他电子设备制造业,证监会行业分类,2026-09-28,baostock
2026-09-30,603713,密尔克卫,XSHG,active,G58多式联运和运输代理业,证监会行业分类,2026-09-28,baostock
2026-09-30,603716,塞力医疗,XSHG,active,F51批发业,证监会行业分类,2026-09-28,baostock
2026-09-30,603717,天域生物,XSHG,active,A03畜牧业,证监会行业分类,2026-09-28,baostock
2026-09-30,603718,*ST海利,XSHG,active,C27医药制造业,证监会行业分类,2026-09-28,baostock
2026-09-30,603719,良品铺子,XSHG,active,F52零售业,证监会行业分类,2026-09-28,baostock
2026-09-30,603721,中广天择,XSHG,active,R87广播、电视、电影和录音制作业,证监会行业分类,2026-09-28,baostock
2026-09-30,603722,阿科力,XSHG,active,C26化学原料和化学制品制造业,证监会行业分类,2026-09-28,baostock
2026-09-30,603725,天安新材,XSHG,active,C30非金属矿物制品业,证监会行业分类,2026-09-28,baostock
2026-09-30,603726,朗迪集团,XSHG,active,C29橡胶和塑料制品业,证监会行业分类,2026-09-28,baostock
2026-09-30,603727,博迈科,XSHG,active,B11开采专业及辅助性活动,证监会行业分类,2026-09-28,baostock
2026-09-30,603728,鸣志电器,XSHG,active,C38电气机械和器材制造业,证监会行业分类,2026-09-28,baostock
2026-09-30,603729,ST龙韵,XSHG,active,L72商务服务业,证监会行业分类,2026-09-28,baostock
2026-09-30,603730,岱美股份,XSHG,active,C36汽车制造业,证监会行业分类,2026-09-28,baostock
2026-09-30,603733,仙鹤股份,XSHG,active,C22造纸和纸制品业,证监会行业分类,2026-09-28,baostock
2026-09-30,603737,三棵树,XSHG,active,C26化学原料和化学制品制造业,证监会行业分类,2026-09-28,baostock
2026-09-30,603738,泰晶科技,XSHG,active,C39计算机、通信和其他电子设备制造业,证监会行业分类,2026-09-28,baostock
2026-09-30,603739,蔚蓝生物,XSHG,active,C14食品制造业,证监会行业分类,2026-09-28,baostock
2026-09-30,603755,日辰股份,XSHG,active,C14食品制造业,证监会行业分类,2026-09-28,baostock
2026-09-30,603757,大元泵业,XSHG,active,C34通用设备制造业,证监会行业分类,2026-09-28,baostock
2026-09-30,603758,秦安股份,XSHG,active,C36汽车制造业,证监会行业分类,2026-09-28,baostock
2026-09-30,603759,海天股份,XSHG,active,D46水的生产和供应业,证监会行业分类,2026-09-28,baostock
2026-09-30,603766,隆鑫通用,XSHG,active,C37铁路、船舶、航空航天和其他运输设备制造业,证监会行业分类,2026-09-28,baostock
2026-09-30,603767,中马传动,XSHG,active,C36汽车制造业,证监会行业分类,2026-09-28,baostock
2026-09-30,603768,常青股份,XSHG,active,C36汽车制造业,证监会行业分类,2026-09-28,baostock
2026-09-30,603773,沃格光电,XSHG,active,C39计算机、通信和其他电子设备制造业,证监会行业分类,2026-09-28,baostock
2026-09-30,603776,永安行,XSHG,active,I65软件和信息技术服务业,证监会行业分类,2026-09-28,baostock
2026-09-30,603777,来伊份,XSHG,active,F52零售业,证监会行业分类,2026-09-28,baostock
2026-09-30,603778,国晟科技,XSHG,active,C38电气机械和器材制造业,证监会行业分类,2026-09-28,baostock
2026-09-30,603779,威龙股份,XSHG,active,C15酒、饮料和精制茶制造业,证监会行业分类,2026-09-28,baostock
2026-09-30,603786,科博达,XSHG,active,C36汽车制造业,证监会行业分类,2026-09-28,baostock
2026-09-30,603787,新日股份,XSHG,active,C37铁路、船舶、航空航天和其他运输设备制造业,证监会行业分类,2026-09-28,baostock
2026-09-30,603788,宁波高发,XSHG,active,C36汽车制造业,证监会行业分类,2026-09-28,baostock
2026-09-30,603789,ST星农,XSHG,active,C35专用设备制造业,证监会行业分类,2026-09-28,baostock
2026-09-30,603790,雅运股份,XSHG,active,C26化学原料和化学制品制造业,证监会行业分类,2026-09-28,baostock
2026-09-30,603797,联泰环保,XSHG,active,N77生态保护和环境治理业,证监会行业分类,2026-09-28,baostock
2026-09-30,603798,康普顿,XSHG,active,C25石油、煤炭及其他燃料加工业,证监会行业分类,2026-09-28,baostock
2026-09-30,603799,华友钴业,XSHG,active,C32有色金属冶炼和压延加工业,证监会行业分类,2026-09-28,baostock
2026-09-30,603800,洪田股份,XSHG,active,C35专用设备制造业,证监会行业分类,2026-09-28,baostock
2026-09-30,603801,志邦家居,XSHG,active,C21家具制造业,证监会行业分类,2026-09-28,baostock
2026-09-30,603803,瑞斯康达,XSHG,active,C39计算机、通信和其他电子设备制造业,证监会行业分类,2026-09-28,baostock
2026-09-30,603806,福斯特,XSHG,active,C29橡胶和塑料制品业,证监会行业分类,2026-09-28,baostock
2026-09-30,603808,歌力思,XSHG,active,C18纺织服装、服饰业,证监会行业分类,2026-09-28,baostock
2026-09-30,603809,豪能股份,XSHG,active,C36汽车制造业,证监会行业分类,2026-09-28,baostock
2026-09-30,603810,丰山集团,XSHG,active,C26化学原料和化学制品制造业,证监会行业分类,2026-09-28,baostock
2026-09-30,603811,诚意药业,XSHG,active,C27医药制造业,证监会行业分类,2026-09-28,baostock
2026-09-30,603813,原尚股份,XSHG,active,G54道路运输业,证监会行业分类,2026-09-28,baostock
2026-09-30,603815,交建股份,XSHG,active,E48土木工程建筑业,证监会行业分类,2026-09-28,baostock
2026-09-30,603816,顾家家居,XSHG,active,C21家具制造业,证监会行业分类,2026-09-28,baostock
2026-09-30,603817,海峡环保,XSHG,active,D46水的生产和供应业,证监会行业分类,2026-09-28,baostock
2026-09-30,603818,曲美家居,XSHG,active,C21家具制造业,证监会行业分类,2026-09-28,baostock
2026-09-30,603819,神力股份,XSHG,active,C38电气机械和器材制造业,证监会行业分类,2026-09-28,baostock
2026-09-30,603822,ST嘉澳,XSHG,active,C25石油、煤炭及其他燃料加工业,证监会行业分类,2026-09-28,baostock
2026-09-30,603823,百合花,XSHG,active,C26化学原料和化学制品制造业,证监会行业分类,2026-09-28,baostock
2026-09-30,603825,ST华扬,XSHG,active,L72商务服务业,证监会行业分类,2026-09-28,baostock
2026-09-30,603826,坤彩科技,XSHG,active,C26化学原料和化学制品制造业,证监会行业分类,2026-09-28,baostock
2026-09-30,603828,*ST利达,XSHG,active,E50建筑装饰、装修和其他建筑业,证监会行业分类,2026-09-28,baostock
2026-09-30,603829,洛凯股份,XSHG,active,C38电气机械和器材制造业,证监会行业分类,2026-09-28,baostock
2026-09-30,603833,欧派家居,XSHG,active,C21家具制造业,证监会行业分类,2026-09-28,baostock
2026-09-30,603836,海程邦达,XSHG,active,L72商务服务业,证监会行业分类,2026-09-28,baostock
2026-09-30,603838,*ST四通,XSHG,active,C30非金属矿物制品业,证监会行业分类,2026-09-28,baostock
2026-09-30,603839,安正时尚,XSHG,active,C18纺织服装、服饰业,证监会行业分类,2026-09-28,baostock
2026-09-30,603843,*ST正平,XSHG,active,E48土木工程建筑业,证监会行业分类,2026-09-28,baostock
2026-09-30,603848,好太太,XSHG,active,C33金属制品业,证监会行业分类,2026-09-28,baostock
2026-09-30,603855,华荣股份,XSHG,active,C35专用设备制造业,证监会行业分类,2026-09-28,baostock
2026-09-30,603856,东宏股份,XSHG,active,C29橡胶和塑料制品业,证监会行业分类,2026-09-28,baostock
2026-09-30,603858,步长制药,XSHG,active,C27医药制造业,证监会行业分类,2026-09-28,baostock
2026-09-30,603859,能科科技,XSHG,active,I65软件和信息技术服务业,证监会行业分类,2026-09-28,baostock
2026-09-30,603860,中公高科,XSHG,active,M74专业技术服务业,证监会行业分类,2026-09-28,baostock
2026-09-30,603861,白云电器,XSHG,active,C38电气机械和器材制造业,证监会行业分类,2026-09-28,baostock
2026-09-30,603863,松炀资源,XSHG,active,C22造纸和纸制品业,证监会行业分类,2026-09-28,baostock
2026-09-30,603866,桃李面包,XSHG,active,C14食品制造业,证监会行业分类,2026-09-28,baostock
2026-09-30,603867,新化股份,XSHG,active,C26化学原料和化学制品制造业,证监会行业分类,2026-09-28,baostock
2026-09-30,603868,飞科电器,XSHG,active,C38电气机械和器材制造业,证监会行业分类,2026-09-28,baostock
2026-09-30,603869,ST智知,XSHG,active,I65软件和信息技术服务业,证监会行业分类,2026-09-28,baostock
2026-09-30,603871,嘉友国际,XSHG,active,G58多式联运和运输代理业,证监会行业分类,2026-09-28,baostock
2026-09-30,603876,鼎胜新材,XSHG,active,C32有色金属冶炼和压延加工业,证监会行业分类,2026-09-28,baostock
2026-09-30,603877,太平鸟,XSHG,active,C18纺织服装、服饰业,证监会行业分类,2026-09-28,baostock
2026-09-30,603878,武进不锈,XSHG,active,C31黑色金属冶炼和压延加工业,证监会行业分类,2026-09-28,baostock
2026-09-30,603879,永悦科技,XSHG,active,C26化学原料和化学制品制造业,证监会行业分类,2026-09-28,baostock
2026-09-30,603880,南卫股份,XSHG,active,C27医药制造业,证监会行业分类,2026-09-28,baostock
2026-09-30,603881,数据港,XSHG,active,I65软件和信息技术服务业,证监会行业分类,2026-09-28,baostock
2026-09-30,603882,金域医学,XSHG,active,Q84卫生,证监会行业分类,2026-09-28,baostock
2026-09-30,603883,老百姓,XSHG,active,F52零售业,证监会行业分类,2026-09-28,baostock
2026-09-30,603885,吉祥航空,XSHG,active,G56航空运输业,证监会行业分类,2026-09-28,baostock
2026-09-30,603886,元祖股份,XSHG,active,C14食品制造业,证监会行业分类,2026-09-28,baostock
2026-09-30,603887,城地香江,XSHG,active,I65软件和信息技术服务业,证监会行业分类,2026-09-28,baostock
2026-09-30,603888,新华网,XSHG,active,I64互联网和相关服务,证监会行业分类,2026-09-28,baostock
2026-09-30,603889,新澳股份,XSHG,active,C17纺织业,证监会行业分类,2026-09-28,baostock
2026-09-30,603890,春秋电子,XSHG,active,C39计算机、通信和其他电子设备制造业,证监会行业分类,2026-09-28,baostock
2026-09-30,603893,瑞芯微,XSHG,active,C39计算机、通信和其他电子设备制造业,证监会行业分类,2026-09-28,baostock
2026-09-30,603895,天永智能,XSHG,active,C35专用设备制造业,证监会行业分类,2026-09-28,baostock
2026-09-30,603896,寿仙谷,XSHG,active,C27医药制造业,证监会行业分类,2026-09-28,baostock
2026-09-30,603897,长城科技,XSHG,active,C38电气机械和器材制造业,证监会行业分类,2026-09-28,baostock
2026-09-30,603898,好莱客,XSHG,active,C21家具制造业,证监会行业分类,2026-09-28,baostock
2026-09-30,603899,晨光股份,XSHG,active,C24文教、工美、体育和娱乐用品制造业,证监会行业分类,2026-09-28,baostock
2026-09-30,603900,莱绅通灵,XSHG,active,F52零售业,证监会行业分类,2026-09-28,baostock
2026-09-30,603901,永创智能,XSHG,active,C34通用设备制造业,证监会行业分类,2026-09-28,baostock
2026-09-30,603903,中持股份,XSHG,active,N77生态保护和环境治理业,证监会行业分类,2026-09-28,baostock
2026-09-30,603906,龙蟠科技,XSHG,active,C39计算机、通信和其他电子设备制造业,证监会行业分类,2026-09-28,baostock
2026-09-30,603908,牧高笛,XSHG,active,C17纺织业,证监会行业分类,2026-09-28,baostock
2026-09-30,603909,建发合诚,XSHG,active,E48土木工程建筑业,证监会行业分类,2026-09-28,baostock
2026-09-30,603912,佳力图,XSHG,active,C34通用设备制造业,证监会行业分类,2026-09-28,baostock
2026-09-30,603915,国茂股份,XSHG,active,C34通用设备制造业,证监会行业分类,2026-09-28,baostock
2026-09-30,603916,苏博特,XSHG,active,C26化学原料和化学制品制造业,证监会行业分类,2026-09-28,baostock
2026-09-30,603917,合力科技,XSHG,active,C35专用设备制造业,证监会行业分类,2026-09-28,baostock
2026-09-30,603918,金桥信息,XSHG,active,I65软件和信息技术服务业,证监会行业分类,2026-09-28,baostock
2026-09-30,603919,金徽酒,XSHG,active,C15酒、饮料和精制茶制造业,证监会行业分类,2026-09-28,baostock
2026-09-30,603920,世运电路,XSHG,active,C39计算机、通信和其他电子设备制造业,证监会行业分类,2026-09-28,baostock
2026-09-30,603922,ST金鸿顺,XSHG,active,C36汽车制造业,证监会行业分类,2026-09-28,baostock
2026-09-30,603926,铁流股份,XSHG,active,C36汽车制造业,证监会行业分类,2026-09-28,baostock
2026-09-30,603927,中科软,XSHG,active,I65软件和信息技术服务业,证监会行业分类,2026-09-28,baostock
2026-09-30,603928,兴业股份,XSHG,active,C26化学原料和化学制品制造业,证监会行业分类,2026-09-28,baostock
2026-09-30,603929,亚翔集成,XSHG,active,E49建筑安装业,证监会行业分类,2026-09-28,baostock
2026-09-30,603931,格林达,XSHG,active,C26化学原料和化学制品制造业,证监会行业分类,2026-09-28,baostock
2026-09-30,603933,睿能科技,XSHG,active,C39计算机、通信和其他电子设备制造业,证监会行业分类,2026-09-28,baostock
2026-09-30,603936,博敏电子,XSHG,active,C39计算机、通信和其他电子设备制造业,证监会行业分类,2026-09-28,baostock
2026-09-30,603937,丽岛新材,XSHG,active,C33金属制品业,证监会行业分类,2026-09-28,baostock
2026-09-30,603938,三孚股份,XSHG,active,C26化学原料和化学制品制造业,证监会行业分类,2026-09-28,baostock
2026-09-30,603939,益丰药房,XSHG,active,F52零售业,证监会行业分类,2026-09-28,baostock
2026-09-30,603948,建业股份,XSHG,active,C26化学原料和化学制品制造业,证监会行业分类,2026-09-28,baostock
2026-09-30,603949,雪龙集团,XSHG,active,C36汽车制造业,证监会行业分类,2026-09-28,baostock
2026-09-30,603950,长源东谷,XSHG,active,C36汽车制造业,证监会行业分类,2026-09-28,baostock
2026-09-30,603955,大千生态,XSHG,active,E48土木工程建筑业,证监会行业分类,2026-09-28,baostock
2026-09-30,603956,威派格,XSHG,active,C35专用设备制造业,证监会行业分类,2026-09-28,baostock
2026-09-30,603958,哈森股份,XSHG,active,C19皮革、毛皮、羽毛及其制品和制鞋业,证监会行业分类,2026-09-28,baostock
2026-09-30,603959,ST百利,XSHG,active,M74专业技术服务业,证监会行业分类,2026-09-28,baostock
2026-09-30,603960,克来机电,XSHG,active,C35专用设备制造业,证监会行业分类,2026-09-28,baostock
2026-09-30,603966,法兰泰克,XSHG,active,C34通用设备制造业,证监会行业分类,2026-09-28,baostock
2026-09-30,603967,中创物流,XSHG,active,G58多式联运和运输代理业,证监会行业分类,2026-09-28,baostock
2026-09-30,603968,醋化股份,XSHG,active,C26化学原料和化学制品制造业,证监会行业分类,2026-09-28,baostock
2026-09-30,603969,银龙股份,XSHG,active,C33金属制品业,证监会行业分类,2026-09-28,baostock
2026-09-30,603970,中农立华,XSHG,active,F51批发业,证监会行业分类,2026-09-28,baostock
2026-09-30,603976,正川股份,XSHG,active,C27医药制造业,证监会行业分类,2026-09-28,baostock
2026-09-30,603977,国泰集团,XSHG,active,C26化学原料和化学制品制造业,证监会行业分类,2026-09-28,baostock
2026-09-30,603978,深圳新星,XSHG,active,C32有色金属冶炼和压延加工业,证监会行业分类,2026-09-28,baostock
2026-09-30,603979,金诚信,XSHG,active,B11开采专业及辅助性活动,证监会行业分类,2026-09-28,baostock
2026-09-30,603980,吉华集团,XSHG,active,C26化学原料和化学制品制造业,证监会行业分类,2026-09-28,baostock
2026-09-30,603982,泉峰汽车,XSHG,active,C36汽车制造业,证监会行业分类,2026-09-28,baostock
2026-09-30,603983,丸美生物,XSHG,active,C26化学原料和化学制品制造业,证监会行业分类,2026-09-28,baostock
2026-09-30,603985,恒润股份,XSHG,active,C33金属制品业,证监会行业分类,2026-09-28,baostock
2026-09-30,603986,兆易创新,XSHG,active,C39计算机、通信和其他电子设备制造业,证监会行业分类,2026-09-28,baostock
2026-09-30,603987,康德莱,XSHG,active,C35专用设备制造业,证监会行业分类,2026-09-28,baostock
2026-09-30,603988,中电电机,XSHG,active,C38电气机械和器材制造业,证监会行业分类,2026-09-28,baostock
2026-09-30,603989,艾华集团,XSHG,active,C39计算机、通信和其他电子设备制造业,证监会行业分类,2026-09-28,baostock
2026-09-30,603990,麦迪科技,XSHG,active,I65软件和信息技术服务业,证监会行业分类,2026-09-28,baostock
2026-09-30,603991,领先股份,XSHG,active,C29橡胶和塑料制品业,证监会行业分类,2026-09-28,baostock
2026-09-30,603992,松霖科技,XSHG,active,C29橡胶和塑料制品业,证监会行业分类,2026-09-28,baostock
2026-09-30,603993,洛阳钼业,XSHG,active,B09有色金属矿采选业,证监会行业分类,2026-09-28,baostock
2026-09-30,603995,甬金股份,XSHG,active,C31黑色金属冶炼和压延加工业,证监会行业分类,2026-09-28,baostock
2026-09-30,603997,继峰股份,XSHG,active,C36汽车制造业,证监会行业分类,2026-09-28,baostock
2026-09-30,603998,方盛制药,XSHG,active,C27医药制造业,证监会行业分类,2026-09-28,baostock
2026-09-30,603999,读者传媒,XSHG,active,R86新闻和出版业,证监会行业分类,2026-09-28,baostock
2026-09-30,605001,威奥股份,XSHG,active,C37铁路、船舶、航空航天和其他运输设备制造业,证监会行业分类,2026-09-28,baostock
2026-09-30,605003,众望布艺,XSHG,active,C17纺织业,证监会行业分类,2026-09-28,baostock
2026-09-30,605005,合兴股份,XSHG,active,C36汽车制造业,证监会行业分类,2026-09-28,baostock
2026-09-30,605006,山东玻纤,XSHG,active,C30非金属矿物制品业,证监会行业分类,2026-09-28,baostock
2026-09-30,605007,五洲特纸,XSHG,active,C22造纸和纸制品业,证监会行业分类,2026-09-28,baostock
2026-09-30,605008,长鸿高科,XSHG,active,C26化学原料和化学制品制造业,证监会行业分类,2026-09-28,baostock
2026-09-30,605009,豪悦护理,XSHG,active,C22造纸和纸制品业,证监会行业分类,2026-09-28,baostock
2026-09-30,605011,杭州热电,XSHG,active,D44电力、热力生产和供应业,证监会行业分类,2026-09-28,baostock
2026-09-30,605016,百龙创园,XSHG,active,C14食品制造业,证监会行业分类,2026-09-28,baostock
2026-09-30,605018,长华集团,XSHG,active,C36汽车制造业,证监会行业分类,2026-09-28,baostock
2026-09-30,605020,永和股份,XSHG,active,C26化学原料和化学制品制造业,证监会行业分类,2026-09-28,baostock
2026-09-30,605028,世茂能源,XSHG,active,D44电力、热力生产和供应业,证监会行业分类,2026-09-28,baostock
2026-09-30,605033,美邦股份,XSHG,active,C26化学原料和化学制品制造业,证监会行业分类,2026-09-28,baostock
2026-09-30,605050,福然德,XSHG,active,G58多式联运和运输代理业,证监会行业分类,2026-09-28,baostock
2026-09-30,605055,迎丰股份,XSHG,active,C17纺织业,证监会行业分类,2026-09-28,baostock
2026-09-30,605056,咸亨国际,XSHG,active,F51批发业,证监会行业分类,2026-09-28,baostock
2026-09-30,605058,澳弘电子,XSHG,active,C39计算机、通信和其他电子设备制造业,证监会行业分类,2026-09-28,baostock
2026-09-30,605060,联德股份,XSHG,active,C34通用设备制造业,证监会行业分类,2026-09-28,baostock
2026-09-30,605066,天正电气,XSHG,active,C38电气机械和器材制造业,证监会行业分类,2026-09-28,baostock
2026-09-30,605068,明新旭腾,XSHG,active,C19皮革、毛皮、羽毛及其制品和制鞋业,证监会行业分类,2026-09-28,baostock
2026-09-30,605069,正和生态,XSHG,active,N77生态保护和环境治理业,证监会行业分类,2026-09-28,baostock
2026-09-30,605077,华康股份,XSHG,active,C14食品制造业,证监会行业分类,2026-09-28,baostock
2026-09-30,605080,浙江自然,XSHG,active,C17纺织业,证监会行业分类,2026-09-28,baostock
2026-09-30,605086,龙高股份,XSHG,active,B10非金属矿采选业,证监会行业分类,2026-09-28,baostock
2026-09-30,605088,冠盛股份,XSHG,active,C36汽车制造业,证监会行业分类,2026-09-28,baostock
2026-09-30,605089,味知香,XSHG,active,C13农副食品加工业,证监会行业分类,2026-09-28,baostock
2026-09-30,605090,九丰能源,XSHG,active,D45燃气生产和供应业,证监会行业分类,2026-09-28,baostock
2026-09-30,605098,行动教育,XSHG,active,P83教育,证监会行业分类,2026-09-28,baostock
2026-09-30,605099,共创草坪,XSHG,active,C29橡胶和塑料制品业,证监会行业分类,2026-09-28,baostock
2026-09-30,605100,华丰股份,XSHG,active,C34通用设备制造业,证监会行业分类,2026-09-28,baostock
2026-09-30,605108,同庆楼,XSHG,active,H62餐饮业,证监会行业分类,2026-09-28,baostock
2026-09-30,605111,新洁能,XSHG,active,C39计算机、通信和其他电子设备制造业,证监会行业分类,2026-09-28,baostock
2026-09-30,605116,奥锐特,XSHG,active,C27医药制造业,证监会行业分类,2026-09-28,baostock
2026-09-30,605117,德业股份,XSHG,active,C38电气机械和器材制造业,证监会行业分类,2026-09-28,baostock
2026-09-30,605118,力鼎光电,XSHG,active,C39计算机、通信和其他电子设备制造业,证监会行业分类,2026-09-28,baostock
2026-09-30,605122,四方新材,XSHG,active,C30非金属矿物制品业,证监会行业分类,2026-09-28,baostock
2026-09-30,605123,派克新材,XSHG,active,C33金属制品业,证监会行业分类,2026-09-28,baostock
2026-09-30,605128,上海沿浦,XSHG,active,C36汽车制造业,证监会行业分类,2026-09-28,baostock
2026-09-30,605133,嵘泰股份,XSHG,active,C36汽车制造业,证监会行业分类,2026-09-28,baostock
2026-09-30,605136,丽人丽妆,XSHG,active,F52零售业,证监会行业分类,2026-09-28,baostock
2026-09-30,605138,盛泰集团,XSHG,active,C18纺织服装、服饰业,证监会行业分类,2026-09-28,baostock
2026-09-30,605151,西上海,XSHG,active,C36汽车制造业,证监会行业分类,2026-09-28,baostock
2026-09-30,605155,西大门,XSHG,active,C17纺织业,证监会行业分类,2026-09-28,baostock
2026-09-30,605158,华达新材,XSHG,active,C33金属制品业,证监会行业分类,2026-09-28,baostock
2026-09-30,605162,新中港,XSHG,active,D44电力、热力生产和供应业,证监会行业分类,2026-09-28,baostock
2026-09-30,605166,聚合顺,XSHG,active,C26化学原料和化学制品制造业,证监会行业分类,2026-09-28,baostock
2026-09-30,605167,利柏特,XSHG,active,E48土木工程建筑业,证监会行业分类,2026-09-28,baostock
2026-09-30,605168,三人行,XSHG,active,L72商务服务业,证监会行业分类,2026-09-28,baostock
2026-09-30,605169,洪通燃气,XSHG,active,D45燃气生产和供应业,证监会行业分类,2026-09-28,baostock
2026-09-30,605177,东亚药业,XSHG,active,C27医药制造业,证监会行业分类,2026-09-28,baostock
2026-09-30,605178,时空科技,XSHG,active,E50建筑装饰、装修和其他建筑业,证监会行业分类,2026-09-28,baostock
2026-09-30,605179,一鸣食品,XSHG,active,C14食品制造业,证监会行业分类,2026-09-28,baostock
2026-09-30,605180,华生科技,XSHG,active,C17纺织业,证监会行业分类,2026-09-28,baostock
2026-09-30,605183,确成股份,XSHG,active,C26化学原料和化学制品制造业,证监会行业分类,2026-09-28,baostock
2026-09-30,605186,健麾信息,XSHG,active,C35专用设备制造业,证监会行业分类,2026-09-28,baostock
2026-09-30,605188,国光连锁,XSHG,active,F52零售业,证监会行业分类,2026-09-28,baostock
2026-09-30,605189,富春染织,XSHG,active,C17纺织业,证监会行业分类,2026-09-28,baostock
2026-09-30,605196,华通线缆,XSHG,active,C38电气机械和器材制造业,证监会行业分类,2026-09-28,baostock
2026-09-30,605198,安德利,XSHG,active,C15酒、饮料和精制茶制造业,证监会行业分类,2026-09-28,baostock
2026-09-30,605199,ST葫芦娃,XSHG,active,C27医药制造业,证监会行业分类,2026-09-28,baostock
2026-09-30,605208,永茂泰,XSHG,active,C32有色金属冶炼和压延加工业,证监会行业分类,2026-09-28,baostock
2026-09-30,605218,伟时电子,XSHG,active,C39计算机、通信和其他电子设备制造业,证监会行业分类,2026-09-28,baostock
2026-09-30,605222,起帆电缆,XSHG,active,C38电气机械和器材制造业,证监会行业分类,2026-09-28,baostock
2026-09-30,605228,神通科技,XSHG,active,C36汽车制造业,证监会行业分类,2026-09-28,baostock
2026-09-30,605255,天普股份,XSHG,active,C29橡胶和塑料制品业,证监会行业分类,2026-09-28,baostock
2026-09-30,605258,协和电子,XSHG,active,C39计算机、通信和其他电子设备制造业,证监会行业分类,2026-09-28,baostock
2026-09-30,605259,绿田机械,XSHG,active,C34通用设备制造业,证监会行业分类,2026-09-28,baostock
2026-09-30,605266,健之佳,XSHG,active,F52零售业,证监会行业分类,2026-09-28,baostock
2026-09-30,605268,王力安防,XSHG,active,C33金属制品业,证监会行业分类,2026-09-28,baostock
2026-09-30,605277,新亚电子,XSHG,active,C38电气机械和器材制造业,证监会行业分类,2026-09-28,baostock
2026-09-30,605286,同力天启,XSHG,active,C34通用设备制造业,证监会行业分类,2026-09-28,baostock
2026-09-30,605287,德才股份,XSHG,active,E50建筑装饰、装修和其他建筑业,证监会行业分类,2026-09-28,baostock
2026-09-30,605288,凯迪股份,XSHG,active,C38电气机械和器材制造业,证监会行业分类,2026-09-28,baostock
2026-09-30,605289,罗曼股份,XSHG,active,E50建筑装饰、装修和其他建筑业,证监会行业分类,2026-09-28,baostock
2026-09-30,605296,神农集团,XSHG,active,A03畜牧业,证监会行业分类,2026-09-28,baostock
2026-09-30,605298,必得科技,XSHG,active,C37铁路、船舶、航空航天和其他运输设备制造业,证监会行业分类,2026-09-28,baostock
2026-09-30,605299,舒华体育,XSHG,active,C24文教、工美、体育和娱乐用品制造业,证监会行业分类,2026-09-28,baostock
2026-09-30,605300,佳禾食品,XSHG,active,C14食品制造业,证监会行业分类,2026-09-28,baostock
2026-09-30,605303,园林股份,XSHG,active,E48土木工程建筑业,证监会行业分类,2026-09-28,baostock
2026-09-30,605305,中际联合,XSHG,active,C35专用设备制造业,证监会行业分类,2026-09-28,baostock
2026-09-30,605318,法狮龙,XSHG,active,C41其他制造业,证监会行业分类,2026-09-28,baostock
2026-09-30,605319,无锡振华,XSHG,active,C36汽车制造业,证监会行业分类,2026-09-28,baostock
2026-09-30,605333,沪光股份,XSHG,active,C36汽车制造业,证监会行业分类,2026-09-28,baostock
2026-09-30,605336,*ST帅电,XSHG,active,C38电气机械和器材制造业,证监会行业分类,2026-09-28,baostock
2026-09-30,605337,李子园,XSHG,active,C15酒、饮料和精制茶制造业,证监会行业分类,2026-09-28,baostock
2026-09-30,605338,巴比食品,XSHG,active,C14食品制造业,证监会行业分类,2026-09-28,baostock
2026-09-30,605339,南侨食品,XSHG,active,C14食品制造业,证监会行业分类,2026-09-28,baostock
2026-09-30,605358,立昂微,XSHG,active,C39计算机、通信和其他电子设备制造业,证监会行业分类,2026-09-28,baostock
2026-09-30,605365,立达信,XSHG,active,C38电气机械和器材制造业,证监会行业分类,2026-09-28,baostock
2026-09-30,605366,宏柏新材,XSHG,active,C26化学原料和化学制品制造业,证监会行业分类,2026-09-28,baostock
2026-09-30,605368,蓝天燃气,XSHG,active,D45燃气生产和供应业,证监会行业分类,2026-09-28,baostock
2026-09-30,605369,拱东医疗,XSHG,active,C35专用设备制造业,证监会行业分类,2026-09-28,baostock
2026-09-30,605376,博迁新材,XSHG,active,C39计算机、通信和其他电子设备制造业,证监会行业分类,2026-09-28,baostock
2026-09-30,605377,华旺科技,XSHG,active,C22造纸和纸制品业,证监会行业分类,2026-09-28,baostock
2026-09-30,605378,野马电池,XSHG,active,C38电气机械和器材制造业,证监会行业分类,2026-09-28,baostock
2026-09-30,605388,均瑶健康,XSHG,active,C15酒、饮料和精制茶制造业,证监会行业分类,2026-09-28,baostock
2026-09-30,605389,长龄液压,XSHG,active,C34通用设备制造业,证监会行业分类,2026-09-28,baostock
2026-09-30,605398,新炬网络,XSHG,active,I65软件和信息技术服务业,证监会行业分类,2026-09-28,baostock
2026-09-30,605399,晨光新材,XSHG,active,C26化学原料和化学制品制造业,证监会行业分类,2026-09-28,baostock
2026-09-30,605488,福莱新材,XSHG,active,C29橡胶和塑料制品业,证监会行业分类,2026-09-28,baostock
2026-09-30,605499,东鹏饮料,XSHG,active,C15酒、饮料和精制茶制造业,证监会行业分类,2026-09-28,baostock
2026-09-30,605500,森林包装,XSHG,active,C22造纸和纸制品业,证监会行业分类,2026-09-28,baostock
2026-09-30,605507,国邦医药,XSHG,active,C27医药制造业,证监会行业分类,2026-09-28,baostock
2026-09-30,605555,德昌股份,XSHG,active,C38电气机械和器材制造业,证监会行业分类,2026-09-28,baostock
2026-09-30,605566,福莱蒽特,XSHG,active,C26化学原料和化学制品制造业,证监会行业分类,2026-09-28,baostock
2026-09-30,605567,春雪食品,XSHG,active,C13农副食品加工业,证监会行业分类,2026-09-28,baostock
2026-09-30,605577,龙版传媒,XSHG,active,R86新闻和出版业,证监会行业分类,2026-09-28,baostock
2026-09-30,605580,恒盛能源,XSHG,active,D44电力、热力生产和供应业,证监会行业分类,2026-09-28,baostock
2026-09-30,605588,冠石科技,XSHG,active,C39计算机、通信和其他电子设备制造业,证监会行业分类,2026-09-28,baostock
2026-09-30,605589,圣泉集团,XSHG,active,C26化学原料和化学制品制造业,证监会行业分类,2026-09-28,baostock
2026-09-30,605598,上海港湾,XSHG,active,E48土木工程建筑业,证监会行业分类,2026-09-28,baostock
2026-09-30,605599,菜百股份,XSHG,active,F52零售业,证监会行业分类,2026-09-28,baostock
2026-09-30,688001,华兴源创,XSHG,active,C35专用设备制造业,证监会行业分类,2026-09-28,baostock
2026-09-30,688002,睿创微纳,XSHG,active,C39计算机、通信和其他电子设备制造业,证监会行业分类,2026-09-28,baostock
2026-09-30,688003,天准科技,XSHG,active,C35专用设备制造业,证监会行业分类,2026-09-28,baostock
2026-09-30,688004,博汇科技,XSHG,active,I65软件和信息技术服务业,证监会行业分类,2026-09-28,baostock
2026-09-30,688005,容百科技,XSHG,active,C39计算机、通信和其他电子设备制造业,证监会行业分类,2026-09-28,baostock
2026-09-30,688006,杭可科技,XSHG,active,C35专用设备制造业,证监会行业分类,2026-09-28,baostock
2026-09-30,688007,光峰科技,XSHG,active,C39计算机、通信和其他电子设备制造业,证监会行业分类,2026-09-28,baostock
2026-09-30,688008,澜起科技,XSHG,active,C39计算机、通信和其他电子设备制造业,证监会行业分类,2026-09-28,baostock
2026-09-30,688009,中国通号,XSHG,active,C37铁路、船舶、航空航天和其他运输设备制造业,证监会行业分类,2026-09-28,baostock
2026-09-30,688010,福光股份,XSHG,active,C40仪器仪表制造业,证监会行业分类,2026-09-28,baostock
2026-09-30,688011,新光光电,XSHG,active,C39计算机、通信和其他电子设备制造业,证监会行业分类,2026-09-28,baostock
2026-09-30,688012,中微公司,XSHG,active,C35专用设备制造业,证监会行业分类,2026-09-28,baostock
2026-09-30,688013,天臣医疗,XSHG,active,C35专用设备制造业,证监会行业分类,2026-09-28,baostock
2026-09-30,688015,交控科技,XSHG,active,C37铁路、船舶、航空航天和其他运输设备制造业,证监会行业分类,2026-09-28,baostock
2026-09-30,688016,心脉医疗,XSHG,active,C35专用设备制造业,证监会行业分类,2026-09-28,baostock
2026-09-30,688017,绿的谐波,XSHG,active,C34通用设备制造业,证监会行业分类,2026-09-28,baostock
2026-09-30,688018,乐鑫科技,XSHG,active,I65软件和信息技术服务业,证监会行业分类,2026-09-28,baostock
2026-09-30,688019,安集科技,XSHG,active,C39计算机、通信和其他电子设备制造业,证监会行业分类,2026-09-28,baostock
2026-09-30,688020,方邦股份,XSHG,active,C39计算机、通信和其他电子设备制造业,证监会行业分类,2026-09-28,baostock
2026-09-30,688021,奥福科技,XSHG,active,C35专用设备制造业,证监会行业分类,2026-09-28,baostock
2026-09-30,688022,ST瀚川,XSHG,active,C35专用设备制造业,证监会行业分类,2026-09-28,baostock
2026-09-30,688023,安恒信息,XSHG,active,I65软件和信息技术服务业,证监会行业分类,2026-09-28,baostock
2026-09-30,688025,杰普特,XSHG,active,C39计算机、通信和其他电子设备制造业,证监会行业分类,2026-09-28,baostock
2026-09-30,688026,洁特生物,XSHG,active,C29橡胶和塑料制品业,证监会行业分类,2026-09-28,baostock
2026-09-30,688027,国盾量子,XSHG,active,C39计算机、通信和其他电子设备制造业,证监会行业分类,2026-09-28,baostock
2026-09-30,688028,沃尔德,XSHG,active,C34通用设备制造业,证监会行业分类,2026-09-28,baostock
2026-09-30,688029,南微医学,XSHG,active,C35专用设备制造业,证监会行业分类,2026-09-28,baostock
2026-09-30,688030,山石网科,XSHG,active,I65软件和信息技术服务业,证监会行业分类,2026-09-28,baostock
2026-09-30,688031,星环科技,XSHG,active,I65软件和信息技术服务业,证监会行业分类,2026-09-28,baostock
2026-09-30,688032,禾迈股份,XSHG,active,C38电气机械和器材制造业,证监会行业分类,2026-09-28,baostock
2026-09-30,688033,*ST天宜,XSHG,active,C30非金属矿物制品业,证监会行业分类,2026-09-28,baostock
2026-09-30,688035,德邦科技,XSHG,active,C39计算机、通信和其他电子设备制造业,证监会行业分类,2026-09-28,baostock
2026-09-30,688036,传音控股,XSHG,active,C39计算机、通信和其他电子设备制造业,证监会行业分类,2026-09-28,baostock
2026-09-30,688037,芯源微,XSHG,active,C35专用设备制造业,证监会行业分类,2026-09-28,baostock
2026-09-30,688038,中科通达,XSHG,active,I65软件和信息技术服务业,证监会行业分类,2026-09-28,baostock
2026-09-30,688039,当虹科技,XSHG,active,I65软件和信息技术服务业,证监会行业分类,2026-09-28,baostock
2026-09-30,688041,海光信息,XSHG,active,C39计算机、通信和其他电子设备制造业,证监会行业分类,2026-09-28,baostock
2026-09-30,688045,必易微,XSHG,active,I65软件和信息技术服务业,证监会行业分类,2026-09-28,baostock
2026-09-30,688046,药康生物,XSHG,active,M73研究和试验发展,证监会行业分类,2026-09-28,baostock
2026-09-30,688047,龙芯中科,XSHG,active,C39计算机、通信和其他电子设备制造业,证监会行业分类,2026-09-28,baostock
2026-09-30,688048,长光华芯,XSHG,active,C39计算机、通信和其他电子设备制造业,证监会行业分类,2026-09-28,baostock
2026-09-30,688049,炬芯科技,XSHG,active,C39计算机、通信和其他电子设备制造业,证监会行业分类,2026-09-28,baostock
2026-09-30,688050,爱博医疗,XSHG,active,C35专用设备制造业,证监会行业分类,2026-09-28,baostock
2026-09-30,688051,佳华科技,XSHG,active,I65软件和信息技术服务业,证监会行业分类,2026-09-28,baostock
2026-09-30,688052,纳芯微,XSHG,active,I65软件和信息技术服务业,证监会行业分类,2026-09-28,baostock
2026-09-30,688053,ST思科瑞,XSHG,active,M74专业技术服务业,证监会行业分类,2026-09-28,baostock
2026-09-30,688055,龙腾光电,XSHG,active,C39计算机、通信和其他电子设备制造业,证监会行业分类,2026-09-28,baostock
2026-09-30,688056,莱伯泰科,XSHG,active,C40仪器仪表制造业,证监会行业分类,2026-09-28,baostock
2026-09-30,688057,金达莱,XSHG,active,N77生态保护和环境治理业,证监会行业分类,2026-09-28,baostock
2026-09-30,688058,宝兰德,XSHG,active,I65软件和信息技术服务业,证监会行业分类,2026-09-28,baostock
2026-09-30,688059,华锐精密,XSHG,active,C33金属制品业,证监会行业分类,2026-09-28,baostock
2026-09-30,688060,云涌科技,XSHG,active,I65软件和信息技术服务业,证监会行业分类,2026-09-28,baostock
2026-09-30,688061,灿瑞科技,XSHG,active,I65软件和信息技术服务业,证监会行业分类,2026-09-28,baostock
2026-09-30,688062,迈威生物,XSHG,active,C27医药制造业,证监会行业分类,2026-09-28,baostock
2026-09-30,688063,派能科技,XSHG,active,C38电气机械和器材制造业,证监会行业分类,2026-09-28,baostock
2026-09-30,688065,凯赛生物,XSHG,active,C28化学纤维制造业,证监会行业分类,2026-09-28,baostock
2026-09-30,688066,*ST航图,XSHG,active,I65软件和信息技术服务业,证监会行业分类,2026-09-28,baostock
2026-09-30,688067,爱威科技,XSHG,active,C27医药制造业,证监会行业分类,2026-09-28,baostock
2026-09-30,688068,热景生物,XSHG,active,C27医药制造业,证监会行业分类,2026-09-28,baostock
2026-09-30,688069,德林海,XSHG,active,N77生态保护和环境治理业,证监会行业分类,2026-09-28,baostock
2026-09-30,688070,纵横股份,XSHG,active,C37铁路、船舶、航空航天和其他运输设备制造业,证监会行业分类,2026-09-28,baostock
2026-09-30,688071,华依科技,XSHG,active,C35专用设备制造业,证监会行业分类,2026-09-28,baostock
2026-09-30,688072,拓荆科技,XSHG,active,C35专用设备制造业,证监会行业分类,2026-09-28,baostock
2026-09-30,688073,毕得医药,XSHG,active,M73研究和试验发展,证监会行业分类,2026-09-28,baostock
2026-09-30,688075,安旭生物,XSHG,active,C27医药制造业,证监会行业分类,2026-09-28,baostock
2026-09-30,688076,ST诺泰,XSHG,active,C27医药制造业,证监会行业分类,2026-09-28,baostock
2026-09-30,688077,大地熊,XSHG,active,C30非金属矿物制品业,证监会行业分类,2026-09-28,baostock
2026-09-30,688078,龙软科技,XSHG,active,I65软件和信息技术服务业,证监会行业分类,2026-09-28,baostock
2026-09-30,688079,美迪凯,XSHG,active,C39计算机、通信和其他电子设备制造业,证监会行业分类,2026-09-28,baostock
2026-09-30,688080,映翰通,XSHG,active,C39计算机、通信和其他电子设备制造业,证监会行业分类,2026-09-28,baostock
2026-09-30,688081,兴图新科,XSHG,active,C39计算机、通信和其他电子设备制造业,证监会行业分类,2026-09-28,baostock
2026-09-30,688082,盛美上海,XSHG,active,C35专用设备制造业,证监会行业分类,2026-09-28,baostock
2026-09-30,688083,中望软件,XSHG,active,I65软件和信息技术服务业,证监会行业分类,2026-09-28,baostock
2026-09-30,688084,晶品特装,XSHG,active,C35专用设备制造业,证监会行业分类,2026-09-28,baostock
2026-09-30,688085,三友医疗,XSHG,active,C35专用设备制造业,证监会行业分类,2026-09-28,baostock
2026-09-30,688087,英科再生,XSHG,active,C42废弃资源综合利用业,证监会行业分类,2026-09-28,baostock
2026-09-30,688088,虹软科技,XSHG,active,I65软件和信息技术服务业,证监会行业分类,2026-09-28,baostock
2026-09-30,688089,ST嘉必优,XSHG,active,C14食品制造业,证监会行业分类,2026-09-28,baostock
2026-09-30,688090,瑞松科技,XSHG,active,C34通用设备制造业,证监会行业分类,2026-09-28,baostock
2026-09-30,688091,上海谊众,XSHG,active,C27医药制造业,证监会行业分类,2026-09-28,baostock
2026-09-30,688092,爱科科技,XSHG,active,C34通用设备制造业,证监会行业分类,2026-09-28,baostock
2026-09-30,688093,世华科技,XSHG,active,C39计算机、通信和其他电子设备制造业,证监会行业分类,2026-09-28,baostock
2026-09-30,688095,福昕软件,XSHG,active,I65软件和信息技术服务业,证监会行业分类,2026-09-28,baostock
2026-09-30,688096,京源环保,XSHG,active,C35专用设备制造业,证监会行业分类,2026-09-28,baostock
2026-09-30,688097,博众精工,XSHG,active,C35专用设备制造业,证监会行业分类,2026-09-28,baostock
2026-09-30,688098,申联生物,XSHG,active,C27医药制造业,证监会行业分类,2026-09-28,baostock
2026-09-30,688099,晶晨股份,XSHG,active,I65软件和信息技术服务业,证监会行业分类,2026-09-28,baostock
2026-09-30,688100,威胜信息,XSHG,active,C39计算机、通信和其他电子设备制造业,证监会行业分类,2026-09-28,baostock
2026-09-30,688101,三达膜,XSHG,active,C35专用设备制造业,证监会行业分类,2026-09-28,baostock
2026-09-30,688102,斯瑞新材,XSHG,active,C32有色金属冶炼和压延加工业,证监会行业分类,2026-09-28,baostock
2026-09-30,688103,国力电子,XSHG,active,C39计算机、通信和其他电子设备制造业,证监会行业分类,2026-09-28,baostock
2026-09-30,688105,诺唯赞,XSHG,active,M73研究和试验发展,证监会行业分类,2026-09-28,baostock
2026-09-30,688106,金宏气体,XSHG,active,C26化学原料和化学制品制造业,证监会行业分类,2026-09-28,baostock
2026-09-30,688107,安路科技,XSHG,active,C39计算机、通信和其他电子设备制造业,证监会行业分类,2026-09-28,baostock
2026-09-30,688108,赛诺医疗,XSHG,active,C35专用设备制造业,证监会行业分类,2026-09-28,baostock
2026-09-30,688109,品茗科技,XSHG,active,I65软件和信息技术服务业,证监会行业分类,2026-09-28,baostock
2026-09-30,688110,东芯股份,XSHG,active,C39计算机、通信和其他电子设备制造业,证监会行业分类,2026-09-28,baostock
2026-09-30,688111,金山办公,XSHG,active,I65软件和信息技术服务业,证监会行业分类,2026-09-28,baostock
2026-09-30,688112,鼎阳科技,XSHG,active,C40仪器仪表制造业,证监会行业分类,2026-09-28,baostock
2026-09-30,688113,联测科技,XSHG,active,C35专用设备制造业,证监会行业分类,2026-09-28,baostock
2026-09-30,688114,华大智造,XSHG,active,C35专用设备制造业,证监会行业分类,2026-09-28,baostock
2026-09-30,688115,思林杰,XSHG,active,C40仪器仪表制造业,证监会行业分类,2026-09-28,baostock
2026-09-30,688116,天奈科技,XSHG,active,C26化学原料和化学制品制造业,证监会行业分类,2026-09-28,baostock
2026-09-30,688117,圣诺生物,XSHG,active,C27医药制造业,证监会行业分类,2026-09-28,baostock
2026-09-30,688118,普元信息,XSHG,active,I65软件和信息技术服务业,证监会行业分类,2026-09-28,baostock
2026-09-30,688119,中钢洛耐,XSHG,active,C30非金属矿物制品业,证监会行业分类,2026-09-28,baostock
2026-09-30,688120,华海清科,XSHG,active,C35专用设备制造业,证监会行业分类,2026-09-28,baostock
2026-09-30,688121,*ST卓然,XSHG,active,C35专用设备制造业,证监会行业分类,2026-09-28,baostock
2026-09-30,688122,西部超导,XSHG,active,C32有色金属冶炼和压延加工业,证监会行业分类,2026-09-28,baostock
2026-09-30,688123,聚辰股份,XSHG,active,C39计算机、通信和其他电子设备制造业,证监会行业分类,2026-09-28,baostock
2026-09-30,688125,安达智能,XSHG,active,C35专用设备制造业,证监会行业分类,2026-09-28,baostock
2026-09-30,688126,沪硅产业,XSHG,active,C39计算机、通信和其他电子设备制造业,证监会行业分类,2026-09-28,baostock
2026-09-30,688127,蓝特光学,XSHG,active,C40仪器仪表制造业,证监会行业分类,2026-09-28,baostock
2026-09-30,688128,中国电研,XSHG,active,C35专用设备制造业,证监会行业分类,2026-09-28,baostock
2026-09-30,688129,东来技术,XSHG,active,C26化学原料和化学制品制造业,证监会行业分类,2026-09-28,baostock
2026-09-30,688130,晶华微,XSHG,active,I65软件和信息技术服务业,证监会行业分类,2026-09-28,baostock
2026-09-30,688131,皓元医药,XSHG,active,M73研究和试验发展,证监会行业分类,2026-09-28,baostock
2026-09-30,688132,邦彦技术,XSHG,active,C39计算机、通信和其他电子设备制造业,证监会行业分类,2026-09-28,baostock
2026-09-30,688133,泰坦科技,XSHG,active,M73研究和试验发展,证监会行业分类,2026-09-28,baostock
2026-09-30,688135,利扬芯片,XSHG,active,C39计算机、通信和其他电子设备制造业,证监会行业分类,2026-09-28,baostock
2026-09-30,688136,科兴制药,XSHG,active,C27医药制造业,证监会行业分类,2026-09-28,baostock
2026-09-30,688137,近岸蛋白,XSHG,active,M73研究和试验发展,证监会行业分类,2026-09-28,baostock
2026-09-30,688138,清溢光电,XSHG,active,C39计算机、通信和其他电子设备制造业,证监会行业分类,2026-09-28,baostock
2026-09-30,688139,海尔生物,XSHG,active,C35专用设备制造业,证监会行业分类,2026-09-28,baostock
2026-09-30,688141,杰华特,XSHG,active,I65软件和信息技术服务业,证监会行业分类,2026-09-28,baostock
2026-09-30,688143,长盈通,XSHG,active,C39计算机、通信和其他电子设备制造业,证监会行业分类,2026-09-28,baostock
2026-09-30,688146,中船特气,XSHG,active,C39计算机、通信和其他电子设备制造业,证监会行业分类,2026-09-28,baostock
2026-09-30,688147,微导纳米,XSHG,active,C35专用设备制造业,证监会行业分类,2026-09-28,baostock
2026-09-30,688148,芳源股份,XSHG,active,C39计算机、通信和其他电子设备制造业,证监会行业分类,2026-09-28,baostock
2026-09-30,688150,莱特光电,XSHG,active,C39计算机、通信和其他电子设备制造业,证监会行业分类,2026-09-28,baostock
2026-09-30,688151,华强科技,XSHG,active,C27医药制造业,证监会行业分类,2026-09-28,baostock
2026-09-30,688152,麒麟信安,XSHG,active,I65软件和信息技术服务业,证监会行业分类,2026-09-28,baostock
2026-09-30,688153,唯捷创芯,XSHG,active,C39计算机、通信和其他电子设备制造业,证监会行业分类,2026-09-28,baostock
2026-09-30,688155,先惠技术,XSHG,active,C35专用设备制造业,证监会行业分类,2026-09-28,baostock
2026-09-30,688156,路德科技,XSHG,active,C13农副食品加工业,证监会行业分类,2026-09-28,baostock
2026-09-30,688157,松井股份,XSHG,active,C26化学原料和化学制品制造业,证监会行业分类,2026-09-28,baostock
2026-09-30,688158,优刻得,XSHG,active,I64互联网和相关服务,证监会行业分类,2026-09-28,baostock
2026-09-30,688159,有方科技,XSHG,active,C39计算机、通信和其他电子设备制造业,证监会行业分类,2026-09-28,baostock
2026-09-30,688160,步科股份,XSHG,active,C40仪器仪表制造业,证监会行业分类,2026-09-28,baostock
2026-09-30,688161,威高骨科,XSHG,active,C35专用设备制造业,证监会行业分类,2026-09-28,baostock
2026-09-30,688162,巨一科技,XSHG,active,C35专用设备制造业,证监会行业分类,2026-09-28,baostock
2026-09-30,688163,赛伦生物,XSHG,active,C27医药制造业,证监会行业分类,2026-09-28,baostock
2026-09-30,688165,埃夫特,XSHG,active,C34通用设备制造业,证监会行业分类,2026-09-28,baostock
2026-09-30,688166,博瑞医药,XSHG,active,C27医药制造业,证监会行业分类,2026-09-28,baostock
2026-09-30,688167,炬光科技,XSHG,active,C39计算机、通信和其他电子设备制造业,证监会行业分类,2026-09-28,baostock
2026-09-30,688168,安博通,XSHG,active,I65软件和信息技术服务业,证监会行业分类,2026-09-28,baostock
2026-09-30,688169,石头科技,XSHG,active,C39计算机、通信和其他电子设备制造业,证监会行业分类,2026-09-28,baostock
2026-09-30,688170,德龙激光,XSHG,active,C35专用设备制造业,证监会行业分类,2026-09-28,baostock
2026-09-30,688171,纬德信息,XSHG,active,I65软件和信息技术服务业,证监会行业分类,2026-09-28,baostock
2026-09-30,688172,燕东微,XSHG,active,C39计算机、通信和其他电子设备制造业,证监会行业分类,2026-09-28,baostock
2026-09-30,688173,希荻微,XSHG,active,I65软件和信息技术服务业,证监会行业分类,2026-09-28,baostock
2026-09-30,688175,高凌信息,XSHG,active,C39计算机、通信和其他电子设备制造业,证监会行业分类,2026-09-28,baostock
2026-09-30,688176,亚虹医药,XSHG,active,C27医药制造业,证监会行业分类,2026-09-28,baostock
2026-09-30,688177,百奥泰,XSHG,active,C27医药制造业,证监会行业分类,2026-09-28,baostock
2026-09-30,688178,万德斯,XSHG,active,N77生态保护和环境治理业,证监会行业分类,2026-09-28,baostock
2026-09-30,688179,阿拉丁,XSHG,active,M73研究和试验发展,证监会行业分类,2026-09-28,baostock
2026-09-30,688180,君实生物,XSHG,active,C27医药制造业,证监会行业分类,2026-09-28,baostock
2026-09-30,688181,八亿时空,XSHG,active,C39计算机、通信和其他电子设备制造业,证监会行业分类,2026-09-28,baostock
2026-09-30,688182,灿勤科技,XSHG,active,C39计算机、通信和其他电子设备制造业,证监会行业分类,2026-09-28,baostock
2026-09-30,688183,生益电子,XSHG,active,C39计算机、通信和其他电子设备制造业,证监会行业分类,2026-09-28,baostock
2026-09-30,688184,ST帕瓦,XSHG,active,C39计算机、通信和其他电子设备制造业,证监会行业分类,2026-09-28,baostock
2026-09-30,688185,康希诺,XSHG,active,C27医药制造业,证监会行业分类,2026-09-28,baostock
2026-09-30,688186,广大特材,XSHG,active,C34通用设备制造业,证监会行业分类,2026-09-28,baostock
2026-09-30,688187,时代电气,XSHG,active,C37铁路、船舶、航空航天和其他运输设备制造业,证监会行业分类,2026-09-28,baostock
2026-09-30,688188,柏楚电子,XSHG,active,I65软件和信息技术服务业,证监会行业分类,2026-09-28,baostock
2026-09-30,688189,ST南新,XSHG,active,C27医药制造业,证监会行业分类,2026-09-28,baostock
2026-09-30,688190,云路股份,XSHG,active,C31黑色金属冶炼和压延加工业,证监会行业分类,2026-09-28,baostock
2026-09-30,688191,智洋创新,XSHG,active,I65软件和信息技术服务业,证监会行业分类,2026-09-28,baostock
2026-09-30,688192,迪哲医药,XSHG,active,C27医药制造业,证监会行业分类,2026-09-28,baostock
2026-09-30,688193,仁度生物,XSHG,active,C27医药制造业,证监会行业分类,2026-09-28,baostock
2026-09-30,688195,腾景科技,XSHG,active,C39计算机、通信和其他电子设备制造业,证监会行业分类,2026-09-28,baostock
2026-09-30,688196,卓越新能,XSHG,active,C42废弃资源综合利用业,证监会行业分类,2026-09-28,baostock
2026-09-30,688197,首药控股,XSHG,active,C27医药制造业,证监会行业分类,2026-09-28,baostock
2026-09-30,688198,佰仁医疗,XSHG,active,C35专用设备制造业,证监会行业分类,2026-09-28,baostock
2026-09-30,688199,久日新材,XSHG,active,C26化学原料和化学制品制造业,证监会行业分类,2026-09-28,baostock
2026-09-30,688200,华峰测控,XSHG,active,C35专用设备制造业,证监会行业分类,2026-09-28,baostock
2026-09-30,688201,ST信安,XSHG,active,I65软件和信息技术服务业,证监会行业分类,2026-09-28,baostock
2026-09-30,688202,美迪西,XSHG,active,M73研究和试验发展,证监会行业分类,2026-09-28,baostock
2026-09-30,688203,海正生材,XSHG,active,C28化学纤维制造业,证监会行业分类,2026-09-28,baostock
2026-09-30,688205,德科立,XSHG,active,C39计算机、通信和其他电子设备制造业,证监会行业分类,2026-09-28,baostock
2026-09-30,688206,概伦电子,XSHG,active,I65软件和信息技术服务业,证监会行业分类,2026-09-28,baostock
2026-09-30,688207,格灵深瞳,XSHG,active,I65软件和信息技术服务业,证监会行业分类,2026-09-28,baostock
2026-09-30,688208,道通科技,XSHG,active,C39计算机、通信和其他电子设备制造业,证监会行业分类,2026-09-28,baostock
2026-09-30,688209,英集芯,XSHG,active,C39计算机、通信和其他电子设备制造业,证监会行业分类,2026-09-28,baostock
2026-09-30,688210,统联精密,XSHG,active,C39计算机、通信和其他电子设备制造业,证监会行业分类,2026-09-28,baostock
2026-09-30,688211,中科微至,XSHG,active,C34通用设备制造业,证监会行业分类,2026-09-28,baostock
2026-09-30,688212,澳华内镜,XSHG,active,C35专用设备制造业,证监会行业分类,2026-09-28,baostock
2026-09-30,688213,思特威,XSHG,active,I65软件和信息技术服务业,证监会行业分类,2026-09-28,baostock
2026-09-30,688215,瑞晟智能,XSHG,active,C35专用设备制造业,证监会行业分类,2026-09-28,baostock
2026-09-30,688216,气派科技,XSHG,active,C39计算机、通信和其他电子设备制造业,证监会行业分类,2026-09-28,baostock
2026-09-30,688217,睿昂基因,XSHG,active,C27医药制造业,证监会行业分类,2026-09-28,baostock
2026-09-30,688218,江苏北人,XSHG,active,C34通用设备制造业,证监会行业分类,2026-09-28,baostock
2026-09-30,688219,会通股份,XSHG,active,C29橡胶和塑料制品业,证监会行业分类,2026-09-28,baostock
2026-09-30,688220,翱捷科技,XSHG,active,C39计算机、通信和其他电子设备制造业,证监会行业分类,2026-09-28,baostock
2026-09-30,688221,前沿生物,XSHG,active,C27医药制造业,证监会行业分类,2026-09-28,baostock
2026-09-30,688222,成都先导,XSHG,active,M73研究和试验发展,证监会行业分类,2026-09-28,baostock
2026-09-30,688223,晶科能源,XSHG,active,C38电气机械和器材制造业,证监会行业分类,2026-09-28,baostock
2026-09-30,688225,亚信安全,XSHG,active,I65软件和信息技术服务业,证监会行业分类,2026-09-28,baostock
2026-09-30,688226,威腾电气,XSHG,active,C38电气机械和器材制造业,证监会行业分类,2026-09-28,baostock
2026-09-30,688227,品高股份,XSHG,active,I65软件和信息技术服务业,证监会行业分类,2026-09-28,baostock
2026-09-30,688228,开普云,XSHG,active,I65软件和信息技术服务业,证监会行业分类,2026-09-28,baostock
2026-09-30,688229,博睿数据,XSHG,active,I65软件和信息技术服务业,证监会行业分类,2026-09-28,baostock
2026-09-30,688230,芯导科技,XSHG,active,C39计算机、通信和其他电子设备制造业,证监会行业分类,2026-09-28,baostock
2026-09-30,688231,隆达股份,XSHG,active,C32有色金属冶炼和压延加工业,证监会行业分类,2026-09-28,baostock
2026-09-30,688232,新点软件,XSHG,active,I65软件和信息技术服务业,证监会行业分类,2026-09-28,baostock
2026-09-30,688233,神工股份,XSHG,active,C39计算机、通信和其他电子设备制造业,证监会行业分类,2026-09-28,baostock
2026-09-30,688234,天岳先进,XSHG,active,C39计算机、通信和其他电子设备制造业,证监会行业分类,2026-09-28,baostock
2026-09-30,688235,百济神州,XSHG,active,C27医药制造业,证监会行业分类,2026-09-28,baostock
2026-09-30,688236,春立医疗,XSHG,active,C35专用设备制造业,证监会行业分类,2026-09-28,baostock
2026-09-30,688237,超卓航科,XSHG,active,C37铁路、船舶、航空航天和其他运输设备制造业,证监会行业分类,2026-09-28,baostock
2026-09-30,688238,和元生物,XSHG,active,M73研究和试验发展,证监会行业分类,2026-09-28,baostock
2026-09-30,688239,航宇科技,XSHG,active,C37铁路、船舶、航空航天和其他运输设备制造业,证监会行业分类,2026-09-28,baostock
2026-09-30,688244,永信至诚,XSHG,active,I65软件和信息技术服务业,证监会行业分类,2026-09-28,baostock
2026-09-30,688246,嘉和美康,XSHG,active,I65软件和信息技术服务业,证监会行业分类,2026-09-28,baostock
2026-09-30,688247,宣泰医药,XSHG,active,C27医药制造业,证监会行业分类,2026-09-28,baostock
2026-09-30,688248,南网科技,XSHG,active,M74专业技术服务业,证监会行业分类,2026-09-28,baostock
2026-09-30,688249,晶合集成,XSHG,active,C39计算机、通信和其他电子设备制造业,证监会行业分类,2026-09-28,baostock
2026-09-30,688251,井松智能,XSHG,active,C34通用设备制造业,证监会行业分类,2026-09-28,baostock
2026-09-30,688252,天德钰,XSHG,active,I65软件和信息技术服务业,证监会行业分类,2026-09-28,baostock
2026-09-30,688253,英诺特,XSHG,active,C27医药制造业,证监会行业分类,2026-09-28,baostock
2026-09-30,688255,凯尔达,XSHG,active,C34通用设备制造业,证监会行业分类,2026-09-28,baostock
2026-09-30,688256,寒武纪,XSHG,active,I65软件和信息技术服务业,证监会行业分类,2026-09-28,baostock
2026-09-30,688257,新锐股份,XSHG,active,C32有色金属冶炼和压延加工业,证监会行业分类,2026-09-28,baostock
2026-09-30,688258,卓易信息,XSHG,active,I65软件和信息技术服务业,证监会行业分类,2026-09-28,baostock
2026-09-30,688259,创耀科技,XSHG,active,I65软件和信息技术服务业,证监会行业分类,2026-09-28,baostock
2026-09-30,688260,昀冢科技,XSHG,active,C39计算机、通信和其他电子设备制造业,证监会行业分类,2026-09-28,baostock
2026-09-30,688261,东微半导,XSHG,active,C39计算机、通信和其他电子设备制造业,证监会行业分类,2026-09-28,baostock
2026-09-30,688262,国芯科技,XSHG,active,I65软件和信息技术服务业,证监会行业分类,2026-09-28,baostock
2026-09-30,688265,南模生物,XSHG,active,M73研究和试验发展,证监会行业分类,2026-09-28,baostock
2026-09-30,688266,泽璟制药,XSHG,active,C27医药制造业,证监会行业分类,2026-09-28,baostock
2026-09-30,688267,中触媒,XSHG,active,C26化学原料和化学制品制造业,证监会行业分类,2026-09-28,baostock
2026-09-30,688268,华特气体,XSHG,active,C39计算机、通信和其他电子设备制造业,证监会行业分类,2026-09-28,baostock
2026-09-30,688269,凯立新材,XSHG,active,C26化学原料和化学制品制造业,证监会行业分类,2026-09-28,baostock
2026-09-30,688270,ST臻镭,XSHG,active,C39计算机、通信和其他电子设备制造业,证监会行业分类,2026-09-28,baostock
2026-09-30,688271,联影医疗,XSHG,active,C35专用设备制造业,证监会行业分类,2026-09-28,baostock
2026-09-30,688272,富吉瑞,XSHG,active,C39计算机、通信和其他电子设备制造业,证监会行业分类,2026-09-28,baostock
2026-09-30,688273,麦澜德,XSHG,active,C35专用设备制造业,证监会行业分类,2026-09-28,baostock
2026-09-30,688275,万润新能,XSHG,active,C39计算机、通信和其他电子设备制造业,证监会行业分类,2026-09-28,baostock
2026-09-30,688276,百克生物,XSHG,active,C27医药制造业,证监会行业分类,2026-09-28,baostock
2026-09-30,688277,天智航,XSHG,active,C35专用设备制造业,证监会行业分类,2026-09-28,baostock
2026-09-30,688278,特宝生物,XSHG,active,C27医药制造业,证监会行业分类,2026-09-28,baostock
2026-09-30,688279,峰岹科技,XSHG,active,I65软件和信息技术服务业,证监会行业分类,2026-09-28,baostock
2026-09-30,688280,精进电动,XSHG,active,C36汽车制造业,证监会行业分类,2026-09-28,baostock
2026-09-30,688281,华秦科技,XSHG,active,C41其他制造业,证监会行业分类,2026-09-28,baostock
2026-09-30,688282,理工导航,XSHG,active,C39计算机、通信和其他电子设备制造业,证监会行业分类,2026-09-28,baostock
2026-09-30,688283,坤恒顺维,XSHG,active,C40仪器仪表制造业,证监会行业分类,2026-09-28,baostock
2026-09-30,688285,高铁电气,XSHG,active,C37铁路、船舶、航空航天和其他运输设备制造业,证监会行业分类,2026-09-28,baostock
2026-09-30,688286,敏芯股份,XSHG,active,C39计算机、通信和其他电子设备制造业,证监会行业分类,2026-09-28,baostock
2026-09-30,688288,鸿泉技术,XSHG,active,C39计算机、通信和其他电子设备制造业,证监会行业分类,2026-09-28,baostock
2026-09-30,688289,圣湘生物,XSHG,active,C27医药制造业,证监会行业分类,2026-09-28,baostock
2026-09-30,688290,景业智能,XSHG,active,C35专用设备制造业,证监会行业分类,2026-09-28,baostock
2026-09-30,688291,金橙子,XSHG,active,I65软件和信息技术服务业,证监会行业分类,2026-09-28,baostock
2026-09-30,688292,浩瀚深度,XSHG,active,I65软件和信息技术服务业,证监会行业分类,2026-09-28,baostock
2026-09-30,688293,奥浦迈,XSHG,active,M73研究和试验发展,证监会行业分类,2026-09-28,baostock
2026-09-30,688295,中复神鹰,XSHG,active,C28化学纤维制造业,证监会行业分类,2026-09-28,baostock
2026-09-30,688296,和达科技,XSHG,active,I65软件和信息技术服务业,证监会行业分类,2026-09-28,baostock
2026-09-30,688297,中无人机,XSHG,active,C37铁路、船舶、航空航天和其他运输设备制造业,证监会行业分类,2026-09-28,baostock
2026-09-30,688298,东方生物,XSHG,active,C27医药制造业,证监会行业分类,2026-09-28,baostock
2026-09-30,688299,长阳科技,XSHG,active,C29橡胶和塑料制品业,证监会行业分类,2026-09-28,baostock
2026-09-30,688300,联瑞新材,XSHG,active,C39计算机、通信和其他电子设备制造业,证监会行业分类,2026-09-28,baostock
2026-09-30,688301,奕瑞科技,XSHG,active,C35专用设备制造业,证监会行业分类,2026-09-28,baostock
2026-09-30,688302,海创药业,XSHG,active,C27医药制造业,证监会行业分类,2026-09-28,baostock
2026-09-30,688303,大全能源,XSHG,active,C38电气机械和器材制造业,证监会行业分类,2026-09-28,baostock
2026-09-30,688305,科德数控,XSHG,active,C34通用设备制造业,证监会行业分类,2026-09-28,baostock
2026-09-30,688306,均普智能,XSHG,active,C35专用设备制造业,证监会行业分类,2026-09-28,baostock
2026-09-30,688307,中润光学,XSHG,active,C39计算机、通信和其他电子设备制造业,证监会行业分类,2026-09-28,baostock
2026-09-30,688308,欧科亿,XSHG,active,C33金属制品业,证监会行业分类,2026-09-28,baostock
2026-09-30,688309,恒誉科技,XSHG,active,C35专用设备制造业,证监会行业分类,2026-09-28,baostock
2026-09-30,688310,迈得医疗,XSHG,active,C35专用设备制造业,证监会行业分类,2026-09-28,baostock
2026-09-30,688311,盟升电子,XSHG,active,C39计算机、通信和其他电子设备制造业,证监会行业分类,2026-09-28,baostock
2026-09-30,688312,燕麦科技,XSHG,active,C35专用设备制造业,证监会行业分类,2026-09-28,baostock
2026-09-30,688313,仕佳光子,XSHG,active,C39计算机、通信和其他电子设备制造业,证监会行业分类,2026-09-28,baostock
2026-09-30,688314,康拓医疗,XSHG,active,C35专用设备制造业,证监会行业分类,2026-09-28,baostock
2026-09-30,688315,诺禾致源,XSHG,active,M73研究和试验发展,证监会行业分类,2026-09-28,baostock
2026-09-30,688316,青云科技,XSHG,active,I64互联网和相关服务,证监会行业分类,2026-09-28,baostock
2026-09-30,688317,之江生物,XSHG,active,C27医药制造业,证监会行业分类,2026-09-28,baostock
2026-09-30,688318,财富趋势,XSHG,active,I65软件和信息技术服务业,证监会行业分类,2026-09-28,baostock
2026-09-30,688319,欧林生物,XSHG,active,C27医药制造业,证监会行业分类,2026-09-28,baostock
2026-09-30,688320,禾川科技,XSHG,active,C40仪器仪表制造业,证监会行业分类,2026-09-28,baostock
2026-09-30,688321,微芯生物,XSHG,active,C27医药制造业,证监会行业分类,2026-09-28,baostock
2026-09-30,688322,奥比中光,XSHG,active,C39计算机、通信和其他电子设备制造业,证监会行业分类,2026-09-28,baostock
2026-09-30,688323,瑞华泰,XSHG,active,C29橡胶和塑料制品业,证监会行业分类,2026-09-28,baostock
2026-09-30,688325,赛微微电,XSHG,active,I65软件和信息技术服务业,证监会行业分类,2026-09-28,baostock
2026-09-30,688326,经纬恒润,XSHG,active,C39计算机、通信和其他电子设备制造业,证监会行业分类,2026-09-28,baostock
2026-09-30,688327,云从科技,XSHG,active,I65软件和信息技术服务业,证监会行业分类,2026-09-28,baostock
2026-09-30,688328,深科达,XSHG,active,C35专用设备制造业,证监会行业分类,2026-09-28,baostock
2026-09-30,688329,艾隆科技,XSHG,active,C35专用设备制造业,证监会行业分类,2026-09-28,baostock
2026-09-30,688330,宏力达,XSHG,active,C38电气机械和器材制造业,证监会行业分类,2026-09-28,baostock
2026-09-30,688331,荣昌生物,XSHG,active,C27医药制造业,证监会行业分类,2026-09-28,baostock
2026-09-30,688332,中科蓝讯,XSHG,active,C39计算机、通信和其他电子设备制造业,证监会行业分类,2026-09-28,baostock
2026-09-30,688333,铂力特,XSHG,active,C34通用设备制造业,证监会行业分类,2026-09-28,baostock
2026-09-30,688334,西高院,XSHG,active,M74专业技术服务业,证监会行业分类,2026-09-28,baostock
2026-09-30,688335,复洁科技,XSHG,active,C35专用设备制造业,证监会行业分类,2026-09-28,baostock
2026-09-30,688336,三生国健,XSHG,active,C27医药制造业,证监会行业分类,2026-09-28,baostock
2026-09-30,688337,普源精电,XSHG,active,C40仪器仪表制造业,证监会行业分类,2026-09-28,baostock
2026-09-30,688338,赛科希德,XSHG,active,C27医药制造业,证监会行业分类,2026-09-28,baostock
2026-09-30,688339,亿华通,XSHG,active,C38电气机械和器材制造业,证监会行业分类,2026-09-28,baostock
2026-09-30,688343,云天励飞,XSHG,active,I65软件和信息技术服务业,证监会行业分类,2026-09-28,baostock
2026-09-30,688345,博力威,XSHG,active,C38电气机械和器材制造业,证监会行业分类,2026-09-28,baostock
2026-09-30,688347,华虹宏力,XSHG,active,C39计算机、通信和其他电子设备制造业,证监会行业分类,2026-09-28,baostock
2026-09-30,688348,昱能科技,XSHG,active,C38电气机械和器材制造业,证监会行业分类,2026-09-28,baostock
2026-09-30,688349,三一重能,XSHG,active,C38电气机械和器材制造业,证监会行业分类,2026-09-28,baostock
2026-09-30,688350,富淼科技,XSHG,active,C26化学原料和化学制品制造业,证监会行业分类,2026-09-28,baostock
2026-09-30,688351,微电生理,XSHG,active,C35专用设备制造业,证监会行业分类,2026-09-28,baostock
2026-09-30,688352,颀中科技,XSHG,active,C39计算机、通信和其他电子设备制造业,证监会行业分类,2026-09-28,baostock
2026-09-30,688353,华盛锂电,XSHG,active,C26化学原料和化学制品制造业,证监会行业分类,2026-09-28,baostock
2026-09-30,688355,明志科技,XSHG,active,C33金属制品业,证监会行业分类,2026-09-28,baostock
2026-09-30,688356,键凯科技,XSHG,active,C26化学原料和化学制品制造业,证监会行业分类,2026-09-28,baostock
2026-09-30,688357,建龙微纳,XSHG,active,C26化学原料和化学制品制造业,证监会行业分类,2026-09-28,baostock
2026-09-30,688358,祥生医疗,XSHG,active,C35专用设备制造业,证监会行业分类,2026-09-28,baostock
2026-09-30,688359,三孚新科,XSHG,active,C26化学原料和化学制品制造业,证监会行业分类,2026-09-28,baostock
2026-09-30,688360,德马科技,XSHG,active,C34通用设备制造业,证监会行业分类,2026-09-28,baostock
2026-09-30,688361,中科飞测,XSHG,active,C35专用设备制造业,证监会行业分类,2026-09-28,baostock
2026-09-30,688362,甬矽电子,XSHG,active,C39计算机、通信和其他电子设备制造业,证监会行业分类,2026-09-28,baostock
2026-09-30,688363,华熙生物,XSHG,active,C26化学原料和化学制品制造业,证监会行业分类,2026-09-28,baostock
2026-09-30,688365,光云科技,XSHG,active,I65软件和信息技术服务业,证监会行业分类,2026-09-28,baostock
2026-09-30,688366,昊海生科,XSHG,active,C35专用设备制造业,证监会行业分类,2026-09-28,baostock
2026-09-30,688367,工大高科,XSHG,active,C37铁路、船舶、航空航天和其他运输设备制造业,证监会行业分类,2026-09-28,baostock
2026-09-30,688368,晶丰明源,XSHG,active,I65软件和信息技术服务业,证监会行业分类,2026-09-28,baostock
2026-09-30,688369,致远互联,XSHG,active,I65软件和信息技术服务业,证监会行业分类,2026-09-28,baostock
2026-09-30,688370,丛麟科技,XSHG,active,N77生态保护和环境治理业,证监会行业分类,2026-09-28,baostock
2026-09-30,688371,菲沃泰,XSHG,active,C39计算机、通信和其他电子设备制造业,证监会行业分类,2026-09-28,baostock
2026-09-30,688372,伟测科技,XSHG,active,M74专业技术服务业,证监会行业分类,2026-09-28,baostock
2026-09-30,688373,盟科药业,XSHG,active,C27医药制造业,证监会行业分类,2026-09-28,baostock
2026-09-30,688375,国博电子,XSHG,active,C39计算机、通信和其他电子设备制造业,证监会行业分类,2026-09-28,baostock
2026-09-30,688376,美埃科技,XSHG,active,C35专用设备制造业,证监会行业分类,2026-09-28,baostock
2026-09-30,688377,迪威尔,XSHG,active,C35专用设备制造业,证监会行业分类,2026-09-28,baostock
2026-09-30,688378,奥来德,XSHG,active,C39计算机、通信和其他电子设备制造业,证监会行业分类,2026-09-28,baostock
2026-09-30,688379,华光新材,XSHG,active,C33金属制品业,证监会行业分类,2026-09-28,baostock
2026-09-30,688380,中微半导,XSHG,active,C39计算机、通信和其他电子设备制造业,证监会行业分类,2026-09-28,baostock
2026-09-30,688381,帝奥微,XSHG,active,C39计算机、通信和其他电子设备制造业,证监会行业分类,2026-09-28,baostock
2026-09-30,688382,益方生物,XSHG,active,C27医药制造业,证监会行业分类,2026-09-28,baostock
2026-09-30,688383,新益昌,XSHG,active,C35专用设备制造业,证监会行业分类,2026-09-28,baostock
2026-09-30,688385,复旦微电,XSHG,active,C39计算机、通信和其他电子设备制造业,证监会行业分类,2026-09-28,baostock
2026-09-30,688386,泛亚微透,XSHG,active,C29橡胶和塑料制品业,证监会行业分类,2026-09-28,baostock
2026-09-30,688387,信科移动,XSHG,active,C39计算机、通信和其他电子设备制造业,证监会行业分类,2026-09-28,baostock
2026-09-30,688388,嘉元科技,XSHG,active,C39计算机、通信和其他电子设备制造业,证监会行业分类,2026-09-28,baostock
2026-09-30,688389,普门科技,XSHG,active,C35专用设备制造业,证监会行业分类,2026-09-28,baostock
2026-09-30,688390,固德威,XSHG,active,C38电气机械和器材制造业,证监会行业分类,2026-09-28,baostock
2026-09-30,688391,钜泉科技,XSHG,active,I65软件和信息技术服务业,证监会行业分类,2026-09-28,baostock
2026-09-30,688392,骄成超声,XSHG,active,C35专用设备制造业,证监会行业分类,2026-09-28,baostock
2026-09-30,688393,安必平,XSHG,active,C27医药制造业,证监会行业分类,2026-09-28,baostock
2026-09-30,688395,正弦电气,XSHG,active,C38电气机械和器材制造业,证监会行业分类,2026-09-28,baostock
2026-09-30,688396,华润微,XSHG,active,C39计算机、通信和其他电子设备制造业,证监会行业分类,2026-09-28,baostock
2026-09-30,688398,赛特新材,XSHG,active,C30非金属矿物制品业,证监会行业分类,2026-09-28,baostock
2026-09-30,688399,硕世生物,XSHG,active,C27医药制造业,证监会行业分类,2026-09-28,baostock
2026-09-30,688400,凌云光,XSHG,active,C39计算机、通信和其他电子设备制造业,证监会行业分类,2026-09-28,baostock
2026-09-30,688401,路维光电,XSHG,active,C39计算机、通信和其他电子设备制造业,证监会行业分类,2026-09-28,baostock
2026-09-30,688403,汇成股份,XSHG,active,C39计算机、通信和其他电子设备制造业,证监会行业分类,2026-09-28,baostock
2026-09-30,688408,中信博,XSHG,active,C38电气机械和器材制造业,证监会行业分类,2026-09-28,baostock
2026-09-30,688409,富创精密,XSHG,active,C34通用设备制造业,证监会行业分类,2026-09-28,baostock
2026-09-30,688410,山外山,XSHG,active,C35专用设备制造业,证监会行业分类,2026-09-28,baostock
2026-09-30,688411,海博思创,XSHG,active,C38电气机械和器材制造业,证监会行业分类,2026-09-28,baostock
2026-09-30,688416,恒烁股份,XSHG,active,C39计算机、通信和其他电子设备制造业,证监会行业分类,2026-09-28,baostock
2026-09-30,688418,震有科技,XSHG,active,C39计算机、通信和其他电子设备制造业,证监会行业分类,2026-09-28,baostock
2026-09-30,688419,耐科装备,XSHG,active,C35专用设备制造业,证监会行业分类,2026-09-28,baostock
2026-09-30,688420,美腾科技,XSHG,active,C35专用设备制造业,证监会行业分类,2026-09-28,baostock
2026-09-30,688425,铁建重工,XSHG,active,C35专用设备制造业,证监会行业分类,2026-09-28,baostock
2026-09-30,688426,康为世纪,XSHG,active,C27医药制造业,证监会行业分类,2026-09-28,baostock
2026-09-30,688428,诺诚健华,XSHG,active,C27医药制造业,证监会行业分类,2026-09-28,baostock
2026-09-30,688429,时创能源,XSHG,active,C38电气机械和器材制造业,证监会行业分类,2026-09-28,baostock
2026-09-30,688432,有研硅,XSHG,active,C39计算机、通信和其他电子设备制造业,证监会行业分类,2026-09-28,baostock
2026-09-30,688433,华曙高科,XSHG,active,C34通用设备制造业,证监会行业分类,2026-09-28,baostock
2026-09-30,688435,英方软件,XSHG,active,I65软件和信息技术服务业,证监会行业分类,2026-09-28,baostock
2026-09-30,688439,振华风光,XSHG,active,C39计算机、通信和其他电子设备制造业,证监会行业分类,2026-09-28,baostock
2026-09-30,688443,智翔金泰,XSHG,active,C27医药制造业,证监会行业分类,2026-09-28,baostock
2026-09-30,688448,磁谷科技,XSHG,active,C34通用设备制造业,证监会行业分类,2026-09-28,baostock
2026-09-30,688449,联芸科技,XSHG,active,I65软件和信息技术服务业,证监会行业分类,2026-09-28,baostock
2026-09-30,688450,光格科技,XSHG,active,C39计算机、通信和其他电子设备制造业,证监会行业分类,2026-09-28,baostock
2026-09-30,688455,科捷智能,XSHG,active,C34通用设备制造业,证监会行业分类,2026-09-28,baostock
2026-09-30,688456,有研粉材,XSHG,active,C33金属制品业,证监会行业分类,2026-09-28,baostock
2026-09-30,688458,美芯晟,XSHG,active,C39计算机、通信和其他电子设备制造业,证监会行业分类,2026-09-28,baostock
2026-09-30,688459,哈铁科技,XSHG,active,C37铁路、船舶、航空航天和其他运输设备制造业,证监会行业分类,2026-09-28,baostock
2026-09-30,688466,金科环境,XSHG,active,N77生态保护和环境治理业,证监会行业分类,2026-09-28,baostock
2026-09-30,688468,科美诊断,XSHG,active,C27医药制造业,证监会行业分类,2026-09-28,baostock
2026-09-30,688469,芯联集成,XSHG,active,C39计算机、通信和其他电子设备制造业,证监会行业分类,2026-09-28,baostock
2026-09-30,688472,阿特斯,XSHG,active,C38电气机械和器材制造业,证监会行业分类,2026-09-28,baostock
2026-09-30,688475,萤石网络,XSHG,active,C39计算机、通信和其他电子设备制造业,证监会行业分类,2026-09-28,baostock
2026-09-30,688478,晶升股份,XSHG,active,C35专用设备制造业,证监会行业分类,2026-09-28,baostock
2026-09-30,688479,友车科技,XSHG,active,I65软件和信息技术服务业,证监会行业分类,2026-09-28,baostock
2026-09-30,688480,赛恩斯,XSHG,active,N77生态保护和环境治理业,证监会行业分类,2026-09-28,baostock
2026-09-30,688484,南芯科技,XSHG,active,I65软件和信息技术服务业,证监会行业分类,2026-09-28,baostock
2026-09-30,688485,九州一轨,XSHG,active,N77生态保护和环境治理业,证监会行业分类,2026-09-28,baostock
2026-09-30,688486,龙迅股份,XSHG,active,I65软件和信息技术服务业,证监会行业分类,2026-09-28,baostock
2026-09-30,688488,艾迪药业,XSHG,active,C27医药制造业,证监会行业分类,2026-09-28,baostock
2026-09-30,688489,三未信安,XSHG,active,C39计算机、通信和其他电子设备制造业,证监会行业分类,2026-09-28,baostock
2026-09-30,688496,*ST清越,XSHG,suspended,C39计算机、通信和其他电子设备制造业,证监会行业分类,2026-09-28,baostock
2026-09-30,688498,源杰科技,XSHG,active,C39计算机、通信和其他电子设备制造业,证监会行业分类,2026-09-28,baostock
2026-09-30,688499,利元亨,XSHG,active,C35专用设备制造业,证监会行业分类,2026-09-28,baostock
2026-09-30,688500,慧辰股份,XSHG,active,I65软件和信息技术服务业,证监会行业分类,2026-09-28,baostock
2026-09-30,688501,青达环保,XSHG,active,C35专用设备制造业,证监会行业分类,2026-09-28,baostock
2026-09-30,688502,茂莱光学,XSHG,active,C40仪器仪表制造业,证监会行业分类,2026-09-28,baostock
2026-09-30,688503,聚和材料,XSHG,active,C38电气机械和器材制造业,证监会行业分类,2026-09-28,baostock
2026-09-30,688505,复旦张江,XSHG,active,C27医药制造业,证监会行业分类,2026-09-28,baostock
2026-09-30,688506,百利天恒,XSHG,active,C27医药制造业,证监会行业分类,2026-09-28,baostock
2026-09-30,688507,索辰科技,XSHG,active,I65软件和信息技术服务业,证监会行业分类,2026-09-28,baostock
2026-09-30,688508,芯朋微,XSHG,active,I65软件和信息技术服务业,证监会行业分类,2026-09-28,baostock
2026-09-30,688509,正元地信,XSHG,active,M74专业技术服务业,证监会行业分类,2026-09-28,baostock
2026-09-30,688510,航亚科技,XSHG,active,C37铁路、船舶、航空航天和其他运输设备制造业,证监会行业分类,2026-09-28,baostock
2026-09-30,688511,天微电子,XSHG,active,C39计算机、通信和其他电子设备制造业,证监会行业分类,2026-09-28,baostock
2026-09-30,688512,慧智微,XSHG,active,C39计算机、通信和其他电子设备制造业,证监会行业分类,2026-09-28,baostock
2026-09-30,688513,苑东生物,XSHG,active,C27医药制造业,证监会行业分类,2026-09-28,baostock
2026-09-30,688515,裕太微,XSHG,active,I65软件和信息技术服务业,证监会行业分类,2026-09-28,baostock
2026-09-30,688516,奥特维,XSHG,active,C35专用设备制造业,证监会行业分类,2026-09-28,baostock
2026-09-30,688517,金冠电气,XSHG,active,C38电气机械和器材制造业,证监会行业分类,2026-09-28,baostock
2026-09-30,688518,联赢激光,XSHG,active,C35专用设备制造业,证监会行业分类,2026-09-28,baostock
2026-09-30,688519,南亚新材,XSHG,active,C39计算机、通信和其他电子设备制造业,证监会行业分类,2026-09-28,baostock
2026-09-30,688520,神州细胞,XSHG,active,C27医药制造业,证监会行业分类,2026-09-28,baostock
2026-09-30,688521,芯原股份,XSHG,active,I65软件和信息技术服务业,证监会行业分类,2026-09-28,baostock
2026-09-30,688522,纳睿雷达,XSHG,active,C39计算机、通信和其他电子设备制造业,证监会行业分类,2026-09-28,baostock
2026-09-30,688523,航天环宇,XSHG,active,C37铁路、船舶、航空航天和其他运输设备制造业,证监会行业分类,2026-09-28,baostock
2026-09-30,688525,佰维存储,XSHG,active,C39计算机、通信和其他电子设备制造业,证监会行业分类,2026-09-28,baostock
2026-09-30,688526,科前生物,XSHG,active,C27医药制造业,证监会行业分类,2026-09-28,baostock
2026-09-30,688528,秦川物联,XSHG,active,C40仪器仪表制造业,证监会行业分类,2026-09-28,baostock
2026-09-30,688529,豪森智能,XSHG,active,C35专用设备制造业,证监会行业分类,2026-09-28,baostock
2026-09-30,688530,欧莱新材,XSHG,active,C39计算机、通信和其他电子设备制造业,证监会行业分类,2026-09-28,baostock
2026-09-30,688531,日联科技,XSHG,active,C35专用设备制造业,证监会行业分类,2026-09-28,baostock
2026-09-30,688533,上声电子,XSHG,active,C39计算机、通信和其他电子设备制造业,证监会行业分类,2026-09-28,baostock
2026-09-30,688535,华海诚科,XSHG,active,C39计算机、通信和其他电子设备制造业,证监会行业分类,2026-09-28,baostock
2026-09-30,688536,思瑞浦,XSHG,active,I65软件和信息技术服务业,证监会行业分类,2026-09-28,baostock
2026-09-30,688538,和辉光电,XSHG,active,C39计算机、通信和其他电子设备制造业,证监会行业分类,2026-09-28,baostock
2026-09-30,688539,高华科技,XSHG,active,C39计算机、通信和其他电子设备制造业,证监会行业分类,2026-09-28,baostock
2026-09-30,688543,国科军工,XSHG,active,C37铁路、船舶、航空航天和其他运输设备制造业,证监会行业分类,2026-09-28,baostock
2026-09-30,688545,兴福电子,XSHG,active,C39计算机、通信和其他电子设备制造业,证监会行业分类,2026-09-28,baostock
2026-09-30,688548,广钢气体,XSHG,active,C39计算机、通信和其他电子设备制造业,证监会行业分类,2026-09-28,baostock
2026-09-30,688549,中巨芯,XSHG,active,C39计算机、通信和其他电子设备制造业,证监会行业分类,2026-09-28,baostock
2026-09-30,688550,瑞联新材,XSHG,active,C26化学原料和化学制品制造业,证监会行业分类,2026-09-28,baostock
2026-09-30,688551,科威尔,XSHG,active,C35专用设备制造业,证监会行业分类,2026-09-28,baostock
2026-09-30,688552,航天南湖,XSHG,active,C39计算机、通信和其他电子设备制造业,证监会行业分类,2026-09-28,baostock
2026-09-30,688553,汇宇制药,XSHG,active,C27医药制造业,证监会行业分类,2026-09-28,baostock
2026-09-30,688556,高测股份,XSHG,active,C35专用设备制造业,证监会行业分类,2026-09-28,baostock
2026-09-30,688557,兰剑智能,XSHG,active,C34通用设备制造业,证监会行业分类,2026-09-28,baostock
2026-09-30,688558,国盛智科,XSHG,active,C34通用设备制造业,证监会行业分类,2026-09-28,baostock
2026-09-30,688559,海目星,XSHG,active,C35专用设备制造业,证监会行业分类,2026-09-28,baostock
2026-09-30,688560,明冠新材,XSHG,active,C29橡胶和塑料制品业,证监会行业分类,2026-09-28,baostock
2026-09-30,688561,奇安信,XSHG,active,I65软件和信息技术服务业,证监会行业分类,2026-09-28,baostock
2026-09-30,688562,航天软件,XSHG,active,I65软件和信息技术服务业,证监会行业分类,2026-09-28,baostock
2026-09-30,688563,航材股份,XSHG,active,C37铁路、船舶、航空航天和其他运输设备制造业,证监会行业分类,2026-09-28,baostock
2026-09-30,688565,力源科技,XSHG,active,C35专用设备制造业,证监会行业分类,2026-09-28,baostock
2026-09-30,688566,吉贝尔,XSHG,active,C27医药制造业,证监会行业分类,2026-09-28,baostock
2026-09-30,688567,孚能科技,XSHG,active,C38电气机械和器材制造业,证监会行业分类,2026-09-28,baostock
2026-09-30,688568,中科星图,XSHG,active,I65软件和信息技术服务业,证监会行业分类,2026-09-28,baostock
2026-09-30,688569,铁科轨道,XSHG,active,C37铁路、船舶、航空航天和其他运输设备制造业,证监会行业分类,2026-09-28,baostock
2026-09-30,688570,天玛智控,XSHG,active,C40仪器仪表制造业,证监会行业分类,2026-09-28,baostock
2026-09-30,688571,杭华股份,XSHG,active,C26化学原料和化学制品制造业,证监会行业分类,2026-09-28,baostock
2026-09-30,688573,信宇人,XSHG,active,C35专用设备制造业,证监会行业分类,2026-09-28,baostock
2026-09-30,688575,亚辉龙,XSHG,active,C27医药制造业,证监会行业分类,2026-09-28,baostock
2026-09-30,688576,西山科技,XSHG,active,C35专用设备制造业,证监会行业分类,2026-09-28,baostock
2026-09-30,688577,浙海德曼,XSHG,active,C34通用设备制造业,证监会行业分类,2026-09-28,baostock
2026-09-30,688578,艾力斯,XSHG,active,C27医药制造业,证监会行业分类,2026-09-28,baostock
2026-09-30,688579,地纬智能,XSHG,active,I65软件和信息技术服务业,证监会行业分类,2026-09-28,baostock
2026-09-30,688580,伟思医疗,XSHG,active,C35专用设备制造业,证监会行业分类,2026-09-28,baostock
2026-09-30,688581,安杰思,XSHG,active,C35专用设备制造业,证监会行业分类,2026-09-28,baostock
2026-09-30,688582,芯动联科,XSHG,active,C39计算机、通信和其他电子设备制造业,证监会行业分类,2026-09-28,baostock
2026-09-30,688583,思看科技,XSHG,active,C40仪器仪表制造业,证监会行业分类,2026-09-28,baostock
2026-09-30,688584,上海合晶,XSHG,active,C39计算机、通信和其他电子设备制造业,证监会行业分类,2026-09-28,baostock
2026-09-30,688585,上纬新材,XSHG,active,C26化学原料和化学制品制造业,证监会行业分类,2026-09-28,baostock
2026-09-30,688586,江航装备,XSHG,active,C37铁路、船舶、航空航天和其他运输设备制造业,证监会行业分类,2026-09-28,baostock
2026-09-30,688588,凌志软件,XSHG,active,I65软件和信息技术服务业,证监会行业分类,2026-09-28,baostock
2026-09-30,688589,力合微,XSHG,active,I65软件和信息技术服务业,证监会行业分类,2026-09-28,baostock
2026-09-30,688590,新致软件,XSHG,active,I65软件和信息技术服务业,证监会行业分类,2026-09-28,baostock
2026-09-30,688591,泰凌微,XSHG,active,C39计算机、通信和其他电子设备制造业,证监会行业分类,2026-09-28,baostock
2026-09-30,688592,司南导航,XSHG,active,C39计算机、通信和其他电子设备制造业,证监会行业分类,2026-09-28,baostock
2026-09-30,688593,新相微,XSHG,active,I65软件和信息技术服务业,证监会行业分类,2026-09-28,baostock
2026-09-30,688595,芯海科技,XSHG,active,C39计算机、通信和其他电子设备制造业,证监会行业分类,2026-09-28,baostock
2026-09-30,688596,正帆科技,XSHG,active,C35专用设备制造业,证监会行业分类,2026-09-28,baostock
2026-09-30,688597,煜邦电力,XSHG,active,C40仪器仪表制造业,证监会行业分类,2026-09-28,baostock
2026-09-30,688598,金博股份,XSHG,active,C30非金属矿物制品业,证监会行业分类,2026-09-28,baostock
2026-09-30,688599,天合光能,XSHG,active,C38电气机械和器材制造业,证监会行业分类,2026-09-28,baostock
2026-09-30,688600,皖仪科技,XSHG,active,C40仪器仪表制造业,证监会行业分类,2026-09-28,baostock
2026-09-30,688601,力芯微,XSHG,active,C39计算机、通信和其他电子设备制造业,证监会行业分类,2026-09-28,baostock
2026-09-30,688602,康鹏科技,XSHG,active,C26化学原料和化学制品制造业,证监会行业分类,2026-09-28,baostock
2026-09-30,688603,天承科技,XSHG,active,C39计算机、通信和其他电子设备制造业,证监会行业分类,2026-09-28,baostock
2026-09-30,688605,先锋精科,XSHG,active,C34通用设备制造业,证监会行业分类,2026-09-28,baostock
2026-09-30,688606,奥泰生物,XSHG,active,C27医药制造业,证监会行业分类,2026-09-28,baostock
2026-09-30,688607,康众科技,XSHG,active,C35专用设备制造业,证监会行业分类,2026-09-28,baostock
2026-09-30,688608,恒玄科技,XSHG,active,C39计算机、通信和其他电子设备制造业,证监会行业分类,2026-09-28,baostock
2026-09-30,688609,九联科技,XSHG,active,C39计算机、通信和其他电子设备制造业,证监会行业分类,2026-09-28,baostock
2026-09-30,688610,埃科光电,XSHG,active,C40仪器仪表制造业,证监会行业分类,2026-09-28,baostock
2026-09-30,688611,杭州柯林,XSHG,active,C38电气机械和器材制造业,证监会行业分类,2026-09-28,baostock
2026-09-30,688612,威迈斯,XSHG,active,C36汽车制造业,证监会行业分类,2026-09-28,baostock
2026-09-30,688613,奥精医疗,XSHG,active,C35专用设备制造业,证监会行业分类,2026-09-28,baostock
2026-09-30,688615,合合信息,XSHG,active,I65软件和信息技术服务业,证监会行业分类,2026-09-28,baostock
2026-09-30,688616,西力科技,XSHG,active,C40仪器仪表制造业,证监会行业分类,2026-09-28,baostock
2026-09-30,688617,惠泰医疗,XSHG,active,C35专用设备制造业,证监会行业分类,2026-09-28,baostock
2026-09-30,688618,三旺通信,XSHG,active,C39计算机、通信和其他电子设备制造业,证监会行业分类,2026-09-28,baostock
2026-09-30,688619,罗普特,XSHG,active,I65软件和信息技术服务业,证监会行业分类,2026-09-28,baostock
2026-09-30,688620,安凯微,XSHG,active,C39计算机、通信和其他电子设备制造业,证监会行业分类,2026-09-28,baostock
2026-09-30,688621,阳光诺和,XSHG,active,M73研究和试验发展,证监会行业分类,2026-09-28,baostock
2026-09-30,688622,*ST禾信,XSHG,active,C40仪器仪表制造业,证监会行业分类,2026-09-28,baostock
2026-09-30,688623,双元科技,XSHG,active,C35专用设备制造业,证监会行业分类,2026-09-28,baostock
2026-09-30,688625,呈和科技,XSHG,active,C26化学原料和化学制品制造业,证监会行业分类,2026-09-28,baostock
2026-09-30,688626,翔宇医疗,XSHG,active,C35专用设备制造业,证监会行业分类,2026-09-28,baostock
2026-09-30,688627,精智达,XSHG,active,C35专用设备制造业,证监会行业分类,2026-09-28,baostock
2026-09-30,688628,优利德,XSHG,active,C40仪器仪表制造业,证监会行业分类,2026-09-28,baostock
2026-09-30,688629,华丰科技,XSHG,active,C39计算机、通信和其他电子设备制造业,证监会行业分类,2026-09-28,baostock
2026-09-30,688630,芯碁微装,XSHG,active,C35专用设备制造业,证监会行业分类,2026-09-28,baostock
2026-09-30,688631,莱斯信息,XSHG,active,I65软件和信息技术服务业,证监会行业分类,2026-09-28,baostock
2026-09-30,688633,星球石墨,XSHG,active,C35专用设备制造业,证监会行业分类,2026-09-28,baostock
2026-09-30,688635,长进光子,XSHG,active,C39计算机、通信和其他电子设备制造业,证监会行业分类,2026-09-28,baostock
2026-09-30,688636,智明达,XSHG,active,C39计算机、通信和其他电子设备制造业,证监会行业分类,2026-09-28,baostock
2026-09-30,688638,誉辰智能,XSHG,active,C35专用设备制造业,证监会行业分类,2026-09-28,baostock
2026-09-30,688639,华恒生物,XSHG,active,C26化学原料和化学制品制造业,证监会行业分类,2026-09-28,baostock
2026-09-30,688646,逸飞激光,XSHG,active,C35专用设备制造业,证监会行业分类,2026-09-28,baostock
2026-09-30,688648,中邮科技,XSHG,active,C34通用设备制造业,证监会行业分类,2026-09-28,baostock
2026-09-30,688651,盛邦安全,XSHG,active,I65软件和信息技术服务业,证监会行业分类,2026-09-28,baostock
2026-09-30,688652,京仪装备,XSHG,active,C35专用设备制造业,证监会行业分类,2026-09-28,baostock
2026-09-30,688653,康希通信,XSHG,active,C39计算机、通信和其他电子设备制造业,证监会行业分类,2026-09-28,baostock
2026-09-30,688655,迅捷兴,XSHG,active,C39计算机、通信和其他电子设备制造业,证监会行业分类,2026-09-28,baostock
2026-09-30,688656,浩欧博,XSHG,active,C27医药制造业,证监会行业分类,2026-09-28,baostock
2026-09-30,688657,浩辰软件,XSHG,active,I65软件和信息技术服务业,证监会行业分类,2026-09-28,baostock
2026-09-30,688658,悦康药业,XSHG,active,C27医药制造业,证监会行业分类,2026-09-28,baostock
2026-09-30,688659,元琛科技,XSHG,active,C26化学原料和化学制品制造业,证监会行业分类,2026-09-28,baostock
2026-09-30,688660,电气风电,XSHG,active,C34通用设备制造业,证监会行业分类,2026-09-28,baostock
2026-09-30,688661,和林微纳,XSHG,active,C39计算机、通信和其他电子设备制造业,证监会行业分类,2026-09-28,baostock
2026-09-30,688662,富信科技,XSHG,active,C39计算机、通信和其他电子设备制造业,证监会行业分类,2026-09-28,baostock
2026-09-30,688663,新风光,XSHG,active,C38电气机械和器材制造业,证监会行业分类,2026-09-28,baostock
2026-09-30,688665,四方光电,XSHG,active,C39计算机、通信和其他电子设备制造业,证监会行业分类,2026-09-28,baostock
2026-09-30,688667,菱电电控,XSHG,active,C39计算机、通信和其他电子设备制造业,证监会行业分类,2026-09-28,baostock
2026-09-30,688668,鼎通科技,XSHG,active,C39计算机、通信和其他电子设备制造业,证监会行业分类,2026-09-28,baostock
2026-09-30,688669,聚石化学,XSHG,active,C29橡胶和塑料制品业,证监会行业分类,2026-09-28,baostock
2026-09-30,688670,金迪克,XSHG,active,C27医药制造业,证监会行业分类,2026-09-28,baostock
2026-09-30,688671,碧兴物联,XSHG,active,C40仪器仪表制造业,证监会行业分类,2026-09-28,baostock
2026-09-30,688676,金盘科技,XSHG,active,C38电气机械和器材制造业,证监会行业分类,2026-09-28,baostock
2026-09-30,688677,海泰新光,XSHG,active,C35专用设备制造业,证监会行业分类,2026-09-28,baostock
2026-09-30,688678,福立旺,XSHG,active,C34通用设备制造业,证监会行业分类,2026-09-28,baostock
2026-09-30,688679,通源环境,XSHG,active,N77生态保护和环境治理业,证监会行业分类,2026-09-28,baostock
2026-09-30,688680,海优新材,XSHG,active,C29橡胶和塑料制品业,证监会行业分类,2026-09-28,baostock
2026-09-30,688681,科汇股份,XSHG,active,C38电气机械和器材制造业,证监会行业分类,2026-09-28,baostock
2026-09-30,688682,霍莱沃,XSHG,active,I65软件和信息技术服务业,证监会行业分类,2026-09-28,baostock
2026-09-30,688683,莱尔科技,XSHG,active,C39计算机、通信和其他电子设备制造业,证监会行业分类,2026-09-28,baostock
2026-09-30,688685,迈信林,XSHG,active,C37铁路、船舶、航空航天和其他运输设备制造业,证监会行业分类,2026-09-28,baostock
2026-09-30,688686,奥普特,XSHG,active,C40仪器仪表制造业,证监会行业分类,2026-09-28,baostock
2026-09-30,688687,凯因科技,XSHG,active,C27医药制造业,证监会行业分类,2026-09-28,baostock
2026-09-30,688689,银河微电,XSHG,active,C39计算机、通信和其他电子设备制造业,证监会行业分类,2026-09-28,baostock
2026-09-30,688690,纳微科技,XSHG,active,C26化学原料和化学制品制造业,证监会行业分类,2026-09-28,baostock
2026-09-30,688691,灿芯股份,XSHG,active,I65软件和信息技术服务业,证监会行业分类,2026-09-28,baostock
2026-09-30,688692,达梦数据,XSHG,active,I65软件和信息技术服务业,证监会行业分类,2026-09-28,baostock
2026-09-30,688693,锴威特,XSHG,active,C39计算机、通信和其他电子设备制造业,证监会行业分类,2026-09-28,baostock
2026-09-30,688695,中创股份,XSHG,active,I65软件和信息技术服务业,证监会行业分类,2026-09-28,baostock
2026-09-30,688696,极米科技,XSHG,active,C39计算机、通信和其他电子设备制造业,证监会行业分类,2026-09-28,baostock
2026-09-30,688697,纽威数控,XSHG,active,C34通用设备制造业,证监会行业分类,2026-09-28,baostock
2026-09-30,688698,伟创电气,XSHG,active,C40仪器仪表制造业,证监会行业分类,2026-09-28,baostock
2026-09-30,688699,明微电子,XSHG,active,I65软件和信息技术服务业,证监会行业分类,2026-09-28,baostock
2026-09-30,688700,东威科技,XSHG,active,C35专用设备制造业,证监会行业分类,2026-09-28,baostock
2026-09-30,688701,卓锦股份,XSHG,active,N77生态保护和环境治理业,证监会行业分类,2026-09-28,baostock
2026-09-30,688702,盛科通信,XSHG,active,I65软件和信息技术服务业,证监会行业分类,2026-09-28,baostock
2026-09-30,688707,振华新材,XSHG,active,C39计算机、通信和其他电子设备制造业,证监会行业分类,2026-09-28,baostock
2026-09-30,688708,佳驰科技,XSHG,active,C41其他制造业,证监会行业分类,2026-09-28,baostock
2026-09-30,688709,成都华微,XSHG,active,C39计算机、通信和其他电子设备制造业,证监会行业分类,2026-09-28,baostock
2026-09-30,688710,益诺思,XSHG,active,M73研究和试验发展,证监会行业分类,2026-09-28,baostock
2026-09-30,688711,宏微科技,XSHG,active,C39计算机、通信和其他电子设备制造业,证监会行业分类,2026-09-28,baostock
2026-09-30,688712,北芯生命,XSHG,active,C35专用设备制造业,证监会行业分类,2026-09-28,baostock
2026-09-30,688716,中研股份,XSHG,active,C26化学原料和化学制品制造业,证监会行业分类,2026-09-28,baostock
2026-09-30,688717,艾罗能源,XSHG,active,C38电气机械和器材制造业,证监会行业分类,2026-09-28,baostock
2026-09-30,688718,唯赛勃,XSHG,active,C35专用设备制造业,证监会行业分类,2026-09-28,baostock
2026-09-30,688719,爱科赛博,XSHG,active,C38电气机械和器材制造业,证监会行业分类,2026-09-28,baostock
2026-09-30,688720,艾森股份,XSHG,active,C39计算机、通信和其他电子设备制造业,证监会行业分类,2026-09-28,baostock
2026-09-30,688721,龙图光罩,XSHG,active,C39计算机、通信和其他电子设备制造业,证监会行业分类,2026-09-28,baostock
2026-09-30,688722,同益中,XSHG,active,C28化学纤维制造业,证监会行业分类,2026-09-28,baostock
2026-09-30,688726,拉普拉斯,XSHG,active,C38电气机械和器材制造业,证监会行业分类,2026-09-28,baostock
2026-09-30,688727,恒坤新材,XSHG,active,C39计算机、通信和其他电子设备制造业,证监会行业分类,2026-09-28,baostock
2026-09-30,688728,格科微,XSHG,active,C39计算机、通信和其他电子设备制造业,证监会行业分类,2026-09-28,baostock
2026-09-30,688729,屹唐股份,XSHG,active,C35专用设备制造业,证监会行业分类,2026-09-28,baostock
2026-09-30,688733,壹石通,XSHG,active,C39计算机、通信和其他电子设备制造业,证监会行业分类,2026-09-28,baostock
2026-09-30,688737,中自科技,XSHG,active,C26化学原料和化学制品制造业,证监会行业分类,2026-09-28,baostock
2026-09-30,688739,成大生物,XSHG,active,C27医药制造业,证监会行业分类,2026-09-28,baostock
2026-09-30,688750,金天钛业,XSHG,active,C32有色金属冶炼和压延加工业,证监会行业分类,2026-09-28,baostock
2026-09-30,688755,汉邦科技,XSHG,active,C35专用设备制造业,证监会行业分类,2026-09-28,baostock
2026-09-30,688757,胜科纳米,XSHG,active,M74专业技术服务业,证监会行业分类,2026-09-28,baostock
2026-09-30,688758,赛分科技,XSHG,active,C26化学原料和化学制品制造业,证监会行业分类,2026-09-28,baostock
2026-09-30,688759,必贝特,XSHG,active,C27医药制造业,证监会行业分类,2026-09-28,baostock
2026-09-30,688765,禾元生物,XSHG,active,C27医药制造业,证监会行业分类,2026-09-28,baostock
2026-09-30,688766,普冉股份,XSHG,active,C39计算机、通信和其他电子设备制造业,证监会行业分类,2026-09-28,baostock
2026-09-30,688767,博拓生物,XSHG,active,C27医药制造业,证监会行业分类,2026-09-28,baostock
2026-09-30,688768,容知日新,XSHG,active,C40仪器仪表制造业,证监会行业分类,2026-09-28,baostock
2026-09-30,688772,珠海冠宇,XSHG,active,C38电气机械和器材制造业,证监会行业分类,2026-09-28,baostock
2026-09-30,688775,影石创新,XSHG,active,C39计算机、通信和其他电子设备制造业,证监会行业分类,2026-09-28,baostock
2026-09-30,688776,国光电气,XSHG,active,C39计算机、通信和其他电子设备制造业,证监会行业分类,2026-09-28,baostock
2026-09-30,688777,中控技术,XSHG,active,I65软件和信息技术服务业,证监会行业分类,2026-09-28,baostock
2026-09-30,688778,厦钨新能,XSHG,active,C39计算机、通信和其他电子设备制造业,证监会行业分类,2026-09-28,baostock
2026-09-30,688779,五矿新能,XSHG,active,C39计算机、通信和其他电子设备制造业,证监会行业分类,2026-09-28,baostock
2026-09-30,688781,视涯科技,XSHG,active,C39计算机、通信和其他电子设备制造业,证监会行业分类,2026-09-28,baostock
2026-09-30,688783,西安奕材,XSHG,active,C39计算机、通信和其他电子设备制造业,证监会行业分类,2026-09-28,baostock
2026-09-30,688785,恒运昌,XSHG,active,C35专用设备制造业,证监会行业分类,2026-09-28,baostock
2026-09-30,688786,悦安新材,XSHG,active,C33金属制品业,证监会行业分类,2026-09-28,baostock
2026-09-30,688787,海天瑞声,XSHG,active,I65软件和信息技术服务业,证监会行业分类,2026-09-28,baostock
2026-09-30,688788,科思科技,XSHG,active,C39计算机、通信和其他电子设备制造业,证监会行业分类,2026-09-28,baostock
2026-09-30,688789,宏华数科,XSHG,active,C35专用设备制造业,证监会行业分类,2026-09-28,baostock
2026-09-30,688790,昂瑞微,XSHG,active,C39计算机、通信和其他电子设备制造业,证监会行业分类,2026-09-28,baostock
2026-09-30,688793,倍轻松,XSHG,active,C38电气机械和器材制造业,证监会行业分类,2026-09-28,baostock
2026-09-30,688795,摩尔线程,XSHG,active,C39计算机、通信和其他电子设备制造业,证监会行业分类,2026-09-28,baostock
2026-09-30,688796,百奥赛图,XSHG,active,M73研究和试验发展,证监会行业分类,2026-09-28,baostock
2026-09-30,688797,臻宝科技,XSHG,active,C39计算机、通信和其他电子设备制造业,证监会行业分类,2026-09-28,baostock
2026-09-30,688798,艾为电子,XSHG,active,C39计算机、通信和其他电子设备制造业,证监会行业分类,2026-09-28,baostock
2026-09-30,688799,华纳药厂,XSHG,active,C27医药制造业,证监会行业分类,2026-09-28,baostock
2026-09-30,688800,瑞可达,XSHG,active,C39计算机、通信和其他电子设备制造业,证监会行业分类,2026-09-28,baostock
2026-09-30,688801,燧原科技,XSHG,active,I65软件和信息技术服务业,证监会行业分类,2026-09-28,baostock
2026-09-30,688802,沐曦股份,XSHG,active,C39计算机、通信和其他电子设备制造业,证监会行业分类,2026-09-28,baostock
2026-09-30,688805,健信超导,XSHG,active,C35专用设备制造业,证监会行业分类,2026-09-28,baostock
2026-09-30,688806,泰诺麦博,XSHG,active,C27医药制造业,证监会行业分类,2026-09-28,baostock
2026-09-30,688807,优迅股份,XSHG,active,C39计算机、通信和其他电子设备制造业,证监会行业分类,2026-09-28,baostock
2026-09-30,688808,联讯仪器,XSHG,active,C40仪器仪表制造业,证监会行业分类,2026-09-28,baostock
2026-09-30,688809,强一股份,XSHG,active,C39计算机、通信和其他电子设备制造业,证监会行业分类,2026-09-28,baostock
2026-09-30,688811,有研复材,XSHG,active,C32有色金属冶炼和压延加工业,证监会行业分类,2026-09-28,baostock
2026-09-30,688813,泰金新能,XSHG,active,C35专用设备制造业,证监会行业分类,2026-09-28,baostock
2026-09-30,688816,易思维,XSHG,active,C40仪器仪表制造业,证监会行业分类,2026-09-28,baostock
2026-09-30,688818,电科蓝天,XSHG,active,C37铁路、船舶、航空航天和其他运输设备制造业,证监会行业分类,2026-09-28,baostock
2026-09-30,688819,天能股份,XSHG,active,C38电气机械和器材制造业,证监会行业分类,2026-09-28,baostock
2026-09-30,688820,盛合晶微,XSHG,active,C39计算机、通信和其他电子设备制造业,证监会行业分类,2026-09-28,baostock
2026-09-30,688825,长鑫科技,XSHG,active,C39计算机、通信和其他电子设备制造业,证监会行业分类,2026-09-28,baostock
2026-09-30,688826,频准激光,XSHG,active,C39计算机、通信和其他电子设备制造业,证监会行业分类,2026-09-28,baostock
2026-09-30,688828,国仪公司,XSHG,active,C40仪器仪表制造业,证监会行业分类,2026-09-28,baostock
2026-09-30,688835,高凯技术,XSHG,active,C35专用设备制造业,证监会行业分类,2026-09-28,baostock
2026-09-30,688836,宇树科技,XSHG,active,C34通用设备制造业,证监会行业分类,2026-09-28,baostock
2026-09-30,688837,信诺维,XSHG,active,C27医药制造业,证监会行业分类,2026-09-28,baostock
2026-09-30,688981,中芯国际,XSHG,active,C39计算机、通信和其他电子设备制造业,证监会行业分类,2026-09-28,baostock
2026-09-30,689009,九号公司,XSHG,active,C39计算机、通信和其他电子设备制造业,证监会行业分类,2026-09-28,baostock
